Symbol,Price,Price Chg %,OI,OI Chg %,PCR,ATM Straddle %,IV Chg,IV Chg %,Fut OI,Fut OI Chg,Fut OI Chg %,Fut Buildup,Volume,Volume Chg %,Report_Type,Source_File
KAYNES,3137.0,-110.4,3324600.0,-2.04,,,,,,,,,370200.0,-48.05,VOLUME_OI,VolumeAndOISpikesScans_28JUL26_Report_24_7_2026.xlsx
INFY,1033.2,-17.6,79588800.0,-1.49,,,,,,,,,19251600.0,-50.99,VOLUME_OI,VolumeAndOISpikesScans_28JUL26_Report_24_7_2026.xlsx
NUVAMA,2045.5,97.3,1087000.0,-2.77,,,,,,,,,419500.0,-56.23,VOLUME_OI,VolumeAndOISpikesScans_28JUL26_Report_24_7_2026.xlsx
SWIGGY,242.41,-19.03,31222100.0,2.34,,,,,,,,,7736175.0,-61.31,VOLUME_OI,VolumeAndOISpikesScans_28JUL26_Report_24_7_2026.xlsx
MOTILALOFS,890.85,-51.65,4343875.0,1.72,,,,,,,,,814525.0,-63.1,VOLUME_OI,VolumeAndOISpikesScans_28JUL26_Report_24_7_2026.xlsx
INDIGO,4904.5,-121.5,3863400.0,1.7,,,,,,,,,880950.0,-67.63,VOLUME_OI,VolumeAndOISpikesScans_28JUL26_Report_24_7_2026.xlsx
MPHASIS,2262.0,31.4,3317325.0,-3.13,,,,,,,,,742500.0,-70.26,VOLUME_OI,VolumeAndOISpikesScans_28JUL26_Report_24_7_2026.xlsx
BIOCON,430.4,-4.65,35970000.0,2.09,,,,,,,,,3892500.0,-71.05,VOLUME_OI,VolumeAndOISpikesScans_28JUL26_Report_24_7_2026.xlsx
EXIDEIND,444.0,4.3,17955000.0,0.45,,,,,,,,,1092600.0,-71.19,VOLUME_OI,VolumeAndOISpikesScans_28JUL26_Report_24_7_2026.xlsx
DALBHARAT,1844.6,-10.0,3750825.0,-2.82,,,,,,,,,368875.0,-72.84,VOLUME_OI,VolumeAndOISpikesScans_28JUL26_Report_24_7_2026.xlsx
ICICIGI,1667.1,48.1,4584775.0,3.27,,,,,,,,,626600.0,-75.36,VOLUME_OI,VolumeAndOISpikesScans_28JUL26_Report_24_7_2026.xlsx
NBCC,92.07,-1.1,82056000.0,1.77,,,,,,,,,4829500.0,-75.49,VOLUME_OI,VolumeAndOISpikesScans_28JUL26_Report_24_7_2026.xlsx
KFINTECH,865.1,-1.8,4292375.0,-0.59,,,,,,,,,315675.0,-77.6,VOLUME_OI,VolumeAndOISpikesScans_28JUL26_Report_24_7_2026.xlsx
HCLTECH,1255.4,8.8,23301600.0,0.93,,,,,,,,,2193600.0,-78.72,VOLUME_OI,VolumeAndOISpikesScans_28JUL26_Report_24_7_2026.xlsx
LT,3745.1,-48.2,10137575.0,3.3,,,,,,,,,517125.0,-79.14,VOLUME_OI,VolumeAndOISpikesScans_28JUL26_Report_24_7_2026.xlsx
MAZDOCK,2290.0,-10.0,3485925.0,-3.26,,,,,,,,,394650.0,-79.7,VOLUME_OI,VolumeAndOISpikesScans_28JUL26_Report_24_7_2026.xlsx
360ONE,1075.2,-9.2,2884000.0,0.14,,,,,,,,,473000.0,-81.41,VOLUME_OI,VolumeAndOISpikesScans_28JUL26_Report_24_7_2026.xlsx
CAMS,757.5,-1.35,5711475.0,-0.03,,,,,,,,,273900.0,-82.08,VOLUME_OI,VolumeAndOISpikesScans_28JUL26_Report_24_7_2026.xlsx
BDL,1227.8,-8.1,6358000.0,-1.57,,,,,,,,,359550.0,-82.41,VOLUME_OI,VolumeAndOISpikesScans_28JUL26_Report_24_7_2026.xlsx
KALYANKJIL,580.0,-7.15,24914250.0,1.37,,,,,,,,,1588950.0,-82.56,VOLUME_OI,VolumeAndOISpikesScans_28JUL26_Report_24_7_2026.xlsx
SONACOMS,736.0,14.7,11702425.0,-0.23,,,,,,,,,1685600.0,-83.13,VOLUME_OI,VolumeAndOISpikesScans_28JUL26_Report_24_7_2026.xlsx
BRITANNIA,5343.0,-46.0,1405125.0,3.86,,,,,,,,,162500.0,-83.43,VOLUME_OI,VolumeAndOISpikesScans_28JUL26_Report_24_7_2026.xlsx
BANKNIFTY,56250.2,-415.2,1792890.0,-0.7,,,,,,,,,107550.0,-83.51,VOLUME_OI,VolumeAndOISpikesScans_28JUL26_Report_24_7_2026.xlsx
OBEROIRLTY,1801.7,-11.8,4690700.0,-1.29,,,,,,,,,395500.0,-83.54,VOLUME_OI,VolumeAndOISpikesScans_28JUL26_Report_24_7_2026.xlsx
TATAELXSI,3413.0,12.2,2671875.0,-2.06,,,,,,,,,155750.0,-83.71,VOLUME_OI,VolumeAndOISpikesScans_28JUL26_Report_24_7_2026.xlsx
RECLTD,358.2,0.2,31466925.0,0.64,,,,,,,,,1682100.0,-84.28,VOLUME_OI,VolumeAndOISpikesScans_28JUL26_Report_24_7_2026.xlsx
DIXON,13632.0,-186.0,1508900.0,-0.56,,,,,,,,,103800.0,-84.31,VOLUME_OI,VolumeAndOISpikesScans_28JUL26_Report_24_7_2026.xlsx
TECHM,1556.0,-5.5,14148600.0,1.0,,,,,,,,,1135200.0,-84.72,VOLUME_OI,VolumeAndOISpikesScans_28JUL26_Report_24_7_2026.xlsx
ANGELONE,305.2,-1.5,19405000.0,-0.39,,,,,,,,,1540000.0,-84.85,VOLUME_OI,VolumeAndOISpikesScans_28JUL26_Report_24_7_2026.xlsx
AMBUJACEM,418.9,-4.4,54002400.0,-0.04,,,,,,,,,2960400.0,-85.0,VOLUME_OI,VolumeAndOISpikesScans_28JUL26_Report_24_7_2026.xlsx
CDSL,1315.2,-9.0,7728725.0,-0.8,,,,,,,,,356725.0,-85.5,VOLUME_OI,VolumeAndOISpikesScans_28JUL26_Report_24_7_2026.xlsx
WIPRO,172.31,-1.07,191802000.0,-0.04,,,,,,,,,15105000.0,-85.71,VOLUME_OI,VolumeAndOISpikesScans_28JUL26_Report_24_7_2026.xlsx
AMBER,7322.0,-122.0,1054500.0,-0.99,,,,,,,,,60400.0,-86.06,VOLUME_OI,VolumeAndOISpikesScans_28JUL26_Report_24_7_2026.xlsx
SENSEX,75800.0,-665.55,39640.0,2.38,,,,,,,,,3320.0,-86.1,VOLUME_OI,VolumeAndOISpikesScans_28JUL26_Report_24_7_2026.xlsx
UNITDSPR,1455.6,35.9,5535200.0,0.76,,,,,,,,,588400.0,-86.1,VOLUME_OI,VolumeAndOISpikesScans_28JUL26_Report_24_7_2026.xlsx
CGPOWER,887.0,4.4,13493750.0,-0.53,,,,,,,,,1381250.0,-86.12,VOLUME_OI,VolumeAndOISpikesScans_28JUL26_Report_24_7_2026.xlsx
IEX,122.32,0.48,62022300.0,-0.35,,,,,,,,,2305500.0,-86.18,VOLUME_OI,VolumeAndOISpikesScans_28JUL26_Report_24_7_2026.xlsx
NAUKRI,1163.0,-2.65,9639850.0,1.36,,,,,,,,,547800.0,-86.41,VOLUME_OI,VolumeAndOISpikesScans_28JUL26_Report_24_7_2026.xlsx
RBLBANK,351.05,-3.05,35518725.0,-0.84,,,,,,,,,1651000.0,-86.41,VOLUME_OI,VolumeAndOISpikesScans_28JUL26_Report_24_7_2026.xlsx
ABCAPITAL,385.85,-6.35,24682200.0,0.54,,,,,,,,,1670900.0,-86.64,VOLUME_OI,VolumeAndOISpikesScans_28JUL26_Report_24_7_2026.xlsx
DELHIVERY,464.0,-1.7,18328475.0,-0.16,,,,,,,,,786425.0,-86.7,VOLUME_OI,VolumeAndOISpikesScans_28JUL26_Report_24_7_2026.xlsx
RVNL,223.51,-1.04,27937525.0,-1.66,,,,,,,,,1289750.0,-86.73,VOLUME_OI,VolumeAndOISpikesScans_28JUL26_Report_24_7_2026.xlsx
DRREDDY,1147.4,-16.8,9346250.0,0.99,,,,,,,,,1358125.0,-86.76,VOLUME_OI,VolumeAndOISpikesScans_28JUL26_Report_24_7_2026.xlsx
MUTHOOTFIN,2939.3,-72.1,5009125.0,1.17,,,,,,,,,267850.0,-86.93,VOLUME_OI,VolumeAndOISpikesScans_28JUL26_Report_24_7_2026.xlsx
LAURUSLABS,1571.3,2.5,8495750.0,-1.59,,,,,,,,,635800.0,-87.1,VOLUME_OI,VolumeAndOISpikesScans_28JUL26_Report_24_7_2026.xlsx
KEI,4852.5,-57.0,1360625.0,-0.33,,,,,,,,,91525.0,-87.19,VOLUME_OI,VolumeAndOISpikesScans_28JUL26_Report_24_7_2026.xlsx
CROMPTON,243.8,-6.15,40267350.0,1.01,,,,,,,,,1846850.0,-87.34,VOLUME_OI,VolumeAndOISpikesScans_28JUL26_Report_24_7_2026.xlsx
MANAPPURAM,349.05,-4.4,47622000.0,0.08,,,,,,,,,2145000.0,-87.37,VOLUME_OI,VolumeAndOISpikesScans_28JUL26_Report_24_7_2026.xlsx
UPL,601.05,-5.2,20242345.0,1.13,,,,,,,,,701890.0,-87.38,VOLUME_OI,VolumeAndOISpikesScans_28JUL26_Report_24_7_2026.xlsx
PGEL,569.2,-7.75,8812200.0,-1.13,,,,,,,,,499700.0,-87.51,VOLUME_OI,VolumeAndOISpikesScans_28JUL26_Report_24_7_2026.xlsx
INOXWIND,75.31,-1.04,72275200.0,-1.0,,,,,,,,,2777600.0,-87.69,VOLUME_OI,VolumeAndOISpikesScans_28JUL26_Report_24_7_2026.xlsx
KPITTECH,550.25,-2.35,10357100.0,-1.76,,,,,,,,,764150.0,-87.71,VOLUME_OI,VolumeAndOISpikesScans_28JUL26_Report_24_7_2026.xlsx
FINNIFTY,25850.0,-194.6,26940.0,1.35,,,,,,,,,1140.0,-88.05,VOLUME_OI,VolumeAndOISpikesScans_28JUL26_Report_24_7_2026.xlsx
LICI,421.0,-1.65,16489200.0,-0.57,,,,,,,,,609000.0,-88.05,VOLUME_OI,VolumeAndOISpikesScans_28JUL26_Report_24_7_2026.xlsx
FORCEMOT,17608.0,161.0,157750.0,-4.38,,,,,,,,,18800.0,-88.13,VOLUME_OI,VolumeAndOISpikesScans_28JUL26_Report_24_7_2026.xlsx
SRF,2663.3,36.0,2700600.0,-4.82,,,,,,,,,384400.0,-88.16,VOLUME_OI,VolumeAndOISpikesScans_28JUL26_Report_24_7_2026.xlsx
NIFTY,23699.9,-173.7,11899680.0,0.77,,,,,,,,,618150.0,-88.23,VOLUME_OI,VolumeAndOISpikesScans_28JUL26_Report_24_7_2026.xlsx
TCS,2248.2,4.0,25778025.0,1.42,,,,,,,,,1616625.0,-88.48,VOLUME_OI,VolumeAndOISpikesScans_28JUL26_Report_24_7_2026.xlsx
BEL,403.85,-1.05,68425650.0,1.07,,,,,,,,,2376900.0,-88.53,VOLUME_OI,VolumeAndOISpikesScans_28JUL26_Report_24_7_2026.xlsx
COFORGE,1449.8,9.2,12526225.0,-0.69,,,,,,,,,791825.0,-88.54,VOLUME_OI,VolumeAndOISpikesScans_28JUL26_Report_24_7_2026.xlsx
JIOFIN,231.77,-1.28,99722250.0,-0.7,,,,,,,,,3414550.0,-88.59,VOLUME_OI,VolumeAndOISpikesScans_28JUL26_Report_24_7_2026.xlsx
ULTRACEMCO,11744.0,-150.0,1113800.0,1.26,,,,,,,,,76150.0,-88.65,VOLUME_OI,VolumeAndOISpikesScans_28JUL26_Report_24_7_2026.xlsx
PFC,409.85,-0.25,41952300.0,-0.16,,,,,,,,,1138800.0,-88.74,VOLUME_OI,VolumeAndOISpikesScans_28JUL26_Report_24_7_2026.xlsx
MARUTI,13226.0,-157.0,1626100.0,0.36,,,,,,,,,67450.0,-88.77,VOLUME_OI,VolumeAndOISpikesScans_28JUL26_Report_24_7_2026.xlsx
WAAREEENER,2690.5,-26.4,4897900.0,-1.14,,,,,,,,,295750.0,-88.78,VOLUME_OI,VolumeAndOISpikesScans_28JUL26_Report_24_7_2026.xlsx
YESBANK,22.77,-0.14,899101000.0,0.36,,,,,,,,,22951800.0,-88.82,VOLUME_OI,VolumeAndOISpikesScans_28JUL26_Report_24_7_2026.xlsx
PIIND,2733.5,14.2,2259425.0,0.04,,,,,,,,,109550.0,-88.92,VOLUME_OI,VolumeAndOISpikesScans_28JUL26_Report_24_7_2026.xlsx
BLUESTARCO,1614.5,-24.6,2081625.0,0.23,,,,,,,,,120900.0,-89.11,VOLUME_OI,VolumeAndOISpikesScans_28JUL26_Report_24_7_2026.xlsx
HINDZINC,525.7,-5.75,21780500.0,-0.07,,,,,,,,,656600.0,-89.16,VOLUME_OI,VolumeAndOISpikesScans_28JUL26_Report_24_7_2026.xlsx
POLICYBZR,1512.3,-16.4,8927450.0,-0.01,,,,,,,,,255150.0,-89.19,VOLUME_OI,VolumeAndOISpikesScans_28JUL26_Report_24_7_2026.xlsx
GODFRYPHLP,2039.8,-5.0,1295800.0,-1.36,,,,,,,,,70675.0,-89.2,VOLUME_OI,VolumeAndOISpikesScans_28JUL26_Report_24_7_2026.xlsx
HAVELLS,1209.2,0.6,6654000.0,0.96,,,,,,,,,309500.0,-89.24,VOLUME_OI,VolumeAndOISpikesScans_28JUL26_Report_24_7_2026.xlsx
LUPIN,2383.5,-16.1,3680075.0,1.43,,,,,,,,,247775.0,-89.28,VOLUME_OI,VolumeAndOISpikesScans_28JUL26_Report_24_7_2026.xlsx
MIDCPNIFTY,14305.55,-117.35,1501680.0,1.0,,,,,,,,,92160.0,-89.31,VOLUME_OI,VolumeAndOISpikesScans_28JUL26_Report_24_7_2026.xlsx
TIINDIA,2824.7,-9.2,1381600.0,-0.43,,,,,,,,,83000.0,-89.31,VOLUME_OI,VolumeAndOISpikesScans_28JUL26_Report_24_7_2026.xlsx
TMPV,319.75,-4.9,66369600.0,-0.15,,,,,,,,,2163200.0,-89.33,VOLUME_OI,VolumeAndOISpikesScans_28JUL26_Report_24_7_2026.xlsx
CHOLAFIN,1667.8,-48.8,9152500.0,1.04,,,,,,,,,520625.0,-89.35,VOLUME_OI,VolumeAndOISpikesScans_28JUL26_Report_24_7_2026.xlsx
BANDHANBNK,163.79,-2.4,53434800.0,0.42,,,,,,,,,3207600.0,-89.5,VOLUME_OI,VolumeAndOISpikesScans_28JUL26_Report_24_7_2026.xlsx
NESTLEIND,1460.2,11.1,8569500.0,0.16,,,,,,,,,372000.0,-89.53,VOLUME_OI,VolumeAndOISpikesScans_28JUL26_Report_24_7_2026.xlsx
PRESTIGE,1599.0,-22.3,3258000.0,0.07,,,,,,,,,205650.0,-90.08,VOLUME_OI,VolumeAndOISpikesScans_28JUL26_Report_24_7_2026.xlsx
BSE,3539.9,-35.9,6492800.0,0.05,,,,,,,,,183400.0,-90.11,VOLUME_OI,VolumeAndOISpikesScans_28JUL26_Report_24_7_2026.xlsx
MANKIND,2549.9,-5.3,2129000.0,-0.69,,,,,,,,,97250.0,-90.16,VOLUME_OI,VolumeAndOISpikesScans_28JUL26_Report_24_7_2026.xlsx
GMRAIRPORT,106.28,-1.32,92042100.0,0.54,,,,,,,,,3285225.0,-90.2,VOLUME_OI,VolumeAndOISpikesScans_28JUL26_Report_24_7_2026.xlsx
PHOENIXLTD,1990.6,-50.6,2282700.0,0.26,,,,,,,,,101850.0,-90.31,VOLUME_OI,VolumeAndOISpikesScans_28JUL26_Report_24_7_2026.xlsx
IDEA,12.99,-0.25,3578324400.0,0.56,,,,,,,,,138590025.0,-90.53,VOLUME_OI,VolumeAndOISpikesScans_28JUL26_Report_24_7_2026.xlsx
MCX,2746.0,-8.9,6180075.0,0.36,,,,,,,,,193950.0,-90.59,VOLUME_OI,VolumeAndOISpikesScans_28JUL26_Report_24_7_2026.xlsx
ADANIPORTS,1778.7,-2.2,12135775.0,1.93,,,,,,,,,559075.0,-90.68,VOLUME_OI,VolumeAndOISpikesScans_28JUL26_Report_24_7_2026.xlsx
POLYCAB,8927.5,-41.5,1788750.0,-0.56,,,,,,,,,100375.0,-90.77,VOLUME_OI,VolumeAndOISpikesScans_28JUL26_Report_24_7_2026.xlsx
ABB,7477.5,-67.5,1804250.0,-0.8,,,,,,,,,73125.0,-90.84,VOLUME_OI,VolumeAndOISpikesScans_28JUL26_Report_24_7_2026.xlsx
SHRIRAMFIN,1003.3,-24.4,16850625.0,-0.46,,,,,,,,,890175.0,-90.87,VOLUME_OI,VolumeAndOISpikesScans_28JUL26_Report_24_7_2026.xlsx
GLENMARK,2197.0,-10.2,8698875.0,0.36,,,,,,,,,254625.0,-91.04,VOLUME_OI,VolumeAndOISpikesScans_28JUL26_Report_24_7_2026.xlsx
ADANIPOWER,213.03,0.71,107991000.0,0.19,,,,,,,,,4231600.0,-91.05,VOLUME_OI,VolumeAndOISpikesScans_28JUL26_Report_24_7_2026.xlsx
PAYTM,1256.0,-2.4,17548625.0,-0.22,,,,,,,,,522000.0,-91.15,VOLUME_OI,VolumeAndOISpikesScans_28JUL26_Report_24_7_2026.xlsx
IREDA,118.3,-1.18,45096150.0,-1.5,,,,,,,,,1986475.0,-91.23,VOLUME_OI,VolumeAndOISpikesScans_28JUL26_Report_24_7_2026.xlsx
ASHOKLEY,148.7,-2.16,110860000.0,0.29,,,,,,,,,3505000.0,-91.24,VOLUME_OI,VolumeAndOISpikesScans_28JUL26_Report_24_7_2026.xlsx
ICICIBANK,1424.3,-10.1,70886900.0,0.65,,,,,,,,,2219700.0,-91.29,VOLUME_OI,VolumeAndOISpikesScans_28JUL26_Report_24_7_2026.xlsx
APLAPOLLO,1812.7,-18.1,4383050.0,0.1,,,,,,,,,135100.0,-91.38,VOLUME_OI,VolumeAndOISpikesScans_28JUL26_Report_24_7_2026.xlsx
ADANIGREEN,1382.6,4.4,16558200.0,-0.74,,,,,,,,,844200.0,-91.39,VOLUME_OI,VolumeAndOISpikesScans_28JUL26_Report_24_7_2026.xlsx
VOLTAS,1300.8,-11.5,6257625.0,0.39,,,,,,,,,212625.0,-91.47,VOLUME_OI,VolumeAndOISpikesScans_28JUL26_Report_24_7_2026.xlsx
JINDALSTEL,1034.2,-9.1,9040625.0,0.08,,,,,,,,,288125.0,-91.51,VOLUME_OI,VolumeAndOISpikesScans_28JUL26_Report_24_7_2026.xlsx
BHARTIARTL,1890.4,-20.3,19607050.0,0.07,,,,,,,,,1124325.0,-91.54,VOLUME_OI,VolumeAndOISpikesScans_28JUL26_Report_24_7_2026.xlsx
GODREJPROP,2000.0,-35.3,5447975.0,0.16,,,,,,,,,191100.0,-91.56,VOLUME_OI,VolumeAndOISpikesScans_28JUL26_Report_24_7_2026.xlsx
SOLARINDS,18489.0,-112.0,552950.0,0.21,,,,,,,,,17700.0,-91.56,VOLUME_OI,VolumeAndOISpikesScans_28JUL26_Report_24_7_2026.xlsx
CONCOR,477.35,-3.2,13893750.0,-0.06,,,,,,,,,307500.0,-91.59,VOLUME_OI,VolumeAndOISpikesScans_28JUL26_Report_24_7_2026.xlsx
BANKBARODA,241.45,-1.75,78679575.0,0.08,,,,,,,,,2749500.0,-91.7,VOLUME_OI,VolumeAndOISpikesScans_28JUL26_Report_24_7_2026.xlsx
VBL,453.25,-5.4,36748050.0,-0.15,,,,,,,,,1118175.0,-91.75,VOLUME_OI,VolumeAndOISpikesScans_28JUL26_Report_24_7_2026.xlsx
AUROPHARMA,1542.0,18.0,6129200.0,-1.12,,,,,,,,,225500.0,-91.79,VOLUME_OI,VolumeAndOISpikesScans_28JUL26_Report_24_7_2026.xlsx
GVT&D,4319.5,-10.7,1438625.0,-0.35,,,,,,,,,52125.0,-91.81,VOLUME_OI,VolumeAndOISpikesScans_28JUL26_Report_24_7_2026.xlsx
LTM,3959.4,-13.4,2385900.0,0.91,,,,,,,,,114600.0,-91.86,VOLUME_OI,VolumeAndOISpikesScans_28JUL26_Report_24_7_2026.xlsx
MOTHERSON,143.62,-2.12,109396200.0,-0.44,,,,,,,,,3923700.0,-91.86,VOLUME_OI,VolumeAndOISpikesScans_28JUL26_Report_24_7_2026.xlsx
SHREECEM,26635.0,-135.0,223300.0,-0.16,,,,,,,,,13825.0,-91.93,VOLUME_OI,VolumeAndOISpikesScans_28JUL26_Report_24_7_2026.xlsx
COLPAL,2101.9,8.1,3527975.0,0.83,,,,,,,,,101750.0,-91.94,VOLUME_OI,VolumeAndOISpikesScans_28JUL26_Report_24_7_2026.xlsx
OIL,457.8,-2.15,11527600.0,0.73,,,,,,,,,789600.0,-91.96,VOLUME_OI,VolumeAndOISpikesScans_28JUL26_Report_24_7_2026.xlsx
SUZLON,52.17,-0.34,252907800.0,-0.83,,,,,,,,,13055600.0,-91.99,VOLUME_OI,VolumeAndOISpikesScans_28JUL26_Report_24_7_2026.xlsx
VEDL,261.7,-3.35,50608050.0,-0.41,,,,,,,,,979800.0,-92.02,VOLUME_OI,VolumeAndOISpikesScans_28JUL26_Report_24_7_2026.xlsx
SBICARD,618.0,-4.6,14700800.0,0.73,,,,,,,,,831200.0,-92.05,VOLUME_OI,VolumeAndOISpikesScans_28JUL26_Report_24_7_2026.xlsx
HAL,4549.0,-36.3,3314550.0,-0.08,,,,,,,,,85350.0,-92.08,VOLUME_OI,VolumeAndOISpikesScans_28JUL26_Report_24_7_2026.xlsx
TORNTPHARM,5023.3,-7.0,2486875.0,0.24,,,,,,,,,119125.0,-92.1,VOLUME_OI,VolumeAndOISpikesScans_28JUL26_Report_24_7_2026.xlsx
CIPLA,1429.5,37.5,6542025.0,2.08,,,,,,,,,731000.0,-92.17,VOLUME_OI,VolumeAndOISpikesScans_28JUL26_Report_24_7_2026.xlsx
RELIANCE,1265.8,-7.9,71013000.0,0.36,,,,,,,,,1666000.0,-92.18,VOLUME_OI,VolumeAndOISpikesScans_28JUL26_Report_24_7_2026.xlsx
ETERNAL,280.9,-6.65,94669575.0,0.48,,,,,,,,,5480500.0,-92.21,VOLUME_OI,VolumeAndOISpikesScans_28JUL26_Report_24_7_2026.xlsx
BAJFINANCE,1026.2,-14.4,48442500.0,0.76,,,,,,,,,1288500.0,-92.26,VOLUME_OI,VolumeAndOISpikesScans_28JUL26_Report_24_7_2026.xlsx
TATAPOWER,373.95,-2.05,46324600.0,-0.18,,,,,,,,,696000.0,-92.3,VOLUME_OI,VolumeAndOISpikesScans_28JUL26_Report_24_7_2026.xlsx
IRFC,86.42,-0.6,59951675.0,-1.32,,,,,,,,,2663675.0,-92.31,VOLUME_OI,VolumeAndOISpikesScans_28JUL26_Report_24_7_2026.xlsx
ADANIENT,3022.4,9.3,11288079.0,0.25,,,,,,,,,447432.0,-92.35,VOLUME_OI,VolumeAndOISpikesScans_28JUL26_Report_24_7_2026.xlsx
TRENT,2850.7,-24.7,7065225.0,1.7,,,,,,,,,410850.0,-92.36,VOLUME_OI,VolumeAndOISpikesScans_28JUL26_Report_24_7_2026.xlsx
TATACONSUM,1115.6,7.9,10004500.0,0.76,,,,,,,,,457050.0,-92.38,VOLUME_OI,VolumeAndOISpikesScans_28JUL26_Report_24_7_2026.xlsx
IOC,137.8,-2.27,90631125.0,0.31,,,,,,,,,3661125.0,-92.4,VOLUME_OI,VolumeAndOISpikesScans_28JUL26_Report_24_7_2026.xlsx
HINDPETRO,378.75,-5.9,27211950.0,-0.9,,,,,,,,,1356750.0,-92.42,VOLUME_OI,VolumeAndOISpikesScans_28JUL26_Report_24_7_2026.xlsx
UNIONBANK,168.03,-0.4,89247825.0,0.27,,,,,,,,,2805450.0,-92.42,VOLUME_OI,VolumeAndOISpikesScans_28JUL26_Report_24_7_2026.xlsx
ICICIPRULI,498.35,-2.5,12922250.0,-0.12,,,,,,,,,441225.0,-92.49,VOLUME_OI,VolumeAndOISpikesScans_28JUL26_Report_24_7_2026.xlsx
PAGEIND,40025.0,-230.0,216020.0,1.18,,,,,,,,,8060.0,-92.53,VOLUME_OI,VolumeAndOISpikesScans_28JUL26_Report_24_7_2026.xlsx
ASTRAL,1410.0,-2.4,5431075.0,-0.91,,,,,,,,,240975.0,-92.54,VOLUME_OI,VolumeAndOISpikesScans_28JUL26_Report_24_7_2026.xlsx
BAJAJHLDNG,10739.0,77.0,196200.0,-0.08,,,,,,,,,8775.0,-92.54,VOLUME_OI,VolumeAndOISpikesScans_28JUL26_Report_24_7_2026.xlsx
RADICO,4077.7,22.1,472650.0,-0.51,,,,,,,,,14100.0,-92.56,VOLUME_OI,VolumeAndOISpikesScans_28JUL26_Report_24_7_2026.xlsx
SBIN,1008.0,-6.2,42166500.0,0.22,,,,,,,,,1046250.0,-92.56,VOLUME_OI,VolumeAndOISpikesScans_28JUL26_Report_24_7_2026.xlsx
EICHERMOT,7606.5,-113.5,2291700.0,1.75,,,,,,,,,114300.0,-92.59,VOLUME_OI,VolumeAndOISpikesScans_28JUL26_Report_24_7_2026.xlsx
SUPREMEIND,3405.0,-15.5,1269450.0,-0.62,,,,,,,,,61250.0,-92.6,VOLUME_OI,VolumeAndOISpikesScans_28JUL26_Report_24_7_2026.xlsx
BAJAJ-AUTO,11207.5,-67.0,1666650.0,0.15,,,,,,,,,77025.0,-92.64,VOLUME_OI,VolumeAndOISpikesScans_28JUL26_Report_24_7_2026.xlsx
PERSISTENT,5061.0,56.1,3039750.0,0.45,,,,,,,,,150875.0,-92.7,VOLUME_OI,VolumeAndOISpikesScans_28JUL26_Report_24_7_2026.xlsx
AUBANK,971.2,-6.2,15183000.0,0.33,,,,,,,,,513000.0,-92.77,VOLUME_OI,VolumeAndOISpikesScans_28JUL26_Report_24_7_2026.xlsx
VMM,107.75,-2.2,24735000.0,-1.81,,,,,,,,,2652950.0,-92.81,VOLUME_OI,VolumeAndOISpikesScans_28JUL26_Report_24_7_2026.xlsx
HEROMOTOCO,5035.1,-66.6,3358050.0,0.11,,,,,,,,,205950.0,-92.83,VOLUME_OI,VolumeAndOISpikesScans_28JUL26_Report_24_7_2026.xlsx
COCHINSHIP,1388.5,-6.7,4947200.0,-1.51,,,,,,,,,172000.0,-92.88,VOLUME_OI,VolumeAndOISpikesScans_28JUL26_Report_24_7_2026.xlsx
TITAN,4666.4,-26.5,3701775.0,0.38,,,,,,,,,104825.0,-92.88,VOLUME_OI,VolumeAndOISpikesScans_28JUL26_Report_24_7_2026.xlsx
HDFCLIFE,551.9,0.05,29423900.0,1.17,,,,,,,,,831600.0,-92.9,VOLUME_OI,VolumeAndOISpikesScans_28JUL26_Report_24_7_2026.xlsx
BHEL,405.95,-3.7,51282000.0,0.17,,,,,,,,,1924125.0,-92.92,VOLUME_OI,VolumeAndOISpikesScans_28JUL26_Report_24_7_2026.xlsx
ASIANPAINT,2646.6,-25.7,5261750.0,0.19,,,,,,,,,134250.0,-92.95,VOLUME_OI,VolumeAndOISpikesScans_28JUL26_Report_24_7_2026.xlsx
NTPC,346.45,-2.0,94143000.0,0.07,,,,,,,,,1815000.0,-92.98,VOLUME_OI,VolumeAndOISpikesScans_28JUL26_Report_24_7_2026.xlsx
ADANIENSOL,1697.3,13.4,13433850.0,-0.75,,,,,,,,,564975.0,-93.09,VOLUME_OI,VolumeAndOISpikesScans_28JUL26_Report_24_7_2026.xlsx
INDIANB,818.8,-7.3,12830000.0,0.12,,,,,,,,,362000.0,-93.09,VOLUME_OI,VolumeAndOISpikesScans_28JUL26_Report_24_7_2026.xlsx
TATASTEEL,182.02,-2.34,114653000.0,-0.03,,,,,,,,,3033250.0,-93.11,VOLUME_OI,VolumeAndOISpikesScans_28JUL26_Report_24_7_2026.xlsx
PNB,109.45,-0.65,174096000.0,0.34,,,,,,,,,5816000.0,-93.12,VOLUME_OI,VolumeAndOISpikesScans_28JUL26_Report_24_7_2026.xlsx
DMART,4072.7,23.4,3204450.0,0.0,,,,,,,,,162750.0,-93.18,VOLUME_OI,VolumeAndOISpikesScans_28JUL26_Report_24_7_2026.xlsx
JUBLFOOD,412.5,-1.1,13425000.0,-0.53,,,,,,,,,455000.0,-93.22,VOLUME_OI,VolumeAndOISpikesScans_28JUL26_Report_24_7_2026.xlsx
DABUR,421.3,-1.45,20313750.0,0.88,,,,,,,,,601250.0,-93.24,VOLUME_OI,VolumeAndOISpikesScans_28JUL26_Report_24_7_2026.xlsx
KOTAKBANK,382.75,-1.2,102640000.0,1.3,,,,,,,,,2768000.0,-93.29,VOLUME_OI,VolumeAndOISpikesScans_28JUL26_Report_24_7_2026.xlsx
POWERGRID,289.0,-0.5,39466800.0,0.07,,,,,,,,,999400.0,-93.3,VOLUME_OI,VolumeAndOISpikesScans_28JUL26_Report_24_7_2026.xlsx
IDFCFIRSTB,79.19,-0.71,233321900.0,-0.17,,,,,,,,,6650175.0,-93.36,VOLUME_OI,VolumeAndOISpikesScans_28JUL26_Report_24_7_2026.xlsx
POWERINDIA,32255.0,140.0,375250.0,0.26,,,,,,,,,10100.0,-93.37,VOLUME_OI,VolumeAndOISpikesScans_28JUL26_Report_24_7_2026.xlsx
PATANJALI,335.7,-1.85,21942900.0,-1.34,,,,,,,,,834200.0,-93.43,VOLUME_OI,VolumeAndOISpikesScans_28JUL26_Report_24_7_2026.xlsx
JSWENERGY,550.7,-8.75,14394250.0,-0.26,,,,,,,,,733150.0,-93.47,VOLUME_OI,VolumeAndOISpikesScans_28JUL26_Report_24_7_2026.xlsx
TVSMOTOR,3879.8,-34.9,7434175.0,1.24,,,,,,,,,345450.0,-93.48,VOLUME_OI,VolumeAndOISpikesScans_28JUL26_Report_24_7_2026.xlsx
NIFTYNXT50,71317.2,-504.6,11450.0,-0.87,,,,,,,,,650.0,-93.56,VOLUME_OI,VolumeAndOISpikesScans_28JUL26_Report_24_7_2026.xlsx
GAIL,170.99,-0.83,47317950.0,0.77,,,,,,,,,1806950.0,-93.57,VOLUME_OI,VolumeAndOISpikesScans_28JUL26_Report_24_7_2026.xlsx
BHARATFORG,2155.9,-25.7,4977000.0,0.07,,,,,,,,,206000.0,-93.61,VOLUME_OI,VolumeAndOISpikesScans_28JUL26_Report_24_7_2026.xlsx
SIEMENS,3638.2,-36.7,2530850.0,0.31,,,,,,,,,97475.0,-93.61,VOLUME_OI,VolumeAndOISpikesScans_28JUL26_Report_24_7_2026.xlsx
MAXHEALTH,1076.8,-6.9,6468525.0,0.51,,,,,,,,,265125.0,-93.69,VOLUME_OI,VolumeAndOISpikesScans_28JUL26_Report_24_7_2026.xlsx
ZYDUSLIFE,1115.6,1.3,6127200.0,-0.06,,,,,,,,,219600.0,-93.76,VOLUME_OI,VolumeAndOISpikesScans_28JUL26_Report_24_7_2026.xlsx
HYUNDAI,1942.8,-17.8,3602500.0,-0.42,,,,,,,,,110825.0,-93.78,VOLUME_OI,VolumeAndOISpikesScans_28JUL26_Report_24_7_2026.xlsx
M&M,3182.1,-42.7,10007600.0,0.53,,,,,,,,,352200.0,-93.8,VOLUME_OI,VolumeAndOISpikesScans_28JUL26_Report_24_7_2026.xlsx
UNOMINDA,1110.1,-20.5,2912800.0,0.61,,,,,,,,,126500.0,-93.94,VOLUME_OI,VolumeAndOISpikesScans_28JUL26_Report_24_7_2026.xlsx
BOSCHLTD,41760.0,-520.0,125325.0,-0.46,,,,,,,,,7050.0,-93.96,VOLUME_OI,VolumeAndOISpikesScans_28JUL26_Report_24_7_2026.xlsx
HDFCBANK,741.2,-7.2,143384800.0,0.29,,,,,,,,,4011800.0,-94.09,VOLUME_OI,VolumeAndOISpikesScans_28JUL26_Report_24_7_2026.xlsx
MFSL,1496.1,-11.1,6556800.0,0.77,,,,,,,,,117200.0,-94.12,VOLUME_OI,VolumeAndOISpikesScans_28JUL26_Report_24_7_2026.xlsx
HINDUNILVR,2156.2,-5.0,13912800.0,0.38,,,,,,,,,274500.0,-94.15,VOLUME_OI,VolumeAndOISpikesScans_28JUL26_Report_24_7_2026.xlsx
BPCL,306.0,-3.45,31929825.0,0.3,,,,,,,,,985525.0,-94.17,VOLUME_OI,VolumeAndOISpikesScans_28JUL26_Report_24_7_2026.xlsx
NYKAA,320.8,-3.7,28643750.0,0.39,,,,,,,,,984375.0,-94.21,VOLUME_OI,VolumeAndOISpikesScans_28JUL26_Report_24_7_2026.xlsx
LTF,300.5,-3.95,33504750.0,-0.06,,,,,,,,,1194750.0,-94.23,VOLUME_OI,VolumeAndOISpikesScans_28JUL26_Report_24_7_2026.xlsx
DIVISLAB,7272.0,-6.0,2121400.0,0.36,,,,,,,,,88200.0,-94.33,VOLUME_OI,VolumeAndOISpikesScans_28JUL26_Report_24_7_2026.xlsx
PNBHOUSING,1064.4,-3.6,4885400.0,-0.46,,,,,,,,,142350.0,-94.36,VOLUME_OI,VolumeAndOISpikesScans_28JUL26_Report_24_7_2026.xlsx
CUMMINSIND,5581.0,-14.5,3159800.0,0.51,,,,,,,,,71200.0,-94.39,VOLUME_OI,VolumeAndOISpikesScans_28JUL26_Report_24_7_2026.xlsx
ITC,281.35,-0.3,94057350.0,0.17,,,,,,,,,1995825.0,-94.42,VOLUME_OI,VolumeAndOISpikesScans_28JUL26_Report_24_7_2026.xlsx
ONGC,250.8,-1.35,67032000.0,-0.05,,,,,,,,,1019250.0,-94.5,VOLUME_OI,VolumeAndOISpikesScans_28JUL26_Report_24_7_2026.xlsx
MARICO,851.75,-0.3,7627200.0,0.63,,,,,,,,,300000.0,-94.52,VOLUME_OI,VolumeAndOISpikesScans_28JUL26_Report_24_7_2026.xlsx
HDFCAMC,2485.8,-19.8,3570900.0,-0.25,,,,,,,,,120000.0,-94.56,VOLUME_OI,VolumeAndOISpikesScans_28JUL26_Report_24_7_2026.xlsx
INDHOTEL,716.95,-6.15,16199000.0,0.56,,,,,,,,,514000.0,-94.58,VOLUME_OI,VolumeAndOISpikesScans_28JUL26_Report_24_7_2026.xlsx
CANBK,124.18,-1.24,224140500.0,0.31,,,,,,,,,5724000.0,-94.59,VOLUME_OI,VolumeAndOISpikesScans_28JUL26_Report_24_7_2026.xlsx
PREMIERENE,1016.7,-7.6,4356300.0,-0.33,,,,,,,,,176800.0,-94.62,VOLUME_OI,VolumeAndOISpikesScans_28JUL26_Report_24_7_2026.xlsx
NATIONALUM,342.95,-3.7,35735625.0,0.01,,,,,,,,,804375.0,-94.68,VOLUME_OI,VolumeAndOISpikesScans_28JUL26_Report_24_7_2026.xlsx
PIDILITIND,1556.6,-5.8,4956000.0,0.78,,,,,,,,,100500.0,-94.83,VOLUME_OI,VolumeAndOISpikesScans_28JUL26_Report_24_7_2026.xlsx
COALINDIA,427.1,-1.5,50161950.0,-0.16,,,,,,,,,812700.0,-94.88,VOLUME_OI,VolumeAndOISpikesScans_28JUL26_Report_24_7_2026.xlsx
FEDERALBNK,351.8,-2.75,51610000.0,0.42,,,,,,,,,1625000.0,-95.02,VOLUME_OI,VolumeAndOISpikesScans_28JUL26_Report_24_7_2026.xlsx
AXISBANK,1217.6,-7.3,50996250.0,-0.02,,,,,,,,,735000.0,-95.11,VOLUME_OI,VolumeAndOISpikesScans_28JUL26_Report_24_7_2026.xlsx
LODHA,1134.65,-10.9,9923750.0,-0.26,,,,,,,,,373125.0,-95.11,VOLUME_OI,VolumeAndOISpikesScans_28JUL26_Report_24_7_2026.xlsx
BAJAJFINSV,1870.6,-16.1,6550200.0,0.09,,,,,,,,,162900.0,-95.16,VOLUME_OI,VolumeAndOISpikesScans_28JUL26_Report_24_7_2026.xlsx
SBILIFE,1835.2,-15.2,4306125.0,0.22,,,,,,,,,135750.0,-95.19,VOLUME_OI,VolumeAndOISpikesScans_28JUL26_Report_24_7_2026.xlsx
GODREJCP,1062.8,4.4,7233500.0,0.89,,,,,,,,,154500.0,-95.23,VOLUME_OI,VolumeAndOISpikesScans_28JUL26_Report_24_7_2026.xlsx
PETRONET,269.9,0.8,23408000.0,-0.18,,,,,,,,,532000.0,-95.29,VOLUME_OI,VolumeAndOISpikesScans_28JUL26_Report_24_7_2026.xlsx
BANKINDIA,140.96,-1.43,67730000.0,-0.14,,,,,,,,,1211600.0,-95.51,VOLUME_OI,VolumeAndOISpikesScans_28JUL26_Report_24_7_2026.xlsx
INDUSINDBK,986.0,-17.1,24994200.0,-0.45,,,,,,,,,648200.0,-95.6,VOLUME_OI,VolumeAndOISpikesScans_28JUL26_Report_24_7_2026.xlsx
LICHSGFIN,531.45,-3.25,10517000.0,-1.05,,,,,,,,,278000.0,-95.75,VOLUME_OI,VolumeAndOISpikesScans_28JUL26_Report_24_7_2026.xlsx
ALKEM,5611.0,3.0,1167750.0,0.43,,,,,,,,,17375.0,-96.12,VOLUME_OI,VolumeAndOISpikesScans_28JUL26_Report_24_7_2026.xlsx
INDUSTOWER,387.7,-3.1,64373900.0,0.22,,,,,,,,,807500.0,-96.13,VOLUME_OI,VolumeAndOISpikesScans_28JUL26_Report_24_7_2026.xlsx
NHPC,78.99,-0.6,86812450.0,0.76,,,,,,,,,3787750.0,-96.23,VOLUME_OI,VolumeAndOISpikesScans_28JUL26_Report_24_7_2026.xlsx
FORTIS,940.7,-3.35,6808375.0,0.27,,,,,,,,,134850.0,-96.24,VOLUME_OI,VolumeAndOISpikesScans_28JUL26_Report_24_7_2026.xlsx
OFSS,10809.0,-20.0,991700.0,0.07,,,,,,,,,94100.0,-96.32,VOLUME_OI,VolumeAndOISpikesScans_28JUL26_Report_24_7_2026.xlsx
SAIL,159.85,-0.99,133273200.0,-0.56,,,,,,,,,1950500.0,-96.38,VOLUME_OI,VolumeAndOISpikesScans_28JUL26_Report_24_7_2026.xlsx
SUNPHARMA,1954.6,4.6,9483950.0,0.17,,,,,,,,,164850.0,-96.49,VOLUME_OI,VolumeAndOISpikesScans_28JUL26_Report_24_7_2026.xlsx
GRASIM,3088.5,-24.5,5885250.0,0.26,,,,,,,,,147500.0,-96.52,VOLUME_OI,VolumeAndOISpikesScans_28JUL26_Report_24_7_2026.xlsx
HINDALCO,946.3,-9.6,31250100.0,0.13,,,,,,,,,593600.0,-96.68,VOLUME_OI,VolumeAndOISpikesScans_28JUL26_Report_24_7_2026.xlsx
APOLLOHOSP,8855.5,-11.5,1137750.0,0.92,,,,,,,,,28625.0,-96.71,VOLUME_OI,VolumeAndOISpikesScans_28JUL26_Report_24_7_2026.xlsx
DLF,625.0,-10.4,24967900.0,-0.42,,,,,,,,,568100.0,-96.84,VOLUME_OI,VolumeAndOISpikesScans_28JUL26_Report_24_7_2026.xlsx
NMDC,82.45,-0.32,223310250.0,-0.46,,,,,,,,,4853250.0,-96.85,VOLUME_OI,VolumeAndOISpikesScans_28JUL26_Report_24_7_2026.xlsx
NAM-INDIA,1101.4,-4.3,4195625.0,-0.12,,,,,,,,,93750.0,-97.09,VOLUME_OI,VolumeAndOISpikesScans_28JUL26_Report_24_7_2026.xlsx
JSWSTEEL,1238.5,-7.9,18894600.0,0.16,,,,,,,,,297675.0,-97.7,VOLUME_OI,VolumeAndOISpikesScans_28JUL26_Report_24_7_2026.xlsx
BANKEX,,,,,,,,,,,,,,,VOLUME_OI,VolumeAndOISpikesScans_28JUL26_Report_24_7_2026.xlsx
FOCIT,,,,,,,,,,,,,,,VOLUME_OI,VolumeAndOISpikesScans_28JUL26_Report_24_7_2026.xlsx
