Symbol,Price,Price Chg %,OI,OI Chg %,PCR,ATM Straddle %,IV Chg,IV Chg %,Fut OI,Fut OI Chg,Fut OI Chg %,Fut Buildup,Volume,Volume Chg %,Report_Type,Source_File,NTIS Intraday Score,Trade Bias,Reason,Pattern,Pattern_DNA,Pattern_ID,Historical_Probability,Historical_Confidence,Evidence_Level,Intraday Probability %,Confidence,Final Bias,Validation Signal,Risk Level,Entry Price,Stop Loss,Target
NATIONALUM,416.5,7.51,44248125.0,4.0,,,,,,,,,8060625.0,-2.49,VOLUME_OI,VolumeAndOISpikesScans_25AUG26_Report_12_8_2026.xlsx,40,NEUTRAL,Positive Price Momentum; Fresh OI Buildup,Fresh Long Buildup,NORMALIZATION:1.0|PDNA:1.0|PRICE:PRICE_STRONG_UP|OI:OI_ACCUMULATION|VOLUME:VOLUME_NORMAL|PCR:PCR_NEUTRAL|IV:IV_NORMAL|SCORE:SCORE_NEUTRAL|PATTERN:FRESH LONG BUILDUP|DIRECTION:UNKNOWN,PDNA_A42025FF,50.0,0.0,NEW,75,HIGH,BUY,VALID BUY,MEDIUM,416.5,408.17,433.16
HINDALCO,1088.05,3.06,48071800.0,0.84,,,,,,,,,2127300.0,-58.38,VOLUME_OI,VolumeAndOISpikesScans_25AUG26_Report_12_8_2026.xlsx,20,SELL,Positive Price Momentum,Fresh Long Buildup,NORMALIZATION:1.0|PDNA:1.0|PRICE:PRICE_STRONG_UP|OI:OI_NEUTRAL|VOLUME:VOLUME_CONTRACTION|PCR:PCR_NEUTRAL|IV:IV_NORMAL|SCORE:SCORE_NEUTRAL|PATTERN:FRESH LONG BUILDUP|DIRECTION:UNKNOWN,PDNA_058DABA1,50.0,0.0,NEW,60,MEDIUM,NEUTRAL,WATCH,MEDIUM,1088.05,,
GVT&D,4468.2,1.67,2651000.0,0.35,,,,,,,,,39500.0,-91.36,VOLUME_OI,VolumeAndOISpikesScans_25AUG26_Report_12_8_2026.xlsx,20,SELL,Positive Price Momentum,Fresh Long Buildup,NORMALIZATION:1.0|PDNA:1.0|PRICE:PRICE_UP|OI:OI_NEUTRAL|VOLUME:VOLUME_CONTRACTION|PCR:PCR_NEUTRAL|IV:IV_NORMAL|SCORE:SCORE_NEUTRAL|PATTERN:FRESH LONG BUILDUP|DIRECTION:UNKNOWN,PDNA_7FA62012,50.0,0.0,NEW,60,MEDIUM,NEUTRAL,WATCH,MEDIUM,4468.2,,
HINDZINC,595.3,1.37,27269725.0,0.15,,,,,,,,,487550.0,-93.28,VOLUME_OI,VolumeAndOISpikesScans_25AUG26_Report_12_8_2026.xlsx,20,SELL,Positive Price Momentum,Fresh Long Buildup,NORMALIZATION:1.0|PDNA:1.0|PRICE:PRICE_UP|OI:OI_NEUTRAL|VOLUME:VOLUME_CONTRACTION|PCR:PCR_NEUTRAL|IV:IV_NORMAL|SCORE:SCORE_NEUTRAL|PATTERN:FRESH LONG BUILDUP|DIRECTION:UNKNOWN,PDNA_7FA62012,50.0,0.0,NEW,60,MEDIUM,NEUTRAL,WATCH,MEDIUM,595.3,,
NMDC,85.6,1.01,350068500.0,0.02,,,,,,,,,1167750.0,-91.27,VOLUME_OI,VolumeAndOISpikesScans_25AUG26_Report_12_8_2026.xlsx,20,SELL,Positive Price Momentum,Fresh Long Buildup,NORMALIZATION:1.0|PDNA:1.0|PRICE:PRICE_UP|OI:OI_NEUTRAL|VOLUME:VOLUME_CONTRACTION|PCR:PCR_NEUTRAL|IV:IV_NORMAL|SCORE:SCORE_NEUTRAL|PATTERN:FRESH LONG BUILDUP|DIRECTION:UNKNOWN,PDNA_7FA62012,50.0,0.0,NEW,60,MEDIUM,NEUTRAL,WATCH,MEDIUM,85.6,,
HEROMOTOCO,5898.0,1.24,4710900.0,0.34,,,,,,,,,56700.0,-92.58,VOLUME_OI,VolumeAndOISpikesScans_25AUG26_Report_12_8_2026.xlsx,20,SELL,Positive Price Momentum,Fresh Long Buildup,NORMALIZATION:1.0|PDNA:1.0|PRICE:PRICE_UP|OI:OI_NEUTRAL|VOLUME:VOLUME_CONTRACTION|PCR:PCR_NEUTRAL|IV:IV_NORMAL|SCORE:SCORE_NEUTRAL|PATTERN:FRESH LONG BUILDUP|DIRECTION:UNKNOWN,PDNA_7FA62012,50.0,0.0,NEW,60,MEDIUM,NEUTRAL,WATCH,MEDIUM,5898.0,,
BIOCON,427.5,0.61,48687500.0,0.17,,,,,,,,,282500.0,-87.91,VOLUME_OI,VolumeAndOISpikesScans_25AUG26_Report_12_8_2026.xlsx,0,SELL,,Fresh Long Buildup,NORMALIZATION:1.0|PDNA:1.0|PRICE:PRICE_UP|OI:OI_NEUTRAL|VOLUME:VOLUME_CONTRACTION|PCR:PCR_NEUTRAL|IV:IV_NORMAL|SCORE:SCORE_NEUTRAL|PATTERN:FRESH LONG BUILDUP|DIRECTION:UNKNOWN,PDNA_7FA62012,50.0,0.0,NEW,60,MEDIUM,NEUTRAL,WATCH,MEDIUM,427.5,,
MCX,2928.3,0.82,9239850.0,0.65,,,,,,,,,609075.0,-87.22,VOLUME_OI,VolumeAndOISpikesScans_25AUG26_Report_12_8_2026.xlsx,0,SELL,,Fresh Long Buildup,NORMALIZATION:1.0|PDNA:1.0|PRICE:PRICE_UP|OI:OI_NEUTRAL|VOLUME:VOLUME_CONTRACTION|PCR:PCR_NEUTRAL|IV:IV_NORMAL|SCORE:SCORE_NEUTRAL|PATTERN:FRESH LONG BUILDUP|DIRECTION:UNKNOWN,PDNA_7FA62012,50.0,0.0,NEW,60,MEDIUM,NEUTRAL,WATCH,MEDIUM,2928.3,,
TIINDIA,2762.5,0.05,2257800.0,0.02,,,,,,,,,23800.0,-86.92,VOLUME_OI,VolumeAndOISpikesScans_25AUG26_Report_12_8_2026.xlsx,0,SELL,,Fresh Long Buildup,NORMALIZATION:1.0|PDNA:1.0|PRICE:PRICE_NEUTRAL|OI:OI_NEUTRAL|VOLUME:VOLUME_CONTRACTION|PCR:PCR_NEUTRAL|IV:IV_NORMAL|SCORE:SCORE_NEUTRAL|PATTERN:FRESH LONG BUILDUP|DIRECTION:UNKNOWN,PDNA_CC3F09E3,50.0,0.0,NEW,60,MEDIUM,NEUTRAL,WATCH,MEDIUM,2762.5,,
DIVISLAB,8638.0,0.81,3049500.0,0.36,,,,,,,,,69800.0,-88.96,VOLUME_OI,VolumeAndOISpikesScans_25AUG26_Report_12_8_2026.xlsx,0,SELL,,Fresh Long Buildup,NORMALIZATION:1.0|PDNA:1.0|PRICE:PRICE_UP|OI:OI_NEUTRAL|VOLUME:VOLUME_CONTRACTION|PCR:PCR_NEUTRAL|IV:IV_NORMAL|SCORE:SCORE_NEUTRAL|PATTERN:FRESH LONG BUILDUP|DIRECTION:UNKNOWN,PDNA_7FA62012,50.0,0.0,NEW,60,MEDIUM,NEUTRAL,WATCH,MEDIUM,8638.0,,
YESBANK,22.76,0.49,1145070900.0,0.14,,,,,,,,,3638700.0,-89.75,VOLUME_OI,VolumeAndOISpikesScans_25AUG26_Report_12_8_2026.xlsx,0,SELL,,Fresh Long Buildup,NORMALIZATION:1.0|PDNA:1.0|PRICE:PRICE_NEUTRAL|OI:OI_NEUTRAL|VOLUME:VOLUME_CONTRACTION|PCR:PCR_NEUTRAL|IV:IV_NORMAL|SCORE:SCORE_NEUTRAL|PATTERN:FRESH LONG BUILDUP|DIRECTION:UNKNOWN,PDNA_CC3F09E3,50.0,0.0,NEW,60,MEDIUM,NEUTRAL,WATCH,MEDIUM,22.76,,
ASTRAL,1423.0,0.3,6964050.0,0.06,,,,,,,,,25925.0,-95.24,VOLUME_OI,VolumeAndOISpikesScans_25AUG26_Report_12_8_2026.xlsx,0,SELL,,Fresh Long Buildup,NORMALIZATION:1.0|PDNA:1.0|PRICE:PRICE_NEUTRAL|OI:OI_NEUTRAL|VOLUME:VOLUME_CONTRACTION|PCR:PCR_NEUTRAL|IV:IV_NORMAL|SCORE:SCORE_NEUTRAL|PATTERN:FRESH LONG BUILDUP|DIRECTION:UNKNOWN,PDNA_CC3F09E3,50.0,0.0,NEW,60,MEDIUM,NEUTRAL,WATCH,MEDIUM,1423.0,,
CIPLA,1468.1,0.02,8990875.0,0.05,,,,,,,,,16575.0,-96.28,VOLUME_OI,VolumeAndOISpikesScans_25AUG26_Report_12_8_2026.xlsx,0,SELL,,Fresh Long Buildup,NORMALIZATION:1.0|PDNA:1.0|PRICE:PRICE_NEUTRAL|OI:OI_NEUTRAL|VOLUME:VOLUME_CONTRACTION|PCR:PCR_NEUTRAL|IV:IV_NORMAL|SCORE:SCORE_NEUTRAL|PATTERN:FRESH LONG BUILDUP|DIRECTION:UNKNOWN,PDNA_CC3F09E3,50.0,0.0,NEW,60,MEDIUM,NEUTRAL,WATCH,MEDIUM,1468.1,,
BANKINDIA,143.05,0.71,89029200.0,0.09,,,,,,,,,457600.0,-94.73,VOLUME_OI,VolumeAndOISpikesScans_25AUG26_Report_12_8_2026.xlsx,0,SELL,,Fresh Long Buildup,NORMALIZATION:1.0|PDNA:1.0|PRICE:PRICE_UP|OI:OI_NEUTRAL|VOLUME:VOLUME_CONTRACTION|PCR:PCR_NEUTRAL|IV:IV_NORMAL|SCORE:SCORE_NEUTRAL|PATTERN:FRESH LONG BUILDUP|DIRECTION:UNKNOWN,PDNA_7FA62012,50.0,0.0,NEW,60,MEDIUM,NEUTRAL,WATCH,MEDIUM,143.05,,
ABB,7649.5,0.27,2017750.0,0.05,,,,,,,,,10125.0,-94.81,VOLUME_OI,VolumeAndOISpikesScans_25AUG26_Report_12_8_2026.xlsx,0,SELL,,Fresh Long Buildup,NORMALIZATION:1.0|PDNA:1.0|PRICE:PRICE_NEUTRAL|OI:OI_NEUTRAL|VOLUME:VOLUME_CONTRACTION|PCR:PCR_NEUTRAL|IV:IV_NORMAL|SCORE:SCORE_NEUTRAL|PATTERN:FRESH LONG BUILDUP|DIRECTION:UNKNOWN,PDNA_CC3F09E3,50.0,0.0,NEW,60,MEDIUM,NEUTRAL,WATCH,MEDIUM,7649.5,,
PETRONET,280.55,0.47,31450700.0,0.09,,,,,,,,,76000.0,-94.55,VOLUME_OI,VolumeAndOISpikesScans_25AUG26_Report_12_8_2026.xlsx,0,SELL,,Fresh Long Buildup,NORMALIZATION:1.0|PDNA:1.0|PRICE:PRICE_NEUTRAL|OI:OI_NEUTRAL|VOLUME:VOLUME_CONTRACTION|PCR:PCR_NEUTRAL|IV:IV_NORMAL|SCORE:SCORE_NEUTRAL|PATTERN:FRESH LONG BUILDUP|DIRECTION:UNKNOWN,PDNA_CC3F09E3,50.0,0.0,NEW,60,MEDIUM,NEUTRAL,WATCH,MEDIUM,280.55,,
BAJAJ-AUTO,11803.0,0.83,1845000.0,0.15,,,,,,,,,12675.0,-94.73,VOLUME_OI,VolumeAndOISpikesScans_25AUG26_Report_12_8_2026.xlsx,0,SELL,,Fresh Long Buildup,NORMALIZATION:1.0|PDNA:1.0|PRICE:PRICE_UP|OI:OI_NEUTRAL|VOLUME:VOLUME_CONTRACTION|PCR:PCR_NEUTRAL|IV:IV_NORMAL|SCORE:SCORE_NEUTRAL|PATTERN:FRESH LONG BUILDUP|DIRECTION:UNKNOWN,PDNA_7FA62012,50.0,0.0,NEW,60,MEDIUM,NEUTRAL,WATCH,MEDIUM,11803.0,,
PIDILITIND,1685.8,0.58,6315000.0,0.18,,,,,,,,,43000.0,-94.23,VOLUME_OI,VolumeAndOISpikesScans_25AUG26_Report_12_8_2026.xlsx,0,SELL,,Fresh Long Buildup,NORMALIZATION:1.0|PDNA:1.0|PRICE:PRICE_UP|OI:OI_NEUTRAL|VOLUME:VOLUME_CONTRACTION|PCR:PCR_NEUTRAL|IV:IV_NORMAL|SCORE:SCORE_NEUTRAL|PATTERN:FRESH LONG BUILDUP|DIRECTION:UNKNOWN,PDNA_7FA62012,50.0,0.0,NEW,60,MEDIUM,NEUTRAL,WATCH,MEDIUM,1685.8,,
TMPV,350.75,0.67,74817600.0,0.07,,,,,,,,,288000.0,-94.35,VOLUME_OI,VolumeAndOISpikesScans_25AUG26_Report_12_8_2026.xlsx,0,SELL,,Fresh Long Buildup,NORMALIZATION:1.0|PDNA:1.0|PRICE:PRICE_UP|OI:OI_NEUTRAL|VOLUME:VOLUME_CONTRACTION|PCR:PCR_NEUTRAL|IV:IV_NORMAL|SCORE:SCORE_NEUTRAL|PATTERN:FRESH LONG BUILDUP|DIRECTION:UNKNOWN,PDNA_7FA62012,50.0,0.0,NEW,60,MEDIUM,NEUTRAL,WATCH,MEDIUM,350.75,,
PNB,114.82,0.74,282952000.0,0.05,,,,,,,,,1312000.0,-93.73,VOLUME_OI,VolumeAndOISpikesScans_25AUG26_Report_12_8_2026.xlsx,0,SELL,,Fresh Long Buildup,NORMALIZATION:1.0|PDNA:1.0|PRICE:PRICE_UP|OI:OI_NEUTRAL|VOLUME:VOLUME_CONTRACTION|PCR:PCR_NEUTRAL|IV:IV_NORMAL|SCORE:SCORE_NEUTRAL|PATTERN:FRESH LONG BUILDUP|DIRECTION:UNKNOWN,PDNA_7FA62012,50.0,0.0,NEW,60,MEDIUM,NEUTRAL,WATCH,MEDIUM,114.82,,
GRASIM,3360.4,0.79,11448500.0,0.23,,,,,,,,,121250.0,-93.59,VOLUME_OI,VolumeAndOISpikesScans_25AUG26_Report_12_8_2026.xlsx,0,SELL,,Fresh Long Buildup,NORMALIZATION:1.0|PDNA:1.0|PRICE:PRICE_UP|OI:OI_NEUTRAL|VOLUME:VOLUME_CONTRACTION|PCR:PCR_NEUTRAL|IV:IV_NORMAL|SCORE:SCORE_NEUTRAL|PATTERN:FRESH LONG BUILDUP|DIRECTION:UNKNOWN,PDNA_7FA62012,50.0,0.0,NEW,60,MEDIUM,NEUTRAL,WATCH,MEDIUM,3360.4,,
IDFCFIRSTB,84.58,0.18,351429750.0,0.02,,,,,,,,,742000.0,-92.81,VOLUME_OI,VolumeAndOISpikesScans_25AUG26_Report_12_8_2026.xlsx,0,SELL,,Fresh Long Buildup,NORMALIZATION:1.0|PDNA:1.0|PRICE:PRICE_NEUTRAL|OI:OI_NEUTRAL|VOLUME:VOLUME_CONTRACTION|PCR:PCR_NEUTRAL|IV:IV_NORMAL|SCORE:SCORE_NEUTRAL|PATTERN:FRESH LONG BUILDUP|DIRECTION:UNKNOWN,PDNA_CC3F09E3,50.0,0.0,NEW,60,MEDIUM,NEUTRAL,WATCH,MEDIUM,84.58,,
CONCOR,513.4,0.44,22217500.0,0.1,,,,,,,,,120000.0,-92.36,VOLUME_OI,VolumeAndOISpikesScans_25AUG26_Report_12_8_2026.xlsx,0,SELL,,Fresh Long Buildup,NORMALIZATION:1.0|PDNA:1.0|PRICE:PRICE_NEUTRAL|OI:OI_NEUTRAL|VOLUME:VOLUME_CONTRACTION|PCR:PCR_NEUTRAL|IV:IV_NORMAL|SCORE:SCORE_NEUTRAL|PATTERN:FRESH LONG BUILDUP|DIRECTION:UNKNOWN,PDNA_CC3F09E3,50.0,0.0,NEW,60,MEDIUM,NEUTRAL,WATCH,MEDIUM,513.4,,
AUROPHARMA,1665.6,0.6,10657900.0,0.19,,,,,,,,,61600.0,-92.02,VOLUME_OI,VolumeAndOISpikesScans_25AUG26_Report_12_8_2026.xlsx,0,SELL,,Fresh Long Buildup,NORMALIZATION:1.0|PDNA:1.0|PRICE:PRICE_UP|OI:OI_NEUTRAL|VOLUME:VOLUME_CONTRACTION|PCR:PCR_NEUTRAL|IV:IV_NORMAL|SCORE:SCORE_NEUTRAL|PATTERN:FRESH LONG BUILDUP|DIRECTION:UNKNOWN,PDNA_7FA62012,50.0,0.0,NEW,60,MEDIUM,NEUTRAL,WATCH,MEDIUM,1665.6,,
SOLARINDS,18754.0,0.02,749300.0,0.67,,,,,,,,,7300.0,-91.44,VOLUME_OI,VolumeAndOISpikesScans_25AUG26_Report_12_8_2026.xlsx,0,SELL,,Fresh Long Buildup,NORMALIZATION:1.0|PDNA:1.0|PRICE:PRICE_NEUTRAL|OI:OI_NEUTRAL|VOLUME:VOLUME_CONTRACTION|PCR:PCR_NEUTRAL|IV:IV_NORMAL|SCORE:SCORE_NEUTRAL|PATTERN:FRESH LONG BUILDUP|DIRECTION:UNKNOWN,PDNA_CC3F09E3,50.0,0.0,NEW,60,MEDIUM,NEUTRAL,WATCH,MEDIUM,18754.0,,
SHRIRAMFIN,1126.8,0.37,25210350.0,0.23,,,,,,,,,127875.0,-95.69,VOLUME_OI,VolumeAndOISpikesScans_25AUG26_Report_12_8_2026.xlsx,0,SELL,,Fresh Long Buildup,NORMALIZATION:1.0|PDNA:1.0|PRICE:PRICE_NEUTRAL|OI:OI_NEUTRAL|VOLUME:VOLUME_CONTRACTION|PCR:PCR_NEUTRAL|IV:IV_NORMAL|SCORE:SCORE_NEUTRAL|PATTERN:FRESH LONG BUILDUP|DIRECTION:UNKNOWN,PDNA_CC3F09E3,50.0,0.0,NEW,60,MEDIUM,NEUTRAL,WATCH,MEDIUM,1126.8,,
CGPOWER,878.0,0.46,19441200.0,0.04,,,,,,,,,48450.0,-95.73,VOLUME_OI,VolumeAndOISpikesScans_25AUG26_Report_12_8_2026.xlsx,0,SELL,,Fresh Long Buildup,NORMALIZATION:1.0|PDNA:1.0|PRICE:PRICE_NEUTRAL|OI:OI_NEUTRAL|VOLUME:VOLUME_CONTRACTION|PCR:PCR_NEUTRAL|IV:IV_NORMAL|SCORE:SCORE_NEUTRAL|PATTERN:FRESH LONG BUILDUP|DIRECTION:UNKNOWN,PDNA_CC3F09E3,50.0,0.0,NEW,60,MEDIUM,NEUTRAL,WATCH,MEDIUM,878.0,,
JINDALSTEL,1101.0,0.25,14313125.0,0.06,,,,,,,,,34375.0,-95.97,VOLUME_OI,VolumeAndOISpikesScans_25AUG26_Report_12_8_2026.xlsx,0,SELL,,Fresh Long Buildup,NORMALIZATION:1.0|PDNA:1.0|PRICE:PRICE_NEUTRAL|OI:OI_NEUTRAL|VOLUME:VOLUME_CONTRACTION|PCR:PCR_NEUTRAL|IV:IV_NORMAL|SCORE:SCORE_NEUTRAL|PATTERN:FRESH LONG BUILDUP|DIRECTION:UNKNOWN,PDNA_CC3F09E3,50.0,0.0,NEW,60,MEDIUM,NEUTRAL,WATCH,MEDIUM,1101.0,,
SIEMENS,4048.4,0.17,3521700.0,0.25,,,,,,,,,119175.0,-95.91,VOLUME_OI,VolumeAndOISpikesScans_25AUG26_Report_12_8_2026.xlsx,0,SELL,,Fresh Long Buildup,NORMALIZATION:1.0|PDNA:1.0|PRICE:PRICE_NEUTRAL|OI:OI_NEUTRAL|VOLUME:VOLUME_CONTRACTION|PCR:PCR_NEUTRAL|IV:IV_NORMAL|SCORE:SCORE_NEUTRAL|PATTERN:FRESH LONG BUILDUP|DIRECTION:UNKNOWN,PDNA_CC3F09E3,50.0,0.0,NEW,60,MEDIUM,NEUTRAL,WATCH,MEDIUM,4048.4,,
ETERNAL,317.3,0.02,148599150.0,0.13,,,,,,,,,805100.0,-95.99,VOLUME_OI,VolumeAndOISpikesScans_25AUG26_Report_12_8_2026.xlsx,0,SELL,,Fresh Long Buildup,NORMALIZATION:1.0|PDNA:1.0|PRICE:PRICE_NEUTRAL|OI:OI_NEUTRAL|VOLUME:VOLUME_CONTRACTION|PCR:PCR_NEUTRAL|IV:IV_NORMAL|SCORE:SCORE_NEUTRAL|PATTERN:FRESH LONG BUILDUP|DIRECTION:UNKNOWN,PDNA_CC3F09E3,50.0,0.0,NEW,60,MEDIUM,NEUTRAL,WATCH,MEDIUM,317.3,,
HINDPETRO,391.45,0.23,42942150.0,0.11,,,,,,,,,263250.0,-95.02,VOLUME_OI,VolumeAndOISpikesScans_25AUG26_Report_12_8_2026.xlsx,0,SELL,,Fresh Long Buildup,NORMALIZATION:1.0|PDNA:1.0|PRICE:PRICE_NEUTRAL|OI:OI_NEUTRAL|VOLUME:VOLUME_CONTRACTION|PCR:PCR_NEUTRAL|IV:IV_NORMAL|SCORE:SCORE_NEUTRAL|PATTERN:FRESH LONG BUILDUP|DIRECTION:UNKNOWN,PDNA_CC3F09E3,50.0,0.0,NEW,60,MEDIUM,NEUTRAL,WATCH,MEDIUM,391.45,,
NESTLEIND,1512.0,0.65,7843500.0,0.22,,,,,,,,,64000.0,-95.02,VOLUME_OI,VolumeAndOISpikesScans_25AUG26_Report_12_8_2026.xlsx,0,SELL,,Fresh Long Buildup,NORMALIZATION:1.0|PDNA:1.0|PRICE:PRICE_UP|OI:OI_NEUTRAL|VOLUME:VOLUME_CONTRACTION|PCR:PCR_NEUTRAL|IV:IV_NORMAL|SCORE:SCORE_NEUTRAL|PATTERN:FRESH LONG BUILDUP|DIRECTION:UNKNOWN,PDNA_7FA62012,50.0,0.0,NEW,60,MEDIUM,NEUTRAL,WATCH,MEDIUM,1512.0,,
POLYCAB,9113.5,0.24,2336375.0,0.06,,,,,,,,,10750.0,-97.78,VOLUME_OI,VolumeAndOISpikesScans_25AUG26_Report_12_8_2026.xlsx,0,SELL,,Fresh Long Buildup,NORMALIZATION:1.0|PDNA:1.0|PRICE:PRICE_NEUTRAL|OI:OI_NEUTRAL|VOLUME:VOLUME_CONTRACTION|PCR:PCR_NEUTRAL|IV:IV_NORMAL|SCORE:SCORE_NEUTRAL|PATTERN:FRESH LONG BUILDUP|DIRECTION:UNKNOWN,PDNA_CC3F09E3,50.0,0.0,NEW,60,MEDIUM,NEUTRAL,WATCH,MEDIUM,9113.5,,
BANKBARODA,247.95,0.26,130996125.0,0.01,,,,,,,,,117000.0,-98.95,VOLUME_OI,VolumeAndOISpikesScans_25AUG26_Report_12_8_2026.xlsx,0,SELL,,Fresh Long Buildup,NORMALIZATION:1.0|PDNA:1.0|PRICE:PRICE_NEUTRAL|OI:OI_NEUTRAL|VOLUME:VOLUME_CONTRACTION|PCR:PCR_NEUTRAL|IV:IV_NORMAL|SCORE:SCORE_NEUTRAL|PATTERN:FRESH LONG BUILDUP|DIRECTION:UNKNOWN,PDNA_CC3F09E3,50.0,0.0,NEW,60,MEDIUM,NEUTRAL,WATCH,MEDIUM,247.95,,
ASHOKLEY,176.45,0.38,137980000.0,0.05,,,,,,,,,270000.0,-98.72,VOLUME_OI,VolumeAndOISpikesScans_25AUG26_Report_12_8_2026.xlsx,0,SELL,,Fresh Long Buildup,NORMALIZATION:1.0|PDNA:1.0|PRICE:PRICE_NEUTRAL|OI:OI_NEUTRAL|VOLUME:VOLUME_CONTRACTION|PCR:PCR_NEUTRAL|IV:IV_NORMAL|SCORE:SCORE_NEUTRAL|PATTERN:FRESH LONG BUILDUP|DIRECTION:UNKNOWN,PDNA_CC3F09E3,50.0,0.0,NEW,60,MEDIUM,NEUTRAL,WATCH,MEDIUM,176.45,,
SONACOMS,804.0,0.15,12825750.0,0.05,,,,,,,,,20825.0,-98.92,VOLUME_OI,VolumeAndOISpikesScans_25AUG26_Report_12_8_2026.xlsx,0,SELL,,Fresh Long Buildup,NORMALIZATION:1.0|PDNA:1.0|PRICE:PRICE_NEUTRAL|OI:OI_NEUTRAL|VOLUME:VOLUME_CONTRACTION|PCR:PCR_NEUTRAL|IV:IV_NORMAL|SCORE:SCORE_NEUTRAL|PATTERN:FRESH LONG BUILDUP|DIRECTION:UNKNOWN,PDNA_CC3F09E3,50.0,0.0,NEW,60,MEDIUM,NEUTRAL,WATCH,MEDIUM,804.0,,
EICHERMOT,8024.0,0.1,3638900.0,0.04,,,,,,,,,4900.0,-98.87,VOLUME_OI,VolumeAndOISpikesScans_25AUG26_Report_12_8_2026.xlsx,0,SELL,,Fresh Long Buildup,NORMALIZATION:1.0|PDNA:1.0|PRICE:PRICE_NEUTRAL|OI:OI_NEUTRAL|VOLUME:VOLUME_CONTRACTION|PCR:PCR_NEUTRAL|IV:IV_NORMAL|SCORE:SCORE_NEUTRAL|PATTERN:FRESH LONG BUILDUP|DIRECTION:UNKNOWN,PDNA_CC3F09E3,50.0,0.0,NEW,60,MEDIUM,NEUTRAL,WATCH,MEDIUM,8024.0,,
POWERINDIA,34965.0,0.14,555175.0,0.13,,,,,,,,,2400.0,-98.82,VOLUME_OI,VolumeAndOISpikesScans_25AUG26_Report_12_8_2026.xlsx,0,SELL,,Fresh Long Buildup,NORMALIZATION:1.0|PDNA:1.0|PRICE:PRICE_NEUTRAL|OI:OI_NEUTRAL|VOLUME:VOLUME_CONTRACTION|PCR:PCR_NEUTRAL|IV:IV_NORMAL|SCORE:SCORE_NEUTRAL|PATTERN:FRESH LONG BUILDUP|DIRECTION:UNKNOWN,PDNA_CC3F09E3,50.0,0.0,NEW,60,MEDIUM,NEUTRAL,WATCH,MEDIUM,34965.0,,
BHARATFORG,2058.0,0.22,9312000.0,0.04,,,,,,,,,62500.0,-98.77,VOLUME_OI,VolumeAndOISpikesScans_25AUG26_Report_12_8_2026.xlsx,0,SELL,,Fresh Long Buildup,NORMALIZATION:1.0|PDNA:1.0|PRICE:PRICE_NEUTRAL|OI:OI_NEUTRAL|VOLUME:VOLUME_CONTRACTION|PCR:PCR_NEUTRAL|IV:IV_NORMAL|SCORE:SCORE_NEUTRAL|PATTERN:FRESH LONG BUILDUP|DIRECTION:UNKNOWN,PDNA_CC3F09E3,50.0,0.0,NEW,60,MEDIUM,NEUTRAL,WATCH,MEDIUM,2058.0,,
OIL,476.4,0.6,15796200.0,0.13,,,,,,,,,78400.0,-98.73,VOLUME_OI,VolumeAndOISpikesScans_25AUG26_Report_12_8_2026.xlsx,0,SELL,,Fresh Long Buildup,NORMALIZATION:1.0|PDNA:1.0|PRICE:PRICE_UP|OI:OI_NEUTRAL|VOLUME:VOLUME_CONTRACTION|PCR:PCR_NEUTRAL|IV:IV_NORMAL|SCORE:SCORE_NEUTRAL|PATTERN:FRESH LONG BUILDUP|DIRECTION:UNKNOWN,PDNA_7FA62012,50.0,0.0,NEW,60,MEDIUM,NEUTRAL,WATCH,MEDIUM,476.4,,
INDUSTOWER,374.05,0.78,91553500.0,0.01,,,,,,,,,44200.0,-99.58,VOLUME_OI,VolumeAndOISpikesScans_25AUG26_Report_12_8_2026.xlsx,0,SELL,,Fresh Long Buildup,NORMALIZATION:1.0|PDNA:1.0|PRICE:PRICE_UP|OI:OI_NEUTRAL|VOLUME:VOLUME_CONTRACTION|PCR:PCR_NEUTRAL|IV:IV_NORMAL|SCORE:SCORE_NEUTRAL|PATTERN:FRESH LONG BUILDUP|DIRECTION:UNKNOWN,PDNA_7FA62012,50.0,0.0,NEW,60,MEDIUM,NEUTRAL,WATCH,MEDIUM,374.05,,
PAYTM,1607.8,0.31,16535800.0,0.27,,,,,,,,,110200.0,-98.26,VOLUME_OI,VolumeAndOISpikesScans_25AUG26_Report_12_8_2026.xlsx,0,SELL,,Fresh Long Buildup,NORMALIZATION:1.0|PDNA:1.0|PRICE:PRICE_NEUTRAL|OI:OI_NEUTRAL|VOLUME:VOLUME_CONTRACTION|PCR:PCR_NEUTRAL|IV:IV_NORMAL|SCORE:SCORE_NEUTRAL|PATTERN:FRESH LONG BUILDUP|DIRECTION:UNKNOWN,PDNA_CC3F09E3,50.0,0.0,NEW,60,MEDIUM,NEUTRAL,WATCH,MEDIUM,1607.8,,
FEDERALBNK,355.55,0.03,84495000.0,0.01,,,,,,,,,50000.0,-98.94,VOLUME_OI,VolumeAndOISpikesScans_25AUG26_Report_12_8_2026.xlsx,0,SELL,,Fresh Long Buildup,NORMALIZATION:1.0|PDNA:1.0|PRICE:PRICE_NEUTRAL|OI:OI_NEUTRAL|VOLUME:VOLUME_CONTRACTION|PCR:PCR_NEUTRAL|IV:IV_NORMAL|SCORE:SCORE_NEUTRAL|PATTERN:FRESH LONG BUILDUP|DIRECTION:UNKNOWN,PDNA_CC3F09E3,50.0,0.0,NEW,60,MEDIUM,NEUTRAL,WATCH,MEDIUM,355.55,,
MOTHERSON,170.54,0.31,127920000.0,0.05,,,,,,,,,313650.0,-97.51,VOLUME_OI,VolumeAndOISpikesScans_25AUG26_Report_12_8_2026.xlsx,0,SELL,,Fresh Long Buildup,NORMALIZATION:1.0|PDNA:1.0|PRICE:PRICE_NEUTRAL|OI:OI_NEUTRAL|VOLUME:VOLUME_CONTRACTION|PCR:PCR_NEUTRAL|IV:IV_NORMAL|SCORE:SCORE_NEUTRAL|PATTERN:FRESH LONG BUILDUP|DIRECTION:UNKNOWN,PDNA_CC3F09E3,50.0,0.0,NEW,60,MEDIUM,NEUTRAL,WATCH,MEDIUM,170.54,,
UNIONBANK,183.88,0.86,108049650.0,0.08,,,,,,,,,349575.0,-97.44,VOLUME_OI,VolumeAndOISpikesScans_25AUG26_Report_12_8_2026.xlsx,0,SELL,,Fresh Long Buildup,NORMALIZATION:1.0|PDNA:1.0|PRICE:PRICE_UP|OI:OI_NEUTRAL|VOLUME:VOLUME_CONTRACTION|PCR:PCR_NEUTRAL|IV:IV_NORMAL|SCORE:SCORE_NEUTRAL|PATTERN:FRESH LONG BUILDUP|DIRECTION:UNKNOWN,PDNA_7FA62012,50.0,0.0,NEW,60,MEDIUM,NEUTRAL,WATCH,MEDIUM,183.88,,
INDIANB,879.4,0.15,11549000.0,0.02,,,,,,,,,34000.0,-97.91,VOLUME_OI,VolumeAndOISpikesScans_25AUG26_Report_12_8_2026.xlsx,0,SELL,,Fresh Long Buildup,NORMALIZATION:1.0|PDNA:1.0|PRICE:PRICE_NEUTRAL|OI:OI_NEUTRAL|VOLUME:VOLUME_CONTRACTION|PCR:PCR_NEUTRAL|IV:IV_NORMAL|SCORE:SCORE_NEUTRAL|PATTERN:FRESH LONG BUILDUP|DIRECTION:UNKNOWN,PDNA_CC3F09E3,50.0,0.0,NEW,60,MEDIUM,NEUTRAL,WATCH,MEDIUM,879.4,,
KPITTECH,625.75,0.09,12524000.0,0.06,,,,,,,,,28675.0,-97.95,VOLUME_OI,VolumeAndOISpikesScans_25AUG26_Report_12_8_2026.xlsx,0,SELL,,Fresh Long Buildup,NORMALIZATION:1.0|PDNA:1.0|PRICE:PRICE_NEUTRAL|OI:OI_NEUTRAL|VOLUME:VOLUME_CONTRACTION|PCR:PCR_NEUTRAL|IV:IV_NORMAL|SCORE:SCORE_NEUTRAL|PATTERN:FRESH LONG BUILDUP|DIRECTION:UNKNOWN,PDNA_CC3F09E3,50.0,0.0,NEW,60,MEDIUM,NEUTRAL,WATCH,MEDIUM,625.75,,
ASIANPAINT,2746.9,0.11,7412000.0,0.03,,,,,,,,,12000.0,-97.76,VOLUME_OI,VolumeAndOISpikesScans_25AUG26_Report_12_8_2026.xlsx,0,SELL,,Fresh Long Buildup,NORMALIZATION:1.0|PDNA:1.0|PRICE:PRICE_NEUTRAL|OI:OI_NEUTRAL|VOLUME:VOLUME_CONTRACTION|PCR:PCR_NEUTRAL|IV:IV_NORMAL|SCORE:SCORE_NEUTRAL|PATTERN:FRESH LONG BUILDUP|DIRECTION:UNKNOWN,PDNA_CC3F09E3,50.0,0.0,NEW,60,MEDIUM,NEUTRAL,WATCH,MEDIUM,2746.9,,
SBIN,1072.9,0.12,82275000.0,0.02,,,,,,,,,279750.0,-96.52,VOLUME_OI,VolumeAndOISpikesScans_25AUG26_Report_12_8_2026.xlsx,0,SELL,,Fresh Long Buildup,NORMALIZATION:1.0|PDNA:1.0|PRICE:PRICE_NEUTRAL|OI:OI_NEUTRAL|VOLUME:VOLUME_CONTRACTION|PCR:PCR_NEUTRAL|IV:IV_NORMAL|SCORE:SCORE_NEUTRAL|PATTERN:FRESH LONG BUILDUP|DIRECTION:UNKNOWN,PDNA_CC3F09E3,50.0,0.0,NEW,60,MEDIUM,NEUTRAL,WATCH,MEDIUM,1072.9,,
MFSL,1508.1,0.07,9424800.0,0.1,,,,,,,,,35200.0,-97.41,VOLUME_OI,VolumeAndOISpikesScans_25AUG26_Report_12_8_2026.xlsx,0,SELL,,Fresh Long Buildup,NORMALIZATION:1.0|PDNA:1.0|PRICE:PRICE_NEUTRAL|OI:OI_NEUTRAL|VOLUME:VOLUME_CONTRACTION|PCR:PCR_NEUTRAL|IV:IV_NORMAL|SCORE:SCORE_NEUTRAL|PATTERN:FRESH LONG BUILDUP|DIRECTION:UNKNOWN,PDNA_CC3F09E3,50.0,0.0,NEW,60,MEDIUM,NEUTRAL,WATCH,MEDIUM,1508.1,,
TVSMOTOR,4420.0,0.15,8065575.0,0.02,,,,,,,,,19250.0,-97.22,VOLUME_OI,VolumeAndOISpikesScans_25AUG26_Report_12_8_2026.xlsx,0,SELL,,Fresh Long Buildup,NORMALIZATION:1.0|PDNA:1.0|PRICE:PRICE_NEUTRAL|OI:OI_NEUTRAL|VOLUME:VOLUME_CONTRACTION|PCR:PCR_NEUTRAL|IV:IV_NORMAL|SCORE:SCORE_NEUTRAL|PATTERN:FRESH LONG BUILDUP|DIRECTION:UNKNOWN,PDNA_CC3F09E3,50.0,0.0,NEW,60,MEDIUM,NEUTRAL,WATCH,MEDIUM,4420.0,,
ONGC,240.99,0.17,52445250.0,0.09,,,,,,,,,186750.0,-97.26,VOLUME_OI,VolumeAndOISpikesScans_25AUG26_Report_12_8_2026.xlsx,0,SELL,,Fresh Long Buildup,NORMALIZATION:1.0|PDNA:1.0|PRICE:PRICE_NEUTRAL|OI:OI_NEUTRAL|VOLUME:VOLUME_CONTRACTION|PCR:PCR_NEUTRAL|IV:IV_NORMAL|SCORE:SCORE_NEUTRAL|PATTERN:FRESH LONG BUILDUP|DIRECTION:UNKNOWN,PDNA_CC3F09E3,50.0,0.0,NEW,60,MEDIUM,NEUTRAL,WATCH,MEDIUM,240.99,,
IOC,140.42,0.31,155376000.0,0.04,,,,,,,,,390000.0,-96.77,VOLUME_OI,VolumeAndOISpikesScans_25AUG26_Report_12_8_2026.xlsx,0,SELL,,Fresh Long Buildup,NORMALIZATION:1.0|PDNA:1.0|PRICE:PRICE_NEUTRAL|OI:OI_NEUTRAL|VOLUME:VOLUME_CONTRACTION|PCR:PCR_NEUTRAL|IV:IV_NORMAL|SCORE:SCORE_NEUTRAL|PATTERN:FRESH LONG BUILDUP|DIRECTION:UNKNOWN,PDNA_CC3F09E3,50.0,0.0,NEW,60,MEDIUM,NEUTRAL,WATCH,MEDIUM,140.42,,
BOSCHLTD,45720.0,0.89,206575.0,1.09,,,,,,,,,6275.0,-96.53,VOLUME_OI,VolumeAndOISpikesScans_25AUG26_Report_12_8_2026.xlsx,0,SELL,,Fresh Long Buildup,NORMALIZATION:1.0|PDNA:1.0|PRICE:PRICE_UP|OI:OI_NEUTRAL|VOLUME:VOLUME_CONTRACTION|PCR:PCR_NEUTRAL|IV:IV_NORMAL|SCORE:SCORE_NEUTRAL|PATTERN:FRESH LONG BUILDUP|DIRECTION:UNKNOWN,PDNA_7FA62012,50.0,0.0,NEW,60,MEDIUM,NEUTRAL,WATCH,MEDIUM,45720.0,,
CANBK,130.5,0.42,375570000.0,0.03,,,,,,,,,472500.0,-96.53,VOLUME_OI,VolumeAndOISpikesScans_25AUG26_Report_12_8_2026.xlsx,0,SELL,,Fresh Long Buildup,NORMALIZATION:1.0|PDNA:1.0|PRICE:PRICE_NEUTRAL|OI:OI_NEUTRAL|VOLUME:VOLUME_CONTRACTION|PCR:PCR_NEUTRAL|IV:IV_NORMAL|SCORE:SCORE_NEUTRAL|PATTERN:FRESH LONG BUILDUP|DIRECTION:UNKNOWN,PDNA_CC3F09E3,50.0,0.0,NEW,60,MEDIUM,NEUTRAL,WATCH,MEDIUM,130.5,,
APLAPOLLO,2026.0,0.67,6097350.0,0.43,,,,,,,,,49350.0,-96.54,VOLUME_OI,VolumeAndOISpikesScans_25AUG26_Report_12_8_2026.xlsx,0,SELL,,Fresh Long Buildup,NORMALIZATION:1.0|PDNA:1.0|PRICE:PRICE_UP|OI:OI_NEUTRAL|VOLUME:VOLUME_CONTRACTION|PCR:PCR_NEUTRAL|IV:IV_NORMAL|SCORE:SCORE_NEUTRAL|PATTERN:FRESH LONG BUILDUP|DIRECTION:UNKNOWN,PDNA_7FA62012,50.0,0.0,NEW,60,MEDIUM,NEUTRAL,WATCH,MEDIUM,2026.0,,
BDL,1316.6,0.41,6882450.0,-0.09,,,,,,,,,50575.0,-92.8,VOLUME_OI,VolumeAndOISpikesScans_25AUG26_Report_12_8_2026.xlsx,0,SELL,,Short Covering,NORMALIZATION:1.0|PDNA:1.0|PRICE:PRICE_NEUTRAL|OI:OI_NEUTRAL|VOLUME:VOLUME_CONTRACTION|PCR:PCR_NEUTRAL|IV:IV_NORMAL|SCORE:SCORE_NEUTRAL|PATTERN:SHORT COVERING|DIRECTION:UNKNOWN,PDNA_730329D2,50.0,0.0,NEW,55,MEDIUM,NEUTRAL,WATCH,HIGH,1316.6,,
SRF,2594.1,0.41,4850400.0,-0.03,,,,,,,,,15400.0,-96.59,VOLUME_OI,VolumeAndOISpikesScans_25AUG26_Report_12_8_2026.xlsx,0,SELL,,Short Covering,NORMALIZATION:1.0|PDNA:1.0|PRICE:PRICE_NEUTRAL|OI:OI_NEUTRAL|VOLUME:VOLUME_CONTRACTION|PCR:PCR_NEUTRAL|IV:IV_NORMAL|SCORE:SCORE_NEUTRAL|PATTERN:SHORT COVERING|DIRECTION:UNKNOWN,PDNA_730329D2,50.0,0.0,NEW,55,MEDIUM,NEUTRAL,WATCH,HIGH,2594.1,,
UPL,570.5,0.1,35952215.0,-0.01,,,,,,,,,58265.0,-96.66,VOLUME_OI,VolumeAndOISpikesScans_25AUG26_Report_12_8_2026.xlsx,0,SELL,,Short Covering,NORMALIZATION:1.0|PDNA:1.0|PRICE:PRICE_NEUTRAL|OI:OI_NEUTRAL|VOLUME:VOLUME_CONTRACTION|PCR:PCR_NEUTRAL|IV:IV_NORMAL|SCORE:SCORE_NEUTRAL|PATTERN:SHORT COVERING|DIRECTION:UNKNOWN,PDNA_730329D2,50.0,0.0,NEW,55,MEDIUM,NEUTRAL,WATCH,HIGH,570.5,,
LICI,407.6,0.1,58101400.0,-0.11,,,,,,,,,422800.0,-98.97,VOLUME_OI,VolumeAndOISpikesScans_25AUG26_Report_12_8_2026.xlsx,0,SELL,,Short Covering,NORMALIZATION:1.0|PDNA:1.0|PRICE:PRICE_NEUTRAL|OI:OI_NEUTRAL|VOLUME:VOLUME_CONTRACTION|PCR:PCR_NEUTRAL|IV:IV_NORMAL|SCORE:SCORE_NEUTRAL|PATTERN:SHORT COVERING|DIRECTION:UNKNOWN,PDNA_730329D2,50.0,0.0,NEW,55,MEDIUM,NEUTRAL,WATCH,HIGH,407.6,,
COCHINSHIP,1510.4,0.51,5275200.0,-0.02,,,,,,,,,7200.0,-98.24,VOLUME_OI,VolumeAndOISpikesScans_25AUG26_Report_12_8_2026.xlsx,0,SELL,,Short Covering,NORMALIZATION:1.0|PDNA:1.0|PRICE:PRICE_UP|OI:OI_NEUTRAL|VOLUME:VOLUME_CONTRACTION|PCR:PCR_NEUTRAL|IV:IV_NORMAL|SCORE:SCORE_NEUTRAL|PATTERN:SHORT COVERING|DIRECTION:UNKNOWN,PDNA_5E358B99,50.0,0.0,NEW,55,MEDIUM,NEUTRAL,WATCH,HIGH,1510.4,,
JSWSTEEL,1288.6,0.5,40329225.0,-0.02,,,,,,,,,28350.0,-97.97,VOLUME_OI,VolumeAndOISpikesScans_25AUG26_Report_12_8_2026.xlsx,0,SELL,,Short Covering,NORMALIZATION:1.0|PDNA:1.0|PRICE:PRICE_NEUTRAL|OI:OI_NEUTRAL|VOLUME:VOLUME_CONTRACTION|PCR:PCR_NEUTRAL|IV:IV_NORMAL|SCORE:SCORE_NEUTRAL|PATTERN:SHORT COVERING|DIRECTION:UNKNOWN,PDNA_730329D2,50.0,0.0,NEW,55,MEDIUM,NEUTRAL,WATCH,HIGH,1288.6,,
SAIL,172.5,0.64,169195300.0,-0.01,,,,,,,,,61100.0,-97.79,VOLUME_OI,VolumeAndOISpikesScans_25AUG26_Report_12_8_2026.xlsx,0,SELL,,Short Covering,NORMALIZATION:1.0|PDNA:1.0|PRICE:PRICE_UP|OI:OI_NEUTRAL|VOLUME:VOLUME_CONTRACTION|PCR:PCR_NEUTRAL|IV:IV_NORMAL|SCORE:SCORE_NEUTRAL|PATTERN:SHORT COVERING|DIRECTION:UNKNOWN,PDNA_5E358B99,50.0,0.0,NEW,55,MEDIUM,NEUTRAL,WATCH,HIGH,172.5,,
PREMIERENE,1051.1,0.15,7460700.0,-0.04,,,,,,,,,12350.0,-96.88,VOLUME_OI,VolumeAndOISpikesScans_25AUG26_Report_12_8_2026.xlsx,0,SELL,,Short Covering,NORMALIZATION:1.0|PDNA:1.0|PRICE:PRICE_NEUTRAL|OI:OI_NEUTRAL|VOLUME:VOLUME_CONTRACTION|PCR:PCR_NEUTRAL|IV:IV_NORMAL|SCORE:SCORE_NEUTRAL|PATTERN:SHORT COVERING|DIRECTION:UNKNOWN,PDNA_730329D2,50.0,0.0,NEW,55,MEDIUM,NEUTRAL,WATCH,HIGH,1051.1,,
BHEL,406.3,0.49,80293500.0,-0.02,,,,,,,,,136500.0,-97.46,VOLUME_OI,VolumeAndOISpikesScans_25AUG26_Report_12_8_2026.xlsx,0,SELL,,Short Covering,NORMALIZATION:1.0|PDNA:1.0|PRICE:PRICE_NEUTRAL|OI:OI_NEUTRAL|VOLUME:VOLUME_CONTRACTION|PCR:PCR_NEUTRAL|IV:IV_NORMAL|SCORE:SCORE_NEUTRAL|PATTERN:SHORT COVERING|DIRECTION:UNKNOWN,PDNA_730329D2,50.0,0.0,NEW,55,MEDIUM,NEUTRAL,WATCH,HIGH,406.3,,
IDEA,13.15,2.1,5831859675.0,-0.05,,,,,,,,,41598450.0,-93.93,VOLUME_OI,VolumeAndOISpikesScans_25AUG26_Report_12_8_2026.xlsx,20,SELL,Positive Price Momentum,Short Covering,NORMALIZATION:1.0|PDNA:1.0|PRICE:PRICE_STRONG_UP|OI:OI_NEUTRAL|VOLUME:VOLUME_CONTRACTION|PCR:PCR_NEUTRAL|IV:IV_NORMAL|SCORE:SCORE_NEUTRAL|PATTERN:SHORT COVERING|DIRECTION:UNKNOWN,PDNA_90DC9DDA,50.0,0.0,NEW,55,MEDIUM,NEUTRAL,WATCH,HIGH,13.15,,
VEDL,281.0,1.7,59837950.0,-0.06,,,,,,,,,704950.0,-91.4,VOLUME_OI,VolumeAndOISpikesScans_25AUG26_Report_12_8_2026.xlsx,20,SELL,Positive Price Momentum,Short Covering,NORMALIZATION:1.0|PDNA:1.0|PRICE:PRICE_UP|OI:OI_NEUTRAL|VOLUME:VOLUME_CONTRACTION|PCR:PCR_NEUTRAL|IV:IV_NORMAL|SCORE:SCORE_NEUTRAL|PATTERN:SHORT COVERING|DIRECTION:UNKNOWN,PDNA_5E358B99,50.0,0.0,NEW,55,MEDIUM,NEUTRAL,WATCH,HIGH,281.0,,
RVNL,229.75,0.03,36956150.0,-0.25,,,,,,,,,866250.0,-89.24,VOLUME_OI,VolumeAndOISpikesScans_25AUG26_Report_12_8_2026.xlsx,0,SELL,,Short Covering,NORMALIZATION:1.0|PDNA:1.0|PRICE:PRICE_NEUTRAL|OI:OI_NEUTRAL|VOLUME:VOLUME_CONTRACTION|PCR:PCR_NEUTRAL|IV:IV_NORMAL|SCORE:SCORE_NEUTRAL|PATTERN:SHORT COVERING|DIRECTION:UNKNOWN,PDNA_730329D2,50.0,0.0,NEW,55,MEDIUM,NEUTRAL,WATCH,HIGH,229.75,,
TECHM,1659.0,0.48,17692200.0,-0.18,,,,,,,,,78600.0,-91.35,VOLUME_OI,VolumeAndOISpikesScans_25AUG26_Report_12_8_2026.xlsx,0,SELL,,Short Covering,NORMALIZATION:1.0|PDNA:1.0|PRICE:PRICE_NEUTRAL|OI:OI_NEUTRAL|VOLUME:VOLUME_CONTRACTION|PCR:PCR_NEUTRAL|IV:IV_NORMAL|SCORE:SCORE_NEUTRAL|PATTERN:SHORT COVERING|DIRECTION:UNKNOWN,PDNA_730329D2,50.0,0.0,NEW,55,MEDIUM,NEUTRAL,WATCH,HIGH,1659.0,,
TATASTEEL,189.35,0.53,181148000.0,-0.02,,,,,,,,,668250.0,-94.7,VOLUME_OI,VolumeAndOISpikesScans_25AUG26_Report_12_8_2026.xlsx,0,SELL,,Short Covering,NORMALIZATION:1.0|PDNA:1.0|PRICE:PRICE_UP|OI:OI_NEUTRAL|VOLUME:VOLUME_CONTRACTION|PCR:PCR_NEUTRAL|IV:IV_NORMAL|SCORE:SCORE_NEUTRAL|PATTERN:SHORT COVERING|DIRECTION:UNKNOWN,PDNA_5E358B99,50.0,0.0,NEW,55,MEDIUM,NEUTRAL,WATCH,HIGH,189.35,,
COALINDIA,414.45,0.42,78568650.0,-0.01,,,,,,,,,67500.0,-98.96,VOLUME_OI,VolumeAndOISpikesScans_25AUG26_Report_12_8_2026.xlsx,0,SELL,,Short Covering,NORMALIZATION:1.0|PDNA:1.0|PRICE:PRICE_NEUTRAL|OI:OI_NEUTRAL|VOLUME:VOLUME_CONTRACTION|PCR:PCR_NEUTRAL|IV:IV_NORMAL|SCORE:SCORE_NEUTRAL|PATTERN:SHORT COVERING|DIRECTION:UNKNOWN,PDNA_730329D2,50.0,0.0,NEW,55,MEDIUM,NEUTRAL,WATCH,HIGH,414.45,,
CHOLAFIN,1899.0,-0.24,12656875.0,0.0,,,,,,,,,15625.0,-98.27,VOLUME_OI,VolumeAndOISpikesScans_25AUG26_Report_12_8_2026.xlsx,0,SELL,,Neutral,NORMALIZATION:1.0|PDNA:1.0|PRICE:PRICE_NEUTRAL|OI:OI_NEUTRAL|VOLUME:VOLUME_CONTRACTION|PCR:PCR_NEUTRAL|IV:IV_NORMAL|SCORE:SCORE_NEUTRAL|PATTERN:NEUTRAL|DIRECTION:UNKNOWN,PDNA_F963B6FD,50.0,0.0,NEW,35,LOW,SELL,VALID SELL,HIGH,1899.0,1936.98,1823.04
BAJAJHLDNG,,,,,,,,,,,,,,,VOLUME_OI,VolumeAndOISpikesScans_25AUG26_Report_12_8_2026.xlsx,0,SELL,,Neutral,NORMALIZATION:1.0|PDNA:1.0|PRICE:PRICE_NEUTRAL|OI:OI_NEUTRAL|VOLUME:VOLUME_NORMAL|PCR:PCR_NEUTRAL|IV:IV_NORMAL|SCORE:SCORE_NEUTRAL|PATTERN:NEUTRAL|DIRECTION:UNKNOWN,PDNA_20A36C56,50.0,0.0,NEW,35,LOW,SELL,VALID SELL,HIGH,,,
BANKEX,,,,,,,,,,,,,,,VOLUME_OI,VolumeAndOISpikesScans_25AUG26_Report_12_8_2026.xlsx,0,SELL,,Neutral,NORMALIZATION:1.0|PDNA:1.0|PRICE:PRICE_NEUTRAL|OI:OI_NEUTRAL|VOLUME:VOLUME_NORMAL|PCR:PCR_NEUTRAL|IV:IV_NORMAL|SCORE:SCORE_NEUTRAL|PATTERN:NEUTRAL|DIRECTION:UNKNOWN,PDNA_20A36C56,50.0,0.0,NEW,35,LOW,SELL,VALID SELL,HIGH,,,
NIFTYFPI,1586.0,,,,,,,,,,,,1100.0,,VOLUME_OI,VolumeAndOISpikesScans_25AUG26_Report_12_8_2026.xlsx,0,SELL,,Neutral,NORMALIZATION:1.0|PDNA:1.0|PRICE:PRICE_NEUTRAL|OI:OI_NEUTRAL|VOLUME:VOLUME_NORMAL|PCR:PCR_NEUTRAL|IV:IV_NORMAL|SCORE:SCORE_NEUTRAL|PATTERN:NEUTRAL|DIRECTION:UNKNOWN,PDNA_20A36C56,50.0,0.0,NEW,35,LOW,SELL,VALID SELL,HIGH,1586.0,1617.72,1522.56
ICICIBANK,1425.7,-0.34,96489400.0,0.0,,,,,,,,,107100.0,-97.48,VOLUME_OI,VolumeAndOISpikesScans_25AUG26_Report_12_8_2026.xlsx,0,SELL,,Neutral,NORMALIZATION:1.0|PDNA:1.0|PRICE:PRICE_NEUTRAL|OI:OI_NEUTRAL|VOLUME:VOLUME_CONTRACTION|PCR:PCR_NEUTRAL|IV:IV_NORMAL|SCORE:SCORE_NEUTRAL|PATTERN:NEUTRAL|DIRECTION:UNKNOWN,PDNA_F963B6FD,50.0,0.0,NEW,35,LOW,SELL,VALID SELL,HIGH,1425.7,1454.2140000000002,1368.672
LTM,4809.0,-0.74,3184950.0,0.0,,,,,,,,,10350.0,-97.83,VOLUME_OI,VolumeAndOISpikesScans_25AUG26_Report_12_8_2026.xlsx,0,SELL,,Neutral,NORMALIZATION:1.0|PDNA:1.0|PRICE:PRICE_DOWN|OI:OI_NEUTRAL|VOLUME:VOLUME_CONTRACTION|PCR:PCR_NEUTRAL|IV:IV_NORMAL|SCORE:SCORE_NEUTRAL|PATTERN:NEUTRAL|DIRECTION:UNKNOWN,PDNA_02B57C69,50.0,0.0,NEW,35,LOW,SELL,VALID SELL,HIGH,4809.0,4905.18,4616.639999999999
NIFTYNXT50,,,,,,,,,,,,,,,VOLUME_OI,VolumeAndOISpikesScans_25AUG26_Report_12_8_2026.xlsx,0,SELL,,Neutral,NORMALIZATION:1.0|PDNA:1.0|PRICE:PRICE_NEUTRAL|OI:OI_NEUTRAL|VOLUME:VOLUME_NORMAL|PCR:PCR_NEUTRAL|IV:IV_NORMAL|SCORE:SCORE_NEUTRAL|PATTERN:NEUTRAL|DIRECTION:UNKNOWN,PDNA_20A36C56,50.0,0.0,NEW,35,LOW,SELL,VALID SELL,HIGH,,,
FOCIT,,,,,,,,,,,,,,,VOLUME_OI,VolumeAndOISpikesScans_25AUG26_Report_12_8_2026.xlsx,0,SELL,,Neutral,NORMALIZATION:1.0|PDNA:1.0|PRICE:PRICE_NEUTRAL|OI:OI_NEUTRAL|VOLUME:VOLUME_NORMAL|PCR:PCR_NEUTRAL|IV:IV_NORMAL|SCORE:SCORE_NEUTRAL|PATTERN:NEUTRAL|DIRECTION:UNKNOWN,PDNA_20A36C56,50.0,0.0,NEW,35,LOW,SELL,VALID SELL,HIGH,,,
MOTILALOFS,882.9,-0.81,6152725.0,0.0,,,,,,,,,4650.0,-99.51,VOLUME_OI,VolumeAndOISpikesScans_25AUG26_Report_12_8_2026.xlsx,0,SELL,,Neutral,NORMALIZATION:1.0|PDNA:1.0|PRICE:PRICE_DOWN|OI:OI_NEUTRAL|VOLUME:VOLUME_CONTRACTION|PCR:PCR_NEUTRAL|IV:IV_NORMAL|SCORE:SCORE_NEUTRAL|PATTERN:NEUTRAL|DIRECTION:UNKNOWN,PDNA_02B57C69,50.0,0.0,NEW,35,LOW,SELL,VALID SELL,HIGH,882.9,900.558,847.584
NYKAA,324.5,-0.03,51243750.0,0.0,,,,,,,,,46875.0,-99.06,VOLUME_OI,VolumeAndOISpikesScans_25AUG26_Report_12_8_2026.xlsx,0,SELL,,Neutral,NORMALIZATION:1.0|PDNA:1.0|PRICE:PRICE_NEUTRAL|OI:OI_NEUTRAL|VOLUME:VOLUME_CONTRACTION|PCR:PCR_NEUTRAL|IV:IV_NORMAL|SCORE:SCORE_NEUTRAL|PATTERN:NEUTRAL|DIRECTION:UNKNOWN,PDNA_F963B6FD,50.0,0.0,NEW,35,LOW,SELL,VALID SELL,HIGH,324.5,330.99,311.52
BRITANNIA,5604.0,0.0,1843500.0,-0.01,,,,,,,,,4125.0,-98.01,VOLUME_OI,VolumeAndOISpikesScans_25AUG26_Report_12_8_2026.xlsx,0,SELL,,Neutral,NORMALIZATION:1.0|PDNA:1.0|PRICE:PRICE_NEUTRAL|OI:OI_NEUTRAL|VOLUME:VOLUME_CONTRACTION|PCR:PCR_NEUTRAL|IV:IV_NORMAL|SCORE:SCORE_NEUTRAL|PATTERN:NEUTRAL|DIRECTION:UNKNOWN,PDNA_F963B6FD,50.0,0.0,NEW,35,LOW,SELL,VALID SELL,HIGH,5604.0,5716.08,5379.84
DALBHARAT,1830.8,-0.07,3558100.0,0.01,,,,,,,,,9100.0,-95.86,VOLUME_OI,VolumeAndOISpikesScans_25AUG26_Report_12_8_2026.xlsx,0,SELL,,Short Buildup,NORMALIZATION:1.0|PDNA:1.0|PRICE:PRICE_NEUTRAL|OI:OI_NEUTRAL|VOLUME:VOLUME_CONTRACTION|PCR:PCR_NEUTRAL|IV:IV_NORMAL|SCORE:SCORE_NEUTRAL|PATTERN:SHORT BUILDUP|DIRECTION:UNKNOWN,PDNA_151840E4,50.0,0.0,NEW,20,LOW,SELL,VALID SELL,HIGH,1830.8,1867.416,1757.568
PIIND,2621.2,-2.64,3164175.0,2.16,,,,,,,,,326900.0,-51.37,VOLUME_OI,VolumeAndOISpikesScans_25AUG26_Report_12_8_2026.xlsx,0,SELL,Negative Price Momentum; Fresh OI Buildup,Short Buildup,NORMALIZATION:1.0|PDNA:1.0|PRICE:PRICE_STRONG_DOWN|OI:OI_ACCUMULATION|VOLUME:VOLUME_CONTRACTION|PCR:PCR_NEUTRAL|IV:IV_NORMAL|SCORE:SCORE_NEUTRAL|PATTERN:SHORT BUILDUP|DIRECTION:UNKNOWN,PDNA_106D3CA3,50.0,0.0,NEW,20,LOW,SELL,VALID SELL,HIGH,2621.2,2673.624,2516.352
MANKIND,2407.8,-0.97,3138500.0,0.14,,,,,,,,,30750.0,-78.5,VOLUME_OI,VolumeAndOISpikesScans_25AUG26_Report_12_8_2026.xlsx,0,SELL,,Short Buildup,NORMALIZATION:1.0|PDNA:1.0|PRICE:PRICE_DOWN|OI:OI_NEUTRAL|VOLUME:VOLUME_CONTRACTION|PCR:PCR_NEUTRAL|IV:IV_NORMAL|SCORE:SCORE_NEUTRAL|PATTERN:SHORT BUILDUP|DIRECTION:UNKNOWN,PDNA_A980978A,50.0,0.0,NEW,20,LOW,SELL,VALID SELL,HIGH,2407.8,2455.956,2311.4880000000003
RELIANCE,1322.8,-0.11,106408500.0,0.05,,,,,,,,,210500.0,-95.92,VOLUME_OI,VolumeAndOISpikesScans_25AUG26_Report_12_8_2026.xlsx,0,SELL,,Short Buildup,NORMALIZATION:1.0|PDNA:1.0|PRICE:PRICE_NEUTRAL|OI:OI_NEUTRAL|VOLUME:VOLUME_CONTRACTION|PCR:PCR_NEUTRAL|IV:IV_NORMAL|SCORE:SCORE_NEUTRAL|PATTERN:SHORT BUILDUP|DIRECTION:UNKNOWN,PDNA_151840E4,50.0,0.0,NEW,20,LOW,SELL,VALID SELL,HIGH,1322.8,1349.256,1269.888
MANAPPURAM,361.95,-0.04,69636000.0,5.32,,,,,,,,,9861000.0,-40.69,VOLUME_OI,VolumeAndOISpikesScans_25AUG26_Report_12_8_2026.xlsx,20,SELL,Fresh OI Buildup,Short Buildup,NORMALIZATION:1.0|PDNA:1.0|PRICE:PRICE_NEUTRAL|OI:OI_ACCUMULATION|VOLUME:VOLUME_NORMAL|PCR:PCR_NEUTRAL|IV:IV_NORMAL|SCORE:SCORE_NEUTRAL|PATTERN:SHORT BUILDUP|DIRECTION:UNKNOWN,PDNA_D7C6D91B,50.0,0.0,NEW,20,LOW,SELL,VALID SELL,HIGH,361.95,369.189,347.472
GODREJCP,940.5,-7.79,12419500.0,7.78,,,,,,,,,2195000.0,102.96,VOLUME_OI,VolumeAndOISpikesScans_25AUG26_Report_12_8_2026.xlsx,15,SELL,Negative Price Momentum; Fresh OI Buildup; Volume Expansion,Short Buildup,NORMALIZATION:1.0|PDNA:1.0|PRICE:PRICE_STRONG_DOWN|OI:OI_ACCUMULATION|VOLUME:VOLUME_SURGE|PCR:PCR_NEUTRAL|IV:IV_NORMAL|SCORE:SCORE_NEUTRAL|PATTERN:SHORT BUILDUP|DIRECTION:UNKNOWN,PDNA_E6AFF8FF,50.0,0.0,NEW,20,LOW,SELL,VALID SELL,HIGH,940.5,959.3100000000001,902.88
HDFCBANK,728.7,-0.53,314875600.0,0.1,,,,,,,,,1171300.0,-90.43,VOLUME_OI,VolumeAndOISpikesScans_25AUG26_Report_12_8_2026.xlsx,0,SELL,,Short Buildup,NORMALIZATION:1.0|PDNA:1.0|PRICE:PRICE_DOWN|OI:OI_NEUTRAL|VOLUME:VOLUME_CONTRACTION|PCR:PCR_NEUTRAL|IV:IV_NORMAL|SCORE:SCORE_NEUTRAL|PATTERN:SHORT BUILDUP|DIRECTION:UNKNOWN,PDNA_A980978A,50.0,0.0,NEW,20,LOW,SELL,VALID SELL,HIGH,728.7,743.2740000000001,699.552
HDFCLIFE,536.5,-0.44,48808100.0,0.06,,,,,,,,,57200.0,-98.06,VOLUME_OI,VolumeAndOISpikesScans_25AUG26_Report_12_8_2026.xlsx,0,SELL,,Short Buildup,NORMALIZATION:1.0|PDNA:1.0|PRICE:PRICE_NEUTRAL|OI:OI_NEUTRAL|VOLUME:VOLUME_CONTRACTION|PCR:PCR_NEUTRAL|IV:IV_NORMAL|SCORE:SCORE_NEUTRAL|PATTERN:SHORT BUILDUP|DIRECTION:UNKNOWN,PDNA_151840E4,50.0,0.0,NEW,20,LOW,SELL,VALID SELL,HIGH,536.5,547.23,515.04
SWIGGY,277.95,-0.23,76675550.0,0.19,,,,,,,,,341275.0,-98.06,VOLUME_OI,VolumeAndOISpikesScans_25AUG26_Report_12_8_2026.xlsx,0,SELL,,Short Buildup,NORMALIZATION:1.0|PDNA:1.0|PRICE:PRICE_NEUTRAL|OI:OI_NEUTRAL|VOLUME:VOLUME_CONTRACTION|PCR:PCR_NEUTRAL|IV:IV_NORMAL|SCORE:SCORE_NEUTRAL|PATTERN:SHORT BUILDUP|DIRECTION:UNKNOWN,PDNA_151840E4,50.0,0.0,NEW,20,LOW,SELL,VALID SELL,HIGH,277.95,283.509,266.832
PRESTIGE,1572.2,-0.77,5383350.0,0.03,,,,,,,,,15750.0,-98.9,VOLUME_OI,VolumeAndOISpikesScans_25AUG26_Report_12_8_2026.xlsx,0,SELL,,Short Buildup,NORMALIZATION:1.0|PDNA:1.0|PRICE:PRICE_DOWN|OI:OI_NEUTRAL|VOLUME:VOLUME_CONTRACTION|PCR:PCR_NEUTRAL|IV:IV_NORMAL|SCORE:SCORE_NEUTRAL|PATTERN:SHORT BUILDUP|DIRECTION:UNKNOWN,PDNA_A980978A,50.0,0.0,NEW,20,LOW,SELL,VALID SELL,HIGH,1572.2,1603.644,1509.312
ADANIENSOL,1620.5,-0.39,19097100.0,0.04,,,,,,,,,27675.0,-98.62,VOLUME_OI,VolumeAndOISpikesScans_25AUG26_Report_12_8_2026.xlsx,0,SELL,,Short Buildup,NORMALIZATION:1.0|PDNA:1.0|PRICE:PRICE_NEUTRAL|OI:OI_NEUTRAL|VOLUME:VOLUME_CONTRACTION|PCR:PCR_NEUTRAL|IV:IV_NORMAL|SCORE:SCORE_NEUTRAL|PATTERN:SHORT BUILDUP|DIRECTION:UNKNOWN,PDNA_151840E4,50.0,0.0,NEW,20,LOW,SELL,VALID SELL,HIGH,1620.5,1652.91,1555.6799999999998
OFSS,11835.0,-0.2,1219900.0,0.06,,,,,,,,,2500.0,-98.43,VOLUME_OI,VolumeAndOISpikesScans_25AUG26_Report_12_8_2026.xlsx,0,SELL,,Short Buildup,NORMALIZATION:1.0|PDNA:1.0|PRICE:PRICE_NEUTRAL|OI:OI_NEUTRAL|VOLUME:VOLUME_CONTRACTION|PCR:PCR_NEUTRAL|IV:IV_NORMAL|SCORE:SCORE_NEUTRAL|PATTERN:SHORT BUILDUP|DIRECTION:UNKNOWN,PDNA_151840E4,50.0,0.0,NEW,20,LOW,SELL,VALID SELL,HIGH,11835.0,12071.7,11361.6
SBILIFE,1831.4,-0.45,5591625.0,0.05,,,,,,,,,10125.0,-98.61,VOLUME_OI,VolumeAndOISpikesScans_25AUG26_Report_12_8_2026.xlsx,0,SELL,,Short Buildup,NORMALIZATION:1.0|PDNA:1.0|PRICE:PRICE_NEUTRAL|OI:OI_NEUTRAL|VOLUME:VOLUME_CONTRACTION|PCR:PCR_NEUTRAL|IV:IV_NORMAL|SCORE:SCORE_NEUTRAL|PATTERN:SHORT BUILDUP|DIRECTION:UNKNOWN,PDNA_151840E4,50.0,0.0,NEW,20,LOW,SELL,VALID SELL,HIGH,1831.4,1868.028,1758.144
MAZDOCK,2546.3,-0.41,5144175.0,0.04,,,,,,,,,8775.0,-97.85,VOLUME_OI,VolumeAndOISpikesScans_25AUG26_Report_12_8_2026.xlsx,0,SELL,,Short Buildup,NORMALIZATION:1.0|PDNA:1.0|PRICE:PRICE_NEUTRAL|OI:OI_NEUTRAL|VOLUME:VOLUME_CONTRACTION|PCR:PCR_NEUTRAL|IV:IV_NORMAL|SCORE:SCORE_NEUTRAL|PATTERN:SHORT BUILDUP|DIRECTION:UNKNOWN,PDNA_151840E4,50.0,0.0,NEW,20,LOW,SELL,VALID SELL,HIGH,2546.3,2597.226,2444.448
ADANIGREEN,1359.9,-0.33,27342600.0,0.06,,,,,,,,,50400.0,-97.96,VOLUME_OI,VolumeAndOISpikesScans_25AUG26_Report_12_8_2026.xlsx,0,SELL,,Short Buildup,NORMALIZATION:1.0|PDNA:1.0|PRICE:PRICE_NEUTRAL|OI:OI_NEUTRAL|VOLUME:VOLUME_CONTRACTION|PCR:PCR_NEUTRAL|IV:IV_NORMAL|SCORE:SCORE_NEUTRAL|PATTERN:SHORT BUILDUP|DIRECTION:UNKNOWN,PDNA_151840E4,50.0,0.0,NEW,20,LOW,SELL,VALID SELL,HIGH,1359.9,1387.0980000000002,1305.5040000000001
LICHSGFIN,494.7,-0.36,32137000.0,0.07,,,,,,,,,50000.0,-97.6,VOLUME_OI,VolumeAndOISpikesScans_25AUG26_Report_12_8_2026.xlsx,0,SELL,,Short Buildup,NORMALIZATION:1.0|PDNA:1.0|PRICE:PRICE_NEUTRAL|OI:OI_NEUTRAL|VOLUME:VOLUME_CONTRACTION|PCR:PCR_NEUTRAL|IV:IV_NORMAL|SCORE:SCORE_NEUTRAL|PATTERN:SHORT BUILDUP|DIRECTION:UNKNOWN,PDNA_151840E4,50.0,0.0,NEW,20,LOW,SELL,VALID SELL,HIGH,494.7,504.594,474.912
APOLLOHOSP,8719.5,-1.03,2111625.0,0.43,,,,,,,,,25375.0,-95.85,VOLUME_OI,VolumeAndOISpikesScans_25AUG26_Report_12_8_2026.xlsx,0,SELL,Negative Price Momentum,Short Buildup,NORMALIZATION:1.0|PDNA:1.0|PRICE:PRICE_DOWN|OI:OI_NEUTRAL|VOLUME:VOLUME_CONTRACTION|PCR:PCR_NEUTRAL|IV:IV_NORMAL|SCORE:SCORE_NEUTRAL|PATTERN:SHORT BUILDUP|DIRECTION:UNKNOWN,PDNA_A980978A,50.0,0.0,NEW,20,LOW,SELL,VALID SELL,HIGH,8719.5,8893.89,8370.72
COFORGE,1814.7,-0.45,13776900.0,0.09,,,,,,,,,57950.0,-95.73,VOLUME_OI,VolumeAndOISpikesScans_25AUG26_Report_12_8_2026.xlsx,0,SELL,,Short Buildup,NORMALIZATION:1.0|PDNA:1.0|PRICE:PRICE_NEUTRAL|OI:OI_NEUTRAL|VOLUME:VOLUME_CONTRACTION|PCR:PCR_NEUTRAL|IV:IV_NORMAL|SCORE:SCORE_NEUTRAL|PATTERN:SHORT BUILDUP|DIRECTION:UNKNOWN,PDNA_151840E4,50.0,0.0,NEW,20,LOW,SELL,VALID SELL,HIGH,1814.7,1850.9940000000001,1742.112
JUBLFOOD,479.75,-0.6,22191250.0,0.12,,,,,,,,,163750.0,-95.5,VOLUME_OI,VolumeAndOISpikesScans_25AUG26_Report_12_8_2026.xlsx,0,SELL,,Short Buildup,NORMALIZATION:1.0|PDNA:1.0|PRICE:PRICE_DOWN|OI:OI_NEUTRAL|VOLUME:VOLUME_CONTRACTION|PCR:PCR_NEUTRAL|IV:IV_NORMAL|SCORE:SCORE_NEUTRAL|PATTERN:SHORT BUILDUP|DIRECTION:UNKNOWN,PDNA_A980978A,50.0,0.0,NEW,20,LOW,SELL,VALID SELL,HIGH,479.75,489.345,460.56
360ONE,1147.5,-0.55,4091500.0,0.05,,,,,,,,,20500.0,-95.99,VOLUME_OI,VolumeAndOISpikesScans_25AUG26_Report_12_8_2026.xlsx,0,SELL,,Short Buildup,NORMALIZATION:1.0|PDNA:1.0|PRICE:PRICE_DOWN|OI:OI_NEUTRAL|VOLUME:VOLUME_CONTRACTION|PCR:PCR_NEUTRAL|IV:IV_NORMAL|SCORE:SCORE_NEUTRAL|PATTERN:SHORT BUILDUP|DIRECTION:UNKNOWN,PDNA_A980978A,50.0,0.0,NEW,20,LOW,SELL,VALID SELL,HIGH,1147.5,1170.45,1101.6
DLF,650.05,-0.69,48661850.0,0.05,,,,,,,,,112100.0,-96.1,VOLUME_OI,VolumeAndOISpikesScans_25AUG26_Report_12_8_2026.xlsx,0,SELL,,Short Buildup,NORMALIZATION:1.0|PDNA:1.0|PRICE:PRICE_DOWN|OI:OI_NEUTRAL|VOLUME:VOLUME_CONTRACTION|PCR:PCR_NEUTRAL|IV:IV_NORMAL|SCORE:SCORE_NEUTRAL|PATTERN:SHORT BUILDUP|DIRECTION:UNKNOWN,PDNA_A980978A,50.0,0.0,NEW,20,LOW,SELL,VALID SELL,HIGH,650.05,663.0509999999999,624.0479999999999
PFC,379.55,-0.63,63445200.0,0.29,,,,,,,,,361400.0,-95.48,VOLUME_OI,VolumeAndOISpikesScans_25AUG26_Report_12_8_2026.xlsx,0,SELL,,Short Buildup,NORMALIZATION:1.0|PDNA:1.0|PRICE:PRICE_DOWN|OI:OI_NEUTRAL|VOLUME:VOLUME_CONTRACTION|PCR:PCR_NEUTRAL|IV:IV_NORMAL|SCORE:SCORE_NEUTRAL|PATTERN:SHORT BUILDUP|DIRECTION:UNKNOWN,PDNA_A980978A,50.0,0.0,NEW,20,LOW,SELL,VALID SELL,HIGH,379.55,387.141,364.368
CROMPTON,244.5,-0.87,66970350.0,0.04,,,,,,,,,107500.0,-96.37,VOLUME_OI,VolumeAndOISpikesScans_25AUG26_Report_12_8_2026.xlsx,0,SELL,,Short Buildup,NORMALIZATION:1.0|PDNA:1.0|PRICE:PRICE_DOWN|OI:OI_NEUTRAL|VOLUME:VOLUME_CONTRACTION|PCR:PCR_NEUTRAL|IV:IV_NORMAL|SCORE:SCORE_NEUTRAL|PATTERN:SHORT BUILDUP|DIRECTION:UNKNOWN,PDNA_A980978A,50.0,0.0,NEW,20,LOW,SELL,VALID SELL,HIGH,244.5,249.39000000000001,234.72
SENSEX,78284.75,-0.28,44120.0,0.55,,,,,,,,,780.0,-95.24,VOLUME_OI,VolumeAndOISpikesScans_25AUG26_Report_12_8_2026.xlsx,0,SELL,,Short Buildup,NORMALIZATION:1.0|PDNA:1.0|PRICE:PRICE_NEUTRAL|OI:OI_NEUTRAL|VOLUME:VOLUME_CONTRACTION|PCR:PCR_NEUTRAL|IV:IV_NORMAL|SCORE:SCORE_NEUTRAL|PATTERN:SHORT BUILDUP|DIRECTION:UNKNOWN,PDNA_151840E4,50.0,0.0,NEW,20,LOW,SELL,VALID SELL,HIGH,78284.75,79850.445,75153.36
IREDA,115.23,-0.54,84400300.0,0.07,,,,,,,,,253400.0,-95.47,VOLUME_OI,VolumeAndOISpikesScans_25AUG26_Report_12_8_2026.xlsx,0,SELL,,Short Buildup,NORMALIZATION:1.0|PDNA:1.0|PRICE:PRICE_DOWN|OI:OI_NEUTRAL|VOLUME:VOLUME_CONTRACTION|PCR:PCR_NEUTRAL|IV:IV_NORMAL|SCORE:SCORE_NEUTRAL|PATTERN:SHORT BUILDUP|DIRECTION:UNKNOWN,PDNA_A980978A,50.0,0.0,NEW,20,LOW,SELL,VALID SELL,HIGH,115.23,117.53460000000001,110.6208
PHOENIXLTD,1892.4,-1.03,3682350.0,0.09,,,,,,,,,7000.0,-95.16,VOLUME_OI,VolumeAndOISpikesScans_25AUG26_Report_12_8_2026.xlsx,0,SELL,Negative Price Momentum,Short Buildup,NORMALIZATION:1.0|PDNA:1.0|PRICE:PRICE_DOWN|OI:OI_NEUTRAL|VOLUME:VOLUME_CONTRACTION|PCR:PCR_NEUTRAL|IV:IV_NORMAL|SCORE:SCORE_NEUTRAL|PATTERN:SHORT BUILDUP|DIRECTION:UNKNOWN,PDNA_A980978A,50.0,0.0,NEW,20,LOW,SELL,VALID SELL,HIGH,1892.4,1930.248,1816.704
CDSL,1340.9,-0.95,10505100.0,0.39,,,,,,,,,56050.0,-95.22,VOLUME_OI,VolumeAndOISpikesScans_25AUG26_Report_12_8_2026.xlsx,0,SELL,,Short Buildup,NORMALIZATION:1.0|PDNA:1.0|PRICE:PRICE_DOWN|OI:OI_NEUTRAL|VOLUME:VOLUME_CONTRACTION|PCR:PCR_NEUTRAL|IV:IV_NORMAL|SCORE:SCORE_NEUTRAL|PATTERN:SHORT BUILDUP|DIRECTION:UNKNOWN,PDNA_A980978A,50.0,0.0,NEW,20,LOW,SELL,VALID SELL,HIGH,1340.9,1367.718,1287.2640000000001
DABUR,410.7,-0.32,27753750.0,0.13,,,,,,,,,73750.0,-94.91,VOLUME_OI,VolumeAndOISpikesScans_25AUG26_Report_12_8_2026.xlsx,0,SELL,,Short Buildup,NORMALIZATION:1.0|PDNA:1.0|PRICE:PRICE_NEUTRAL|OI:OI_NEUTRAL|VOLUME:VOLUME_CONTRACTION|PCR:PCR_NEUTRAL|IV:IV_NORMAL|SCORE:SCORE_NEUTRAL|PATTERN:SHORT BUILDUP|DIRECTION:UNKNOWN,PDNA_151840E4,50.0,0.0,NEW,20,LOW,SELL,VALID SELL,HIGH,410.7,418.914,394.272
LODHA,1202.3,-0.33,11221250.0,0.09,,,,,,,,,35000.0,-95.64,VOLUME_OI,VolumeAndOISpikesScans_25AUG26_Report_12_8_2026.xlsx,0,SELL,,Short Buildup,NORMALIZATION:1.0|PDNA:1.0|PRICE:PRICE_NEUTRAL|OI:OI_NEUTRAL|VOLUME:VOLUME_CONTRACTION|PCR:PCR_NEUTRAL|IV:IV_NORMAL|SCORE:SCORE_NEUTRAL|PATTERN:SHORT BUILDUP|DIRECTION:UNKNOWN,PDNA_151840E4,50.0,0.0,NEW,20,LOW,SELL,VALID SELL,HIGH,1202.3,1226.346,1154.2079999999999
HCLTECH,1366.7,-0.1,26286000.0,0.03,,,,,,,,,47600.0,-95.59,VOLUME_OI,VolumeAndOISpikesScans_25AUG26_Report_12_8_2026.xlsx,0,SELL,,Short Buildup,NORMALIZATION:1.0|PDNA:1.0|PRICE:PRICE_NEUTRAL|OI:OI_NEUTRAL|VOLUME:VOLUME_CONTRACTION|PCR:PCR_NEUTRAL|IV:IV_NORMAL|SCORE:SCORE_NEUTRAL|PATTERN:SHORT BUILDUP|DIRECTION:UNKNOWN,PDNA_151840E4,50.0,0.0,NEW,20,LOW,SELL,VALID SELL,HIGH,1366.7,1394.034,1312.032
FORTIS,928.5,-1.05,10925175.0,0.3,,,,,,,,,137175.0,-93.78,VOLUME_OI,VolumeAndOISpikesScans_25AUG26_Report_12_8_2026.xlsx,0,SELL,Negative Price Momentum,Short Buildup,NORMALIZATION:1.0|PDNA:1.0|PRICE:PRICE_DOWN|OI:OI_NEUTRAL|VOLUME:VOLUME_CONTRACTION|PCR:PCR_NEUTRAL|IV:IV_NORMAL|SCORE:SCORE_NEUTRAL|PATTERN:SHORT BUILDUP|DIRECTION:UNKNOWN,PDNA_A980978A,50.0,0.0,NEW,20,LOW,SELL,VALID SELL,HIGH,928.5,947.07,891.36
PAGEIND,37995.0,-1.22,220720.0,0.89,,,,,,,,,2980.0,-94.78,VOLUME_OI,VolumeAndOISpikesScans_25AUG26_Report_12_8_2026.xlsx,0,SELL,Negative Price Momentum,Short Buildup,NORMALIZATION:1.0|PDNA:1.0|PRICE:PRICE_DOWN|OI:OI_NEUTRAL|VOLUME:VOLUME_CONTRACTION|PCR:PCR_NEUTRAL|IV:IV_NORMAL|SCORE:SCORE_NEUTRAL|PATTERN:SHORT BUILDUP|DIRECTION:UNKNOWN,PDNA_A980978A,50.0,0.0,NEW,20,LOW,SELL,VALID SELL,HIGH,37995.0,38754.9,36475.2
UNITDSPR,1527.6,-0.53,7378000.0,0.14,,,,,,,,,21200.0,-94.29,VOLUME_OI,VolumeAndOISpikesScans_25AUG26_Report_12_8_2026.xlsx,0,SELL,,Short Buildup,NORMALIZATION:1.0|PDNA:1.0|PRICE:PRICE_DOWN|OI:OI_NEUTRAL|VOLUME:VOLUME_CONTRACTION|PCR:PCR_NEUTRAL|IV:IV_NORMAL|SCORE:SCORE_NEUTRAL|PATTERN:SHORT BUILDUP|DIRECTION:UNKNOWN,PDNA_A980978A,50.0,0.0,NEW,20,LOW,SELL,VALID SELL,HIGH,1527.6,1558.152,1466.4959999999999
LAURUSLABS,1854.0,-0.15,16406700.0,0.07,,,,,,,,,77350.0,-93.85,VOLUME_OI,VolumeAndOISpikesScans_25AUG26_Report_12_8_2026.xlsx,0,SELL,,Short Buildup,NORMALIZATION:1.0|PDNA:1.0|PRICE:PRICE_NEUTRAL|OI:OI_NEUTRAL|VOLUME:VOLUME_CONTRACTION|PCR:PCR_NEUTRAL|IV:IV_NORMAL|SCORE:SCORE_NEUTRAL|PATTERN:SHORT BUILDUP|DIRECTION:UNKNOWN,PDNA_151840E4,50.0,0.0,NEW,20,LOW,SELL,VALID SELL,HIGH,1854.0,1891.08,1779.84
SUPREMEIND,3398.0,-1.05,2235275.0,0.13,,,,,,,,,8575.0,-94.03,VOLUME_OI,VolumeAndOISpikesScans_25AUG26_Report_12_8_2026.xlsx,0,SELL,Negative Price Momentum,Short Buildup,NORMALIZATION:1.0|PDNA:1.0|PRICE:PRICE_DOWN|OI:OI_NEUTRAL|VOLUME:VOLUME_CONTRACTION|PCR:PCR_NEUTRAL|IV:IV_NORMAL|SCORE:SCORE_NEUTRAL|PATTERN:SHORT BUILDUP|DIRECTION:UNKNOWN,PDNA_A980978A,50.0,0.0,NEW,20,LOW,SELL,VALID SELL,HIGH,3398.0,3465.96,3262.08
BSE,3571.4,-1.34,8971200.0,0.13,,,,,,,,,158600.0,-94.91,VOLUME_OI,VolumeAndOISpikesScans_25AUG26_Report_12_8_2026.xlsx,0,SELL,Negative Price Momentum,Short Buildup,NORMALIZATION:1.0|PDNA:1.0|PRICE:PRICE_DOWN|OI:OI_NEUTRAL|VOLUME:VOLUME_CONTRACTION|PCR:PCR_NEUTRAL|IV:IV_NORMAL|SCORE:SCORE_NEUTRAL|PATTERN:SHORT BUILDUP|DIRECTION:UNKNOWN,PDNA_A980978A,50.0,0.0,NEW,20,LOW,SELL,VALID SELL,HIGH,3571.4,3642.828,3428.544
INDHOTEL,722.5,-0.39,20886000.0,0.07,,,,,,,,,42000.0,-94.66,VOLUME_OI,VolumeAndOISpikesScans_25AUG26_Report_12_8_2026.xlsx,0,SELL,,Short Buildup,NORMALIZATION:1.0|PDNA:1.0|PRICE:PRICE_NEUTRAL|OI:OI_NEUTRAL|VOLUME:VOLUME_CONTRACTION|PCR:PCR_NEUTRAL|IV:IV_NORMAL|SCORE:SCORE_NEUTRAL|PATTERN:SHORT BUILDUP|DIRECTION:UNKNOWN,PDNA_151840E4,50.0,0.0,NEW,20,LOW,SELL,VALID SELL,HIGH,722.5,736.95,693.6
GODREJPROP,2022.5,-1.02,8370375.0,0.15,,,,,,,,,39975.0,-96.19,VOLUME_OI,VolumeAndOISpikesScans_25AUG26_Report_12_8_2026.xlsx,0,SELL,Negative Price Momentum,Short Buildup,NORMALIZATION:1.0|PDNA:1.0|PRICE:PRICE_DOWN|OI:OI_NEUTRAL|VOLUME:VOLUME_CONTRACTION|PCR:PCR_NEUTRAL|IV:IV_NORMAL|SCORE:SCORE_NEUTRAL|PATTERN:SHORT BUILDUP|DIRECTION:UNKNOWN,PDNA_A980978A,50.0,0.0,NEW,20,LOW,SELL,VALID SELL,HIGH,2022.5,2062.95,1941.6
NBCC,93.01,-0.72,102407500.0,0.1,,,,,,,,,325000.0,-96.15,VOLUME_OI,VolumeAndOISpikesScans_25AUG26_Report_12_8_2026.xlsx,0,SELL,,Short Buildup,NORMALIZATION:1.0|PDNA:1.0|PRICE:PRICE_DOWN|OI:OI_NEUTRAL|VOLUME:VOLUME_CONTRACTION|PCR:PCR_NEUTRAL|IV:IV_NORMAL|SCORE:SCORE_NEUTRAL|PATTERN:SHORT BUILDUP|DIRECTION:UNKNOWN,PDNA_A980978A,50.0,0.0,NEW,20,LOW,SELL,VALID SELL,HIGH,93.01,94.87020000000001,89.28960000000001
GMRAIRPORT,104.4,-1.19,128061000.0,0.08,,,,,,,,,516150.0,-91.7,VOLUME_OI,VolumeAndOISpikesScans_25AUG26_Report_12_8_2026.xlsx,0,SELL,Negative Price Momentum,Short Buildup,NORMALIZATION:1.0|PDNA:1.0|PRICE:PRICE_DOWN|OI:OI_NEUTRAL|VOLUME:VOLUME_CONTRACTION|PCR:PCR_NEUTRAL|IV:IV_NORMAL|SCORE:SCORE_NEUTRAL|PATTERN:SHORT BUILDUP|DIRECTION:UNKNOWN,PDNA_A980978A,50.0,0.0,NEW,20,LOW,SELL,VALID SELL,HIGH,104.4,106.48800000000001,100.224
HAVELLS,1275.0,-0.47,8411000.0,0.18,,,,,,,,,28000.0,-91.91,VOLUME_OI,VolumeAndOISpikesScans_25AUG26_Report_12_8_2026.xlsx,0,SELL,,Short Buildup,NORMALIZATION:1.0|PDNA:1.0|PRICE:PRICE_NEUTRAL|OI:OI_NEUTRAL|VOLUME:VOLUME_CONTRACTION|PCR:PCR_NEUTRAL|IV:IV_NORMAL|SCORE:SCORE_NEUTRAL|PATTERN:SHORT BUILDUP|DIRECTION:UNKNOWN,PDNA_151840E4,50.0,0.0,NEW,20,LOW,SELL,VALID SELL,HIGH,1275.0,1300.5,1224.0
TCS,2432.3,-0.49,31082850.0,0.06,,,,,,,,,60075.0,-92.11,VOLUME_OI,VolumeAndOISpikesScans_25AUG26_Report_12_8_2026.xlsx,0,SELL,,Short Buildup,NORMALIZATION:1.0|PDNA:1.0|PRICE:PRICE_NEUTRAL|OI:OI_NEUTRAL|VOLUME:VOLUME_CONTRACTION|PCR:PCR_NEUTRAL|IV:IV_NORMAL|SCORE:SCORE_NEUTRAL|PATTERN:SHORT BUILDUP|DIRECTION:UNKNOWN,PDNA_151840E4,50.0,0.0,NEW,20,LOW,SELL,VALID SELL,HIGH,2432.3,2480.9460000000004,2335.0080000000003
PERSISTENT,5471.5,-1.33,3479250.0,0.24,,,,,,,,,30000.0,-91.23,VOLUME_OI,VolumeAndOISpikesScans_25AUG26_Report_12_8_2026.xlsx,0,SELL,Negative Price Momentum,Short Buildup,NORMALIZATION:1.0|PDNA:1.0|PRICE:PRICE_DOWN|OI:OI_NEUTRAL|VOLUME:VOLUME_CONTRACTION|PCR:PCR_NEUTRAL|IV:IV_NORMAL|SCORE:SCORE_NEUTRAL|PATTERN:SHORT BUILDUP|DIRECTION:UNKNOWN,PDNA_A980978A,50.0,0.0,NEW,20,LOW,SELL,VALID SELL,HIGH,5471.5,5580.93,5252.639999999999
NIFTY,24496.9,-0.18,12131665.0,0.06,,,,,,,,,112710.0,-93.25,VOLUME_OI,VolumeAndOISpikesScans_25AUG26_Report_12_8_2026.xlsx,0,SELL,,Short Buildup,NORMALIZATION:1.0|PDNA:1.0|PRICE:PRICE_NEUTRAL|OI:OI_NEUTRAL|VOLUME:VOLUME_CONTRACTION|PCR:PCR_NEUTRAL|IV:IV_NORMAL|SCORE:SCORE_NEUTRAL|PATTERN:SHORT BUILDUP|DIRECTION:UNKNOWN,PDNA_151840E4,50.0,0.0,NEW,20,LOW,SELL,VALID SELL,HIGH,24496.9,24986.838000000003,23517.024
COLPAL,2003.5,-0.25,5155150.0,0.12,,,,,,,,,14575.0,-92.73,VOLUME_OI,VolumeAndOISpikesScans_25AUG26_Report_12_8_2026.xlsx,0,SELL,,Short Buildup,NORMALIZATION:1.0|PDNA:1.0|PRICE:PRICE_NEUTRAL|OI:OI_NEUTRAL|VOLUME:VOLUME_CONTRACTION|PCR:PCR_NEUTRAL|IV:IV_NORMAL|SCORE:SCORE_NEUTRAL|PATTERN:SHORT BUILDUP|DIRECTION:UNKNOWN,PDNA_151840E4,50.0,0.0,NEW,20,LOW,SELL,VALID SELL,HIGH,2003.5,2043.57,1923.36
HINDUNILVR,2068.8,-0.31,14703000.0,0.11,,,,,,,,,51000.0,-91.92,VOLUME_OI,VolumeAndOISpikesScans_25AUG26_Report_12_8_2026.xlsx,0,SELL,,Short Buildup,NORMALIZATION:1.0|PDNA:1.0|PRICE:PRICE_NEUTRAL|OI:OI_NEUTRAL|VOLUME:VOLUME_CONTRACTION|PCR:PCR_NEUTRAL|IV:IV_NORMAL|SCORE:SCORE_NEUTRAL|PATTERN:SHORT BUILDUP|DIRECTION:UNKNOWN,PDNA_151840E4,50.0,0.0,NEW,20,LOW,SELL,VALID SELL,HIGH,2068.8,2110.1760000000004,1986.048
BHARTIARTL,1916.1,-0.66,52018200.0,0.12,,,,,,,,,181925.0,-94.66,VOLUME_OI,VolumeAndOISpikesScans_25AUG26_Report_12_8_2026.xlsx,0,SELL,,Short Buildup,NORMALIZATION:1.0|PDNA:1.0|PRICE:PRICE_DOWN|OI:OI_NEUTRAL|VOLUME:VOLUME_CONTRACTION|PCR:PCR_NEUTRAL|IV:IV_NORMAL|SCORE:SCORE_NEUTRAL|PATTERN:SHORT BUILDUP|DIRECTION:UNKNOWN,PDNA_A980978A,50.0,0.0,NEW,20,LOW,SELL,VALID SELL,HIGH,1916.1,1954.422,1839.456
DIXON,13899.0,-0.84,2574450.0,0.15,,,,,,,,,10550.0,-92.46,VOLUME_OI,VolumeAndOISpikesScans_25AUG26_Report_12_8_2026.xlsx,0,SELL,,Short Buildup,NORMALIZATION:1.0|PDNA:1.0|PRICE:PRICE_DOWN|OI:OI_NEUTRAL|VOLUME:VOLUME_CONTRACTION|PCR:PCR_NEUTRAL|IV:IV_NORMAL|SCORE:SCORE_NEUTRAL|PATTERN:SHORT BUILDUP|DIRECTION:UNKNOWN,PDNA_A980978A,50.0,0.0,NEW,20,LOW,SELL,VALID SELL,HIGH,13899.0,14176.98,13343.039999999999
LTF,312.45,-0.65,44095500.0,0.31,,,,,,,,,355500.0,-86.07,VOLUME_OI,VolumeAndOISpikesScans_25AUG26_Report_12_8_2026.xlsx,0,SELL,,Short Buildup,NORMALIZATION:1.0|PDNA:1.0|PRICE:PRICE_DOWN|OI:OI_NEUTRAL|VOLUME:VOLUME_CONTRACTION|PCR:PCR_NEUTRAL|IV:IV_NORMAL|SCORE:SCORE_NEUTRAL|PATTERN:SHORT BUILDUP|DIRECTION:UNKNOWN,PDNA_A980978A,50.0,0.0,NEW,20,LOW,SELL,VALID SELL,HIGH,312.45,318.699,299.952
AMBER,6996.0,-1.0,1397600.0,1.71,,,,,,,,,48600.0,-85.41,VOLUME_OI,VolumeAndOISpikesScans_25AUG26_Report_12_8_2026.xlsx,0,SELL,,Short Buildup,NORMALIZATION:1.0|PDNA:1.0|PRICE:PRICE_DOWN|OI:OI_ACCUMULATION|VOLUME:VOLUME_CONTRACTION|PCR:PCR_NEUTRAL|IV:IV_NORMAL|SCORE:SCORE_NEUTRAL|PATTERN:SHORT BUILDUP|DIRECTION:UNKNOWN,PDNA_5792830B,50.0,0.0,NEW,20,LOW,SELL,VALID SELL,HIGH,6996.0,7135.92,6716.16
FINNIFTY,26418.4,-0.39,40860.0,0.59,,,,,,,,,1140.0,-80.21,VOLUME_OI,VolumeAndOISpikesScans_25AUG26_Report_12_8_2026.xlsx,0,SELL,,Short Buildup,NORMALIZATION:1.0|PDNA:1.0|PRICE:PRICE_NEUTRAL|OI:OI_NEUTRAL|VOLUME:VOLUME_CONTRACTION|PCR:PCR_NEUTRAL|IV:IV_NORMAL|SCORE:SCORE_NEUTRAL|PATTERN:SHORT BUILDUP|DIRECTION:UNKNOWN,PDNA_151840E4,50.0,0.0,NEW,20,LOW,SELL,VALID SELL,HIGH,26418.4,26946.768000000004,25361.664
AMBUJACEM,424.4,-0.35,83162400.0,0.05,,,,,,,,,98400.0,-97.0,VOLUME_OI,VolumeAndOISpikesScans_25AUG26_Report_12_8_2026.xlsx,0,SELL,,Short Buildup,NORMALIZATION:1.0|PDNA:1.0|PRICE:PRICE_NEUTRAL|OI:OI_NEUTRAL|VOLUME:VOLUME_CONTRACTION|PCR:PCR_NEUTRAL|IV:IV_NORMAL|SCORE:SCORE_NEUTRAL|PATTERN:SHORT BUILDUP|DIRECTION:UNKNOWN,PDNA_151840E4,50.0,0.0,NEW,20,LOW,SELL,VALID SELL,HIGH,424.4,432.888,407.424
MARICO,851.25,-0.45,17442000.0,0.07,,,,,,,,,33600.0,-96.9,VOLUME_OI,VolumeAndOISpikesScans_25AUG26_Report_12_8_2026.xlsx,0,SELL,,Short Buildup,NORMALIZATION:1.0|PDNA:1.0|PRICE:PRICE_NEUTRAL|OI:OI_NEUTRAL|VOLUME:VOLUME_CONTRACTION|PCR:PCR_NEUTRAL|IV:IV_NORMAL|SCORE:SCORE_NEUTRAL|PATTERN:SHORT BUILDUP|DIRECTION:UNKNOWN,PDNA_151840E4,50.0,0.0,NEW,20,LOW,SELL,VALID SELL,HIGH,851.25,868.275,817.1999999999999
NHPC,75.99,-0.35,127838300.0,0.05,,,,,,,,,201550.0,-97.23,VOLUME_OI,VolumeAndOISpikesScans_25AUG26_Report_12_8_2026.xlsx,0,SELL,,Short Buildup,NORMALIZATION:1.0|PDNA:1.0|PRICE:PRICE_NEUTRAL|OI:OI_NEUTRAL|VOLUME:VOLUME_CONTRACTION|PCR:PCR_NEUTRAL|IV:IV_NORMAL|SCORE:SCORE_NEUTRAL|PATTERN:SHORT BUILDUP|DIRECTION:UNKNOWN,PDNA_151840E4,50.0,0.0,NEW,20,LOW,SELL,VALID SELL,HIGH,75.99,77.5098,72.95039999999999
INDIGO,5253.5,-0.45,5379900.0,0.07,,,,,,,,,12750.0,-97.32,VOLUME_OI,VolumeAndOISpikesScans_25AUG26_Report_12_8_2026.xlsx,0,SELL,,Short Buildup,NORMALIZATION:1.0|PDNA:1.0|PRICE:PRICE_NEUTRAL|OI:OI_NEUTRAL|VOLUME:VOLUME_CONTRACTION|PCR:PCR_NEUTRAL|IV:IV_NORMAL|SCORE:SCORE_NEUTRAL|PATTERN:SHORT BUILDUP|DIRECTION:UNKNOWN,PDNA_151840E4,50.0,0.0,NEW,20,LOW,SELL,VALID SELL,HIGH,5253.5,5358.57,5043.36
UNOMINDA,1273.4,-0.13,4875750.0,0.08,,,,,,,,,10450.0,-97.57,VOLUME_OI,VolumeAndOISpikesScans_25AUG26_Report_12_8_2026.xlsx,0,SELL,,Short Buildup,NORMALIZATION:1.0|PDNA:1.0|PRICE:PRICE_NEUTRAL|OI:OI_NEUTRAL|VOLUME:VOLUME_CONTRACTION|PCR:PCR_NEUTRAL|IV:IV_NORMAL|SCORE:SCORE_NEUTRAL|PATTERN:SHORT BUILDUP|DIRECTION:UNKNOWN,PDNA_151840E4,50.0,0.0,NEW,20,LOW,SELL,VALID SELL,HIGH,1273.4,1298.8680000000002,1222.464
ADANIENT,2994.0,-0.01,16065528.0,0.09,,,,,,,,,41097.0,-97.55,VOLUME_OI,VolumeAndOISpikesScans_25AUG26_Report_12_8_2026.xlsx,0,SELL,,Short Buildup,NORMALIZATION:1.0|PDNA:1.0|PRICE:PRICE_NEUTRAL|OI:OI_NEUTRAL|VOLUME:VOLUME_CONTRACTION|PCR:PCR_NEUTRAL|IV:IV_NORMAL|SCORE:SCORE_NEUTRAL|PATTERN:SHORT BUILDUP|DIRECTION:UNKNOWN,PDNA_151840E4,50.0,0.0,NEW,20,LOW,SELL,VALID SELL,HIGH,2994.0,3053.88,2874.24
TATAPOWER,379.0,-0.39,61192900.0,0.03,,,,,,,,,56550.0,-97.53,VOLUME_OI,VolumeAndOISpikesScans_25AUG26_Report_12_8_2026.xlsx,0,SELL,,Short Buildup,NORMALIZATION:1.0|PDNA:1.0|PRICE:PRICE_NEUTRAL|OI:OI_NEUTRAL|VOLUME:VOLUME_CONTRACTION|PCR:PCR_NEUTRAL|IV:IV_NORMAL|SCORE:SCORE_NEUTRAL|PATTERN:SHORT BUILDUP|DIRECTION:UNKNOWN,PDNA_151840E4,50.0,0.0,NEW,20,LOW,SELL,VALID SELL,HIGH,379.0,386.58,363.84
GLENMARK,2282.5,-0.14,11628000.0,0.05,,,,,,,,,16875.0,-97.51,VOLUME_OI,VolumeAndOISpikesScans_25AUG26_Report_12_8_2026.xlsx,0,SELL,,Short Buildup,NORMALIZATION:1.0|PDNA:1.0|PRICE:PRICE_NEUTRAL|OI:OI_NEUTRAL|VOLUME:VOLUME_CONTRACTION|PCR:PCR_NEUTRAL|IV:IV_NORMAL|SCORE:SCORE_NEUTRAL|PATTERN:SHORT BUILDUP|DIRECTION:UNKNOWN,PDNA_151840E4,50.0,0.0,NEW,20,LOW,SELL,VALID SELL,HIGH,2282.5,2328.15,2191.2
ABCAPITAL,406.65,-0.29,40008600.0,0.04,,,,,,,,,108500.0,-97.51,VOLUME_OI,VolumeAndOISpikesScans_25AUG26_Report_12_8_2026.xlsx,0,SELL,,Short Buildup,NORMALIZATION:1.0|PDNA:1.0|PRICE:PRICE_NEUTRAL|OI:OI_NEUTRAL|VOLUME:VOLUME_CONTRACTION|PCR:PCR_NEUTRAL|IV:IV_NORMAL|SCORE:SCORE_NEUTRAL|PATTERN:SHORT BUILDUP|DIRECTION:UNKNOWN,PDNA_151840E4,50.0,0.0,NEW,20,LOW,SELL,VALID SELL,HIGH,406.65,414.78299999999996,390.38399999999996
NTPC,339.8,-0.16,99738000.0,0.02,,,,,,,,,130500.0,-97.08,VOLUME_OI,VolumeAndOISpikesScans_25AUG26_Report_12_8_2026.xlsx,0,SELL,,Short Buildup,NORMALIZATION:1.0|PDNA:1.0|PRICE:PRICE_NEUTRAL|OI:OI_NEUTRAL|VOLUME:VOLUME_CONTRACTION|PCR:PCR_NEUTRAL|IV:IV_NORMAL|SCORE:SCORE_NEUTRAL|PATTERN:SHORT BUILDUP|DIRECTION:UNKNOWN,PDNA_151840E4,50.0,0.0,NEW,20,LOW,SELL,VALID SELL,HIGH,339.8,346.596,326.208
MUTHOOTFIN,2928.1,-0.26,7318575.0,0.26,,,,,,,,,42625.0,-96.8,VOLUME_OI,VolumeAndOISpikesScans_25AUG26_Report_12_8_2026.xlsx,0,SELL,,Short Buildup,NORMALIZATION:1.0|PDNA:1.0|PRICE:PRICE_NEUTRAL|OI:OI_NEUTRAL|VOLUME:VOLUME_CONTRACTION|PCR:PCR_NEUTRAL|IV:IV_NORMAL|SCORE:SCORE_NEUTRAL|PATTERN:SHORT BUILDUP|DIRECTION:UNKNOWN,PDNA_151840E4,50.0,0.0,NEW,20,LOW,SELL,VALID SELL,HIGH,2928.1,2986.662,2810.9759999999997
TATACONSUM,1075.9,-0.48,15529800.0,0.09,,,,,,,,,42900.0,-96.85,VOLUME_OI,VolumeAndOISpikesScans_25AUG26_Report_12_8_2026.xlsx,0,SELL,,Short Buildup,NORMALIZATION:1.0|PDNA:1.0|PRICE:PRICE_NEUTRAL|OI:OI_NEUTRAL|VOLUME:VOLUME_CONTRACTION|PCR:PCR_NEUTRAL|IV:IV_NORMAL|SCORE:SCORE_NEUTRAL|PATTERN:SHORT BUILDUP|DIRECTION:UNKNOWN,PDNA_151840E4,50.0,0.0,NEW,20,LOW,SELL,VALID SELL,HIGH,1075.9,1097.4180000000001,1032.864
BANKNIFTY,57560.2,-0.03,2068530.0,0.06,,,,,,,,,12000.0,-97.22,VOLUME_OI,VolumeAndOISpikesScans_25AUG26_Report_12_8_2026.xlsx,0,SELL,,Short Buildup,NORMALIZATION:1.0|PDNA:1.0|PRICE:PRICE_NEUTRAL|OI:OI_NEUTRAL|VOLUME:VOLUME_CONTRACTION|PCR:PCR_NEUTRAL|IV:IV_NORMAL|SCORE:SCORE_NEUTRAL|PATTERN:SHORT BUILDUP|DIRECTION:UNKNOWN,PDNA_151840E4,50.0,0.0,NEW,20,LOW,SELL,VALID SELL,HIGH,57560.2,58711.403999999995,55257.791999999994
MPHASIS,2514.2,-0.69,4263325.0,0.17,,,,,,,,,17325.0,-96.84,VOLUME_OI,VolumeAndOISpikesScans_25AUG26_Report_12_8_2026.xlsx,0,SELL,,Short Buildup,NORMALIZATION:1.0|PDNA:1.0|PRICE:PRICE_DOWN|OI:OI_NEUTRAL|VOLUME:VOLUME_CONTRACTION|PCR:PCR_NEUTRAL|IV:IV_NORMAL|SCORE:SCORE_NEUTRAL|PATTERN:SHORT BUILDUP|DIRECTION:UNKNOWN,PDNA_A980978A,50.0,0.0,NEW,20,LOW,SELL,VALID SELL,HIGH,2514.2,2564.484,2413.6319999999996
JIOFIN,251.85,-0.43,183504450.0,0.05,,,,,,,,,343100.0,-96.49,VOLUME_OI,VolumeAndOISpikesScans_25AUG26_Report_12_8_2026.xlsx,0,SELL,,Short Buildup,NORMALIZATION:1.0|PDNA:1.0|PRICE:PRICE_NEUTRAL|OI:OI_NEUTRAL|VOLUME:VOLUME_CONTRACTION|PCR:PCR_NEUTRAL|IV:IV_NORMAL|SCORE:SCORE_NEUTRAL|PATTERN:SHORT BUILDUP|DIRECTION:UNKNOWN,PDNA_151840E4,50.0,0.0,NEW,20,LOW,SELL,VALID SELL,HIGH,251.85,256.887,241.77599999999998
BEL,403.35,-0.15,99400875.0,0.04,,,,,,,,,183825.0,-96.67,VOLUME_OI,VolumeAndOISpikesScans_25AUG26_Report_12_8_2026.xlsx,0,SELL,,Short Buildup,NORMALIZATION:1.0|PDNA:1.0|PRICE:PRICE_NEUTRAL|OI:OI_NEUTRAL|VOLUME:VOLUME_CONTRACTION|PCR:PCR_NEUTRAL|IV:IV_NORMAL|SCORE:SCORE_NEUTRAL|PATTERN:SHORT BUILDUP|DIRECTION:UNKNOWN,PDNA_151840E4,50.0,0.0,NEW,20,LOW,SELL,VALID SELL,HIGH,403.35,411.41700000000003,387.216
BAJFINANCE,1091.4,-0.56,54303000.0,0.07,,,,,,,,,116250.0,-96.7,VOLUME_OI,VolumeAndOISpikesScans_25AUG26_Report_12_8_2026.xlsx,0,SELL,,Short Buildup,NORMALIZATION:1.0|PDNA:1.0|PRICE:PRICE_DOWN|OI:OI_NEUTRAL|VOLUME:VOLUME_CONTRACTION|PCR:PCR_NEUTRAL|IV:IV_NORMAL|SCORE:SCORE_NEUTRAL|PATTERN:SHORT BUILDUP|DIRECTION:UNKNOWN,PDNA_A980978A,50.0,0.0,NEW,20,LOW,SELL,VALID SELL,HIGH,1091.4,1113.228,1047.7440000000001
SUNPHARMA,1948.0,-0.07,14277900.0,0.1,,,,,,,,,34300.0,-96.44,VOLUME_OI,VolumeAndOISpikesScans_25AUG26_Report_12_8_2026.xlsx,0,SELL,,Short Buildup,NORMALIZATION:1.0|PDNA:1.0|PRICE:PRICE_NEUTRAL|OI:OI_NEUTRAL|VOLUME:VOLUME_CONTRACTION|PCR:PCR_NEUTRAL|IV:IV_NORMAL|SCORE:SCORE_NEUTRAL|PATTERN:SHORT BUILDUP|DIRECTION:UNKNOWN,PDNA_151840E4,50.0,0.0,NEW,20,LOW,SELL,VALID SELL,HIGH,1948.0,1986.96,1870.08
ITC,278.95,-0.41,157639125.0,0.06,,,,,,,,,232875.0,-96.68,VOLUME_OI,VolumeAndOISpikesScans_25AUG26_Report_12_8_2026.xlsx,0,SELL,,Short Buildup,NORMALIZATION:1.0|PDNA:1.0|PRICE:PRICE_NEUTRAL|OI:OI_NEUTRAL|VOLUME:VOLUME_CONTRACTION|PCR:PCR_NEUTRAL|IV:IV_NORMAL|SCORE:SCORE_NEUTRAL|PATTERN:SHORT BUILDUP|DIRECTION:UNKNOWN,PDNA_151840E4,50.0,0.0,NEW,20,LOW,SELL,VALID SELL,HIGH,278.95,284.529,267.792
MAXHEALTH,1032.9,-1.12,10905300.0,0.16,,,,,,,,,57225.0,-96.52,VOLUME_OI,VolumeAndOISpikesScans_25AUG26_Report_12_8_2026.xlsx,0,SELL,Negative Price Momentum,Short Buildup,NORMALIZATION:1.0|PDNA:1.0|PRICE:PRICE_DOWN|OI:OI_NEUTRAL|VOLUME:VOLUME_CONTRACTION|PCR:PCR_NEUTRAL|IV:IV_NORMAL|SCORE:SCORE_NEUTRAL|PATTERN:SHORT BUILDUP|DIRECTION:UNKNOWN,PDNA_A980978A,50.0,0.0,NEW,20,LOW,SELL,VALID SELL,HIGH,1032.9,1053.5580000000002,991.5840000000001
TITAN,5099.2,-0.3,5203800.0,0.03,,,,,,,,,13475.0,-98.66,VOLUME_OI,VolumeAndOISpikesScans_25AUG26_Report_12_8_2026.xlsx,0,SELL,,Short Buildup,NORMALIZATION:1.0|PDNA:1.0|PRICE:PRICE_NEUTRAL|OI:OI_NEUTRAL|VOLUME:VOLUME_CONTRACTION|PCR:PCR_NEUTRAL|IV:IV_NORMAL|SCORE:SCORE_NEUTRAL|PATTERN:SHORT BUILDUP|DIRECTION:UNKNOWN,PDNA_151840E4,50.0,0.0,NEW,20,LOW,SELL,VALID SELL,HIGH,5099.2,5201.184,4895.232
WIPRO,183.96,-0.47,208881000.0,0.02,,,,,,,,,225000.0,-98.8,VOLUME_OI,VolumeAndOISpikesScans_25AUG26_Report_12_8_2026.xlsx,0,SELL,,Short Buildup,NORMALIZATION:1.0|PDNA:1.0|PRICE:PRICE_NEUTRAL|OI:OI_NEUTRAL|VOLUME:VOLUME_CONTRACTION|PCR:PCR_NEUTRAL|IV:IV_NORMAL|SCORE:SCORE_NEUTRAL|PATTERN:SHORT BUILDUP|DIRECTION:UNKNOWN,PDNA_151840E4,50.0,0.0,NEW,20,LOW,SELL,VALID SELL,HIGH,183.96,187.63920000000002,176.6016
INDUSINDBK,1009.7,-0.15,33415900.0,0.01,,,,,,,,,15400.0,-98.81,VOLUME_OI,VolumeAndOISpikesScans_25AUG26_Report_12_8_2026.xlsx,0,SELL,,Short Buildup,NORMALIZATION:1.0|PDNA:1.0|PRICE:PRICE_NEUTRAL|OI:OI_NEUTRAL|VOLUME:VOLUME_CONTRACTION|PCR:PCR_NEUTRAL|IV:IV_NORMAL|SCORE:SCORE_NEUTRAL|PATTERN:SHORT BUILDUP|DIRECTION:UNKNOWN,PDNA_151840E4,50.0,0.0,NEW,20,LOW,SELL,VALID SELL,HIGH,1009.7,1029.894,969.312
PATANJALI,351.05,-0.88,35078325.0,0.06,,,,,,,,,91375.0,-98.86,VOLUME_OI,VolumeAndOISpikesScans_25AUG26_Report_12_8_2026.xlsx,0,SELL,,Short Buildup,NORMALIZATION:1.0|PDNA:1.0|PRICE:PRICE_DOWN|OI:OI_NEUTRAL|VOLUME:VOLUME_CONTRACTION|PCR:PCR_NEUTRAL|IV:IV_NORMAL|SCORE:SCORE_NEUTRAL|PATTERN:SHORT BUILDUP|DIRECTION:UNKNOWN,PDNA_A980978A,50.0,0.0,NEW,20,LOW,SELL,VALID SELL,HIGH,351.05,358.071,337.008
ALKEM,5520.0,-0.18,1446375.0,0.03,,,,,,,,,1875.0,-98.73,VOLUME_OI,VolumeAndOISpikesScans_25AUG26_Report_12_8_2026.xlsx,0,SELL,,Short Buildup,NORMALIZATION:1.0|PDNA:1.0|PRICE:PRICE_NEUTRAL|OI:OI_NEUTRAL|VOLUME:VOLUME_CONTRACTION|PCR:PCR_NEUTRAL|IV:IV_NORMAL|SCORE:SCORE_NEUTRAL|PATTERN:SHORT BUILDUP|DIRECTION:UNKNOWN,PDNA_151840E4,50.0,0.0,NEW,20,LOW,SELL,VALID SELL,HIGH,5520.0,5630.400000000001,5299.2
ULTRACEMCO,11748.0,-0.38,1614450.0,0.04,,,,,,,,,1850.0,-98.74,VOLUME_OI,VolumeAndOISpikesScans_25AUG26_Report_12_8_2026.xlsx,0,SELL,,Short Buildup,NORMALIZATION:1.0|PDNA:1.0|PRICE:PRICE_NEUTRAL|OI:OI_NEUTRAL|VOLUME:VOLUME_CONTRACTION|PCR:PCR_NEUTRAL|IV:IV_NORMAL|SCORE:SCORE_NEUTRAL|PATTERN:SHORT BUILDUP|DIRECTION:UNKNOWN,PDNA_151840E4,50.0,0.0,NEW,20,LOW,SELL,VALID SELL,HIGH,11748.0,11982.960000000001,11278.08
INOXWIND,74.0,-0.24,108441600.0,0.04,,,,,,,,,121600.0,-98.55,VOLUME_OI,VolumeAndOISpikesScans_25AUG26_Report_12_8_2026.xlsx,0,SELL,,Short Buildup,NORMALIZATION:1.0|PDNA:1.0|PRICE:PRICE_NEUTRAL|OI:OI_NEUTRAL|VOLUME:VOLUME_CONTRACTION|PCR:PCR_NEUTRAL|IV:IV_NORMAL|SCORE:SCORE_NEUTRAL|PATTERN:SHORT BUILDUP|DIRECTION:UNKNOWN,PDNA_151840E4,50.0,0.0,NEW,20,LOW,SELL,VALID SELL,HIGH,74.0,75.48,71.03999999999999
POLICYBZR,1714.0,-0.83,8593900.0,0.04,,,,,,,,,30800.0,-98.52,VOLUME_OI,VolumeAndOISpikesScans_25AUG26_Report_12_8_2026.xlsx,0,SELL,,Short Buildup,NORMALIZATION:1.0|PDNA:1.0|PRICE:PRICE_DOWN|OI:OI_NEUTRAL|VOLUME:VOLUME_CONTRACTION|PCR:PCR_NEUTRAL|IV:IV_NORMAL|SCORE:SCORE_NEUTRAL|PATTERN:SHORT BUILDUP|DIRECTION:UNKNOWN,PDNA_A980978A,50.0,0.0,NEW,20,LOW,SELL,VALID SELL,HIGH,1714.0,1748.28,1645.4399999999998
INFY,1185.5,-0.46,81492400.0,0.03,,,,,,,,,148000.0,-98.3,VOLUME_OI,VolumeAndOISpikesScans_25AUG26_Report_12_8_2026.xlsx,0,SELL,,Short Buildup,NORMALIZATION:1.0|PDNA:1.0|PRICE:PRICE_NEUTRAL|OI:OI_NEUTRAL|VOLUME:VOLUME_CONTRACTION|PCR:PCR_NEUTRAL|IV:IV_NORMAL|SCORE:SCORE_NEUTRAL|PATTERN:SHORT BUILDUP|DIRECTION:UNKNOWN,PDNA_151840E4,50.0,0.0,NEW,20,LOW,SELL,VALID SELL,HIGH,1185.5,1209.21,1138.08
LT,4029.0,-0.45,10871000.0,0.03,,,,,,,,,21350.0,-97.43,VOLUME_OI,VolumeAndOISpikesScans_25AUG26_Report_12_8_2026.xlsx,0,SELL,,Short Buildup,NORMALIZATION:1.0|PDNA:1.0|PRICE:PRICE_NEUTRAL|OI:OI_NEUTRAL|VOLUME:VOLUME_CONTRACTION|PCR:PCR_NEUTRAL|IV:IV_NORMAL|SCORE:SCORE_NEUTRAL|PATTERN:SHORT BUILDUP|DIRECTION:UNKNOWN,PDNA_151840E4,50.0,0.0,NEW,20,LOW,SELL,VALID SELL,HIGH,4029.0,4109.58,3867.8399999999997
KFINTECH,925.05,-1.15,4333200.0,0.04,,,,,,,,,11500.0,-97.43,VOLUME_OI,VolumeAndOISpikesScans_25AUG26_Report_12_8_2026.xlsx,0,SELL,Negative Price Momentum,Short Buildup,NORMALIZATION:1.0|PDNA:1.0|PRICE:PRICE_DOWN|OI:OI_NEUTRAL|VOLUME:VOLUME_CONTRACTION|PCR:PCR_NEUTRAL|IV:IV_NORMAL|SCORE:SCORE_NEUTRAL|PATTERN:SHORT BUILDUP|DIRECTION:UNKNOWN,PDNA_A980978A,50.0,0.0,NEW,20,LOW,SELL,VALID SELL,HIGH,925.05,943.5509999999999,888.0479999999999
BAJAJFINSV,2012.2,-0.39,7534800.0,0.05,,,,,,,,,13500.0,-97.92,VOLUME_OI,VolumeAndOISpikesScans_25AUG26_Report_12_8_2026.xlsx,0,SELL,,Short Buildup,NORMALIZATION:1.0|PDNA:1.0|PRICE:PRICE_NEUTRAL|OI:OI_NEUTRAL|VOLUME:VOLUME_CONTRACTION|PCR:PCR_NEUTRAL|IV:IV_NORMAL|SCORE:SCORE_NEUTRAL|PATTERN:SHORT BUILDUP|DIRECTION:UNKNOWN,PDNA_151840E4,50.0,0.0,NEW,20,LOW,SELL,VALID SELL,HIGH,2012.2,2052.444,1931.712
JSWENERGY,560.75,-0.84,25308725.0,0.02,,,,,,,,,56975.0,-97.69,VOLUME_OI,VolumeAndOISpikesScans_25AUG26_Report_12_8_2026.xlsx,0,SELL,,Short Buildup,NORMALIZATION:1.0|PDNA:1.0|PRICE:PRICE_DOWN|OI:OI_NEUTRAL|VOLUME:VOLUME_CONTRACTION|PCR:PCR_NEUTRAL|IV:IV_NORMAL|SCORE:SCORE_NEUTRAL|PATTERN:SHORT BUILDUP|DIRECTION:UNKNOWN,PDNA_A980978A,50.0,0.0,NEW,20,LOW,SELL,VALID SELL,HIGH,560.75,571.965,538.3199999999999
DRREDDY,1199.7,-0.64,13155625.0,0.05,,,,,,,,,98750.0,-97.68,VOLUME_OI,VolumeAndOISpikesScans_25AUG26_Report_12_8_2026.xlsx,0,SELL,,Short Buildup,NORMALIZATION:1.0|PDNA:1.0|PRICE:PRICE_DOWN|OI:OI_NEUTRAL|VOLUME:VOLUME_CONTRACTION|PCR:PCR_NEUTRAL|IV:IV_NORMAL|SCORE:SCORE_NEUTRAL|PATTERN:SHORT BUILDUP|DIRECTION:UNKNOWN,PDNA_A980978A,50.0,0.0,NEW,20,LOW,SELL,VALID SELL,HIGH,1199.7,1223.694,1151.712
PGEL,616.35,-0.34,12920950.0,0.07,,,,,,,,,38950.0,-97.67,VOLUME_OI,VolumeAndOISpikesScans_25AUG26_Report_12_8_2026.xlsx,0,SELL,,Short Buildup,NORMALIZATION:1.0|PDNA:1.0|PRICE:PRICE_NEUTRAL|OI:OI_NEUTRAL|VOLUME:VOLUME_CONTRACTION|PCR:PCR_NEUTRAL|IV:IV_NORMAL|SCORE:SCORE_NEUTRAL|PATTERN:SHORT BUILDUP|DIRECTION:UNKNOWN,PDNA_151840E4,50.0,0.0,NEW,20,LOW,SELL,VALID SELL,HIGH,616.35,628.677,591.696
MARUTI,13995.0,-0.11,1901200.0,0.09,,,,,,,,,5250.0,-97.76,VOLUME_OI,VolumeAndOISpikesScans_25AUG26_Report_12_8_2026.xlsx,0,SELL,,Short Buildup,NORMALIZATION:1.0|PDNA:1.0|PRICE:PRICE_NEUTRAL|OI:OI_NEUTRAL|VOLUME:VOLUME_CONTRACTION|PCR:PCR_NEUTRAL|IV:IV_NORMAL|SCORE:SCORE_NEUTRAL|PATTERN:SHORT BUILDUP|DIRECTION:UNKNOWN,PDNA_151840E4,50.0,0.0,NEW,20,LOW,SELL,VALID SELL,HIGH,13995.0,14274.9,13435.199999999999
CUMMINSIND,5381.5,-0.47,4321800.0,0.05,,,,,,,,,8400.0,-97.35,VOLUME_OI,VolumeAndOISpikesScans_25AUG26_Report_12_8_2026.xlsx,0,SELL,,Short Buildup,NORMALIZATION:1.0|PDNA:1.0|PRICE:PRICE_NEUTRAL|OI:OI_NEUTRAL|VOLUME:VOLUME_CONTRACTION|PCR:PCR_NEUTRAL|IV:IV_NORMAL|SCORE:SCORE_NEUTRAL|PATTERN:SHORT BUILDUP|DIRECTION:UNKNOWN,PDNA_151840E4,50.0,0.0,NEW,20,LOW,SELL,VALID SELL,HIGH,5381.5,5489.13,5166.24
M&M,3451.6,-0.54,11312400.0,0.02,,,,,,,,,32400.0,-97.35,VOLUME_OI,VolumeAndOISpikesScans_25AUG26_Report_12_8_2026.xlsx,0,SELL,,Short Buildup,NORMALIZATION:1.0|PDNA:1.0|PRICE:PRICE_DOWN|OI:OI_NEUTRAL|VOLUME:VOLUME_CONTRACTION|PCR:PCR_NEUTRAL|IV:IV_NORMAL|SCORE:SCORE_NEUTRAL|PATTERN:SHORT BUILDUP|DIRECTION:UNKNOWN,PDNA_A980978A,50.0,0.0,NEW,20,LOW,SELL,VALID SELL,HIGH,3451.6,3520.632,3313.5359999999996
ICICIPRULI,496.4,-0.39,18009750.0,0.09,,,,,,,,,47175.0,-97.39,VOLUME_OI,VolumeAndOISpikesScans_25AUG26_Report_12_8_2026.xlsx,0,SELL,,Short Buildup,NORMALIZATION:1.0|PDNA:1.0|PRICE:PRICE_NEUTRAL|OI:OI_NEUTRAL|VOLUME:VOLUME_CONTRACTION|PCR:PCR_NEUTRAL|IV:IV_NORMAL|SCORE:SCORE_NEUTRAL|PATTERN:SHORT BUILDUP|DIRECTION:UNKNOWN,PDNA_151840E4,50.0,0.0,NEW,20,LOW,SELL,VALID SELL,HIGH,496.4,506.328,476.544
VMM,109.76,-0.35,46768550.0,0.07,,,,,,,,,97000.0,-97.43,VOLUME_OI,VolumeAndOISpikesScans_25AUG26_Report_12_8_2026.xlsx,0,SELL,,Short Buildup,NORMALIZATION:1.0|PDNA:1.0|PRICE:PRICE_NEUTRAL|OI:OI_NEUTRAL|VOLUME:VOLUME_CONTRACTION|PCR:PCR_NEUTRAL|IV:IV_NORMAL|SCORE:SCORE_NEUTRAL|PATTERN:SHORT BUILDUP|DIRECTION:UNKNOWN,PDNA_151840E4,50.0,0.0,NEW,20,LOW,SELL,VALID SELL,HIGH,109.76,111.9552,105.3696
POWERGRID,266.75,-0.24,54872000.0,0.06,,,,,,,,,89300.0,-97.03,VOLUME_OI,VolumeAndOISpikesScans_25AUG26_Report_12_8_2026.xlsx,0,SELL,,Short Buildup,NORMALIZATION:1.0|PDNA:1.0|PRICE:PRICE_NEUTRAL|OI:OI_NEUTRAL|VOLUME:VOLUME_CONTRACTION|PCR:PCR_NEUTRAL|IV:IV_NORMAL|SCORE:SCORE_NEUTRAL|PATTERN:SHORT BUILDUP|DIRECTION:UNKNOWN,PDNA_151840E4,50.0,0.0,NEW,20,LOW,SELL,VALID SELL,HIGH,266.75,272.085,256.08
TORNTPHARM,4881.5,-0.34,3798250.0,0.04,,,,,,,,,6875.0,-97.13,VOLUME_OI,VolumeAndOISpikesScans_25AUG26_Report_12_8_2026.xlsx,0,SELL,,Short Buildup,NORMALIZATION:1.0|PDNA:1.0|PRICE:PRICE_NEUTRAL|OI:OI_NEUTRAL|VOLUME:VOLUME_CONTRACTION|PCR:PCR_NEUTRAL|IV:IV_NORMAL|SCORE:SCORE_NEUTRAL|PATTERN:SHORT BUILDUP|DIRECTION:UNKNOWN,PDNA_151840E4,50.0,0.0,NEW,20,LOW,SELL,VALID SELL,HIGH,4881.5,4979.13,4686.24
RBLBANK,387.0,-0.06,41643300.0,0.02,,,,,,,,,60325.0,-98.05,VOLUME_OI,VolumeAndOISpikesScans_25AUG26_Report_12_8_2026.xlsx,0,SELL,,Short Buildup,NORMALIZATION:1.0|PDNA:1.0|PRICE:PRICE_NEUTRAL|OI:OI_NEUTRAL|VOLUME:VOLUME_CONTRACTION|PCR:PCR_NEUTRAL|IV:IV_NORMAL|SCORE:SCORE_NEUTRAL|PATTERN:SHORT BUILDUP|DIRECTION:UNKNOWN,PDNA_151840E4,50.0,0.0,NEW,20,LOW,SELL,VALID SELL,HIGH,387.0,394.74,371.52
SBICARD,643.6,-0.55,23318400.0,0.02,,,,,,,,,32000.0,-97.98,VOLUME_OI,VolumeAndOISpikesScans_25AUG26_Report_12_8_2026.xlsx,0,SELL,,Short Buildup,NORMALIZATION:1.0|PDNA:1.0|PRICE:PRICE_DOWN|OI:OI_NEUTRAL|VOLUME:VOLUME_CONTRACTION|PCR:PCR_NEUTRAL|IV:IV_NORMAL|SCORE:SCORE_NEUTRAL|PATTERN:SHORT BUILDUP|DIRECTION:UNKNOWN,PDNA_A980978A,50.0,0.0,NEW,20,LOW,SELL,VALID SELL,HIGH,643.6,656.472,617.856
ANGELONE,288.95,-0.91,30515000.0,0.11,,,,,,,,,150000.0,-98.13,VOLUME_OI,VolumeAndOISpikesScans_25AUG26_Report_12_8_2026.xlsx,0,SELL,,Short Buildup,NORMALIZATION:1.0|PDNA:1.0|PRICE:PRICE_DOWN|OI:OI_NEUTRAL|VOLUME:VOLUME_CONTRACTION|PCR:PCR_NEUTRAL|IV:IV_NORMAL|SCORE:SCORE_NEUTRAL|PATTERN:SHORT BUILDUP|DIRECTION:UNKNOWN,PDNA_A980978A,50.0,0.0,NEW,20,LOW,SELL,VALID SELL,HIGH,288.95,294.729,277.392
AXISBANK,1231.9,-0.41,80048125.0,0.03,,,,,,,,,75625.0,-98.13,VOLUME_OI,VolumeAndOISpikesScans_25AUG26_Report_12_8_2026.xlsx,0,SELL,,Short Buildup,NORMALIZATION:1.0|PDNA:1.0|PRICE:PRICE_NEUTRAL|OI:OI_NEUTRAL|VOLUME:VOLUME_CONTRACTION|PCR:PCR_NEUTRAL|IV:IV_NORMAL|SCORE:SCORE_NEUTRAL|PATTERN:SHORT BUILDUP|DIRECTION:UNKNOWN,PDNA_151840E4,50.0,0.0,NEW,20,LOW,SELL,VALID SELL,HIGH,1231.9,1256.538,1182.624
HDFCAMC,2512.1,-0.66,6853200.0,0.03,,,,,,,,,17100.0,-98.08,VOLUME_OI,VolumeAndOISpikesScans_25AUG26_Report_12_8_2026.xlsx,0,SELL,,Short Buildup,NORMALIZATION:1.0|PDNA:1.0|PRICE:PRICE_DOWN|OI:OI_NEUTRAL|VOLUME:VOLUME_CONTRACTION|PCR:PCR_NEUTRAL|IV:IV_NORMAL|SCORE:SCORE_NEUTRAL|PATTERN:SHORT BUILDUP|DIRECTION:UNKNOWN,PDNA_A980978A,50.0,0.0,NEW,20,LOW,SELL,VALID SELL,HIGH,2512.1,2562.342,2411.616
KEI,5608.0,-0.67,1606325.0,0.07,,,,,,,,,7525.0,-98.08,VOLUME_OI,VolumeAndOISpikesScans_25AUG26_Report_12_8_2026.xlsx,0,SELL,,Short Buildup,NORMALIZATION:1.0|PDNA:1.0|PRICE:PRICE_DOWN|OI:OI_NEUTRAL|VOLUME:VOLUME_CONTRACTION|PCR:PCR_NEUTRAL|IV:IV_NORMAL|SCORE:SCORE_NEUTRAL|PATTERN:SHORT BUILDUP|DIRECTION:UNKNOWN,PDNA_A980978A,50.0,0.0,NEW,20,LOW,SELL,VALID SELL,HIGH,5608.0,5720.16,5383.679999999999
VBL,436.4,-0.65,54879825.0,0.04,,,,,,,,,104550.0,-98.14,VOLUME_OI,VolumeAndOISpikesScans_25AUG26_Report_12_8_2026.xlsx,0,SELL,,Short Buildup,NORMALIZATION:1.0|PDNA:1.0|PRICE:PRICE_DOWN|OI:OI_NEUTRAL|VOLUME:VOLUME_CONTRACTION|PCR:PCR_NEUTRAL|IV:IV_NORMAL|SCORE:SCORE_NEUTRAL|PATTERN:SHORT BUILDUP|DIRECTION:UNKNOWN,PDNA_A980978A,50.0,0.0,NEW,20,LOW,SELL,VALID SELL,HIGH,436.4,445.128,418.94399999999996
VOLTAS,1278.2,-0.7,7212750.0,0.1,,,,,,,,,19875.0,-98.05,VOLUME_OI,VolumeAndOISpikesScans_25AUG26_Report_12_8_2026.xlsx,0,SELL,,Short Buildup,NORMALIZATION:1.0|PDNA:1.0|PRICE:PRICE_DOWN|OI:OI_NEUTRAL|VOLUME:VOLUME_CONTRACTION|PCR:PCR_NEUTRAL|IV:IV_NORMAL|SCORE:SCORE_NEUTRAL|PATTERN:SHORT BUILDUP|DIRECTION:UNKNOWN,PDNA_A980978A,50.0,0.0,NEW,20,LOW,SELL,VALID SELL,HIGH,1278.2,1303.7640000000001,1227.072
BLUESTARCO,1486.1,-0.65,4891900.0,0.13,,,,,,,,,13975.0,-98.04,VOLUME_OI,VolumeAndOISpikesScans_25AUG26_Report_12_8_2026.xlsx,0,SELL,,Short Buildup,NORMALIZATION:1.0|PDNA:1.0|PRICE:PRICE_DOWN|OI:OI_NEUTRAL|VOLUME:VOLUME_CONTRACTION|PCR:PCR_NEUTRAL|IV:IV_NORMAL|SCORE:SCORE_NEUTRAL|PATTERN:SHORT BUILDUP|DIRECTION:UNKNOWN,PDNA_A980978A,50.0,0.0,NEW,20,LOW,SELL,VALID SELL,HIGH,1486.1,1515.822,1426.656
ICICIGI,1638.6,-0.35,5446350.0,0.02,,,,,,,,,5850.0,-98.03,VOLUME_OI,VolumeAndOISpikesScans_25AUG26_Report_12_8_2026.xlsx,0,SELL,,Short Buildup,NORMALIZATION:1.0|PDNA:1.0|PRICE:PRICE_NEUTRAL|OI:OI_NEUTRAL|VOLUME:VOLUME_CONTRACTION|PCR:PCR_NEUTRAL|IV:IV_NORMAL|SCORE:SCORE_NEUTRAL|PATTERN:SHORT BUILDUP|DIRECTION:UNKNOWN,PDNA_151840E4,50.0,0.0,NEW,20,LOW,SELL,VALID SELL,HIGH,1638.6,1671.3719999999998,1573.0559999999998
GODFRYPHLP,2217.8,-0.09,1736625.0,0.05,,,,,,,,,2200.0,-98.99,VOLUME_OI,VolumeAndOISpikesScans_25AUG26_Report_12_8_2026.xlsx,0,SELL,,Short Buildup,NORMALIZATION:1.0|PDNA:1.0|PRICE:PRICE_NEUTRAL|OI:OI_NEUTRAL|VOLUME:VOLUME_CONTRACTION|PCR:PCR_NEUTRAL|IV:IV_NORMAL|SCORE:SCORE_NEUTRAL|PATTERN:SHORT BUILDUP|DIRECTION:UNKNOWN,PDNA_151840E4,50.0,0.0,NEW,20,LOW,SELL,VALID SELL,HIGH,2217.8,2262.1560000000004,2129.088
PNBHOUSING,1147.5,-0.31,7833150.0,0.03,,,,,,,,,4550.0,-99.14,VOLUME_OI,VolumeAndOISpikesScans_25AUG26_Report_12_8_2026.xlsx,0,SELL,,Short Buildup,NORMALIZATION:1.0|PDNA:1.0|PRICE:PRICE_NEUTRAL|OI:OI_NEUTRAL|VOLUME:VOLUME_CONTRACTION|PCR:PCR_NEUTRAL|IV:IV_NORMAL|SCORE:SCORE_NEUTRAL|PATTERN:SHORT BUILDUP|DIRECTION:UNKNOWN,PDNA_151840E4,50.0,0.0,NEW,20,LOW,SELL,VALID SELL,HIGH,1147.5,1170.45,1101.6
KAYNES,3722.8,-0.02,3625800.0,0.08,,,,,,,,,10200.0,-99.26,VOLUME_OI,VolumeAndOISpikesScans_25AUG26_Report_12_8_2026.xlsx,0,SELL,,Short Buildup,NORMALIZATION:1.0|PDNA:1.0|PRICE:PRICE_NEUTRAL|OI:OI_NEUTRAL|VOLUME:VOLUME_CONTRACTION|PCR:PCR_NEUTRAL|IV:IV_NORMAL|SCORE:SCORE_NEUTRAL|PATTERN:SHORT BUILDUP|DIRECTION:UNKNOWN,PDNA_151840E4,50.0,0.0,NEW,20,LOW,SELL,VALID SELL,HIGH,3722.8,3797.2560000000003,3573.888
MIDCPNIFTY,14965.25,-0.1,1762680.0,0.12,,,,,,,,,4320.0,-99.03,VOLUME_OI,VolumeAndOISpikesScans_25AUG26_Report_12_8_2026.xlsx,0,SELL,,Short Buildup,NORMALIZATION:1.0|PDNA:1.0|PRICE:PRICE_NEUTRAL|OI:OI_NEUTRAL|VOLUME:VOLUME_CONTRACTION|PCR:PCR_NEUTRAL|IV:IV_NORMAL|SCORE:SCORE_NEUTRAL|PATTERN:SHORT BUILDUP|DIRECTION:UNKNOWN,PDNA_151840E4,50.0,0.0,NEW,20,LOW,SELL,VALID SELL,HIGH,14965.25,15264.555,14366.64
NAM-INDIA,1170.5,-0.26,7454375.0,0.02,,,,,,,,,5000.0,-98.78,VOLUME_OI,VolumeAndOISpikesScans_25AUG26_Report_12_8_2026.xlsx,0,SELL,,Short Buildup,NORMALIZATION:1.0|PDNA:1.0|PRICE:PRICE_NEUTRAL|OI:OI_NEUTRAL|VOLUME:VOLUME_CONTRACTION|PCR:PCR_NEUTRAL|IV:IV_NORMAL|SCORE:SCORE_NEUTRAL|PATTERN:SHORT BUILDUP|DIRECTION:UNKNOWN,PDNA_151840E4,50.0,0.0,NEW,20,LOW,SELL,VALID SELL,HIGH,1170.5,1193.91,1123.68
DMART,4037.1,-0.41,5124300.0,0.03,,,,,,,,,3450.0,-98.79,VOLUME_OI,VolumeAndOISpikesScans_25AUG26_Report_12_8_2026.xlsx,0,SELL,,Short Buildup,NORMALIZATION:1.0|PDNA:1.0|PRICE:PRICE_NEUTRAL|OI:OI_NEUTRAL|VOLUME:VOLUME_CONTRACTION|PCR:PCR_NEUTRAL|IV:IV_NORMAL|SCORE:SCORE_NEUTRAL|PATTERN:SHORT BUILDUP|DIRECTION:UNKNOWN,PDNA_151840E4,50.0,0.0,NEW,20,LOW,SELL,VALID SELL,HIGH,4037.1,4117.842,3875.616
RADICO,4512.1,-0.73,896250.0,0.03,,,,,,,,,1650.0,-98.37,VOLUME_OI,VolumeAndOISpikesScans_25AUG26_Report_12_8_2026.xlsx,0,SELL,,Short Buildup,NORMALIZATION:1.0|PDNA:1.0|PRICE:PRICE_DOWN|OI:OI_NEUTRAL|VOLUME:VOLUME_CONTRACTION|PCR:PCR_NEUTRAL|IV:IV_NORMAL|SCORE:SCORE_NEUTRAL|PATTERN:SHORT BUILDUP|DIRECTION:UNKNOWN,PDNA_A980978A,50.0,0.0,NEW,20,LOW,SELL,VALID SELL,HIGH,4512.1,4602.342000000001,4331.616
ADANIPOWER,208.76,-0.29,161407850.0,0.04,,,,,,,,,216550.0,-98.33,VOLUME_OI,VolumeAndOISpikesScans_25AUG26_Report_12_8_2026.xlsx,0,SELL,,Short Buildup,NORMALIZATION:1.0|PDNA:1.0|PRICE:PRICE_NEUTRAL|OI:OI_NEUTRAL|VOLUME:VOLUME_CONTRACTION|PCR:PCR_NEUTRAL|IV:IV_NORMAL|SCORE:SCORE_NEUTRAL|PATTERN:SHORT BUILDUP|DIRECTION:UNKNOWN,PDNA_151840E4,50.0,0.0,NEW,20,LOW,SELL,VALID SELL,HIGH,208.76,212.93519999999998,200.40959999999998
RECLTD,339.25,-0.73,42762825.0,0.06,,,,,,,,,118125.0,-98.19,VOLUME_OI,VolumeAndOISpikesScans_25AUG26_Report_12_8_2026.xlsx,0,SELL,,Short Buildup,NORMALIZATION:1.0|PDNA:1.0|PRICE:PRICE_DOWN|OI:OI_NEUTRAL|VOLUME:VOLUME_CONTRACTION|PCR:PCR_NEUTRAL|IV:IV_NORMAL|SCORE:SCORE_NEUTRAL|PATTERN:SHORT BUILDUP|DIRECTION:UNKNOWN,PDNA_A980978A,50.0,0.0,NEW,20,LOW,SELL,VALID SELL,HIGH,339.25,346.035,325.68
GAIL,174.35,-0.14,88064850.0,0.11,,,,,,,,,202350.0,-98.27,VOLUME_OI,VolumeAndOISpikesScans_25AUG26_Report_12_8_2026.xlsx,0,SELL,,Short Buildup,NORMALIZATION:1.0|PDNA:1.0|PRICE:PRICE_NEUTRAL|OI:OI_NEUTRAL|VOLUME:VOLUME_CONTRACTION|PCR:PCR_NEUTRAL|IV:IV_NORMAL|SCORE:SCORE_NEUTRAL|PATTERN:SHORT BUILDUP|DIRECTION:UNKNOWN,PDNA_151840E4,50.0,0.0,NEW,20,LOW,SELL,VALID SELL,HIGH,174.35,177.837,167.37599999999998
AUBANK,1066.5,-0.07,21753000.0,0.06,,,,,,,,,25000.0,-98.21,VOLUME_OI,VolumeAndOISpikesScans_25AUG26_Report_12_8_2026.xlsx,0,SELL,,Short Buildup,NORMALIZATION:1.0|PDNA:1.0|PRICE:PRICE_NEUTRAL|OI:OI_NEUTRAL|VOLUME:VOLUME_CONTRACTION|PCR:PCR_NEUTRAL|IV:IV_NORMAL|SCORE:SCORE_NEUTRAL|PATTERN:SHORT BUILDUP|DIRECTION:UNKNOWN,PDNA_151840E4,50.0,0.0,NEW,20,LOW,SELL,VALID SELL,HIGH,1066.5,1087.83,1023.8399999999999
CAMS,784.6,-0.93,7349100.0,0.04,,,,,,,,,13200.0,-98.26,VOLUME_OI,VolumeAndOISpikesScans_25AUG26_Report_12_8_2026.xlsx,0,SELL,,Short Buildup,NORMALIZATION:1.0|PDNA:1.0|PRICE:PRICE_DOWN|OI:OI_NEUTRAL|VOLUME:VOLUME_CONTRACTION|PCR:PCR_NEUTRAL|IV:IV_NORMAL|SCORE:SCORE_NEUTRAL|PATTERN:SHORT BUILDUP|DIRECTION:UNKNOWN,PDNA_A980978A,50.0,0.0,NEW,20,LOW,SELL,VALID SELL,HIGH,784.6,800.292,753.216
ADANIPORTS,1667.0,-0.39,20329050.0,0.03,,,,,,,,,28025.0,-98.39,VOLUME_OI,VolumeAndOISpikesScans_25AUG26_Report_12_8_2026.xlsx,0,SELL,,Short Buildup,NORMALIZATION:1.0|PDNA:1.0|PRICE:PRICE_NEUTRAL|OI:OI_NEUTRAL|VOLUME:VOLUME_CONTRACTION|PCR:PCR_NEUTRAL|IV:IV_NORMAL|SCORE:SCORE_NEUTRAL|PATTERN:SHORT BUILDUP|DIRECTION:UNKNOWN,PDNA_151840E4,50.0,0.0,NEW,20,LOW,SELL,VALID SELL,HIGH,1667.0,1700.34,1600.32
KOTAKBANK,390.55,-0.59,165342000.0,-0.09,,,,,,,,,462000.0,-83.5,VOLUME_OI,VolumeAndOISpikesScans_25AUG26_Report_12_8_2026.xlsx,0,SELL,,Long Unwinding,NORMALIZATION:1.0|PDNA:1.0|PRICE:PRICE_DOWN|OI:OI_NEUTRAL|VOLUME:VOLUME_CONTRACTION|PCR:PCR_NEUTRAL|IV:IV_NORMAL|SCORE:SCORE_NEUTRAL|PATTERN:LONG UNWINDING|DIRECTION:UNKNOWN,PDNA_37D05D39,50.0,0.0,NEW,15,LOW,SELL,VALID SELL,HIGH,390.55,398.36100000000005,374.928
BPCL,317.1,-0.02,39103025.0,-0.06,,,,,,,,,150100.0,-93.71,VOLUME_OI,VolumeAndOISpikesScans_25AUG26_Report_12_8_2026.xlsx,0,SELL,,Long Unwinding,NORMALIZATION:1.0|PDNA:1.0|PRICE:PRICE_NEUTRAL|OI:OI_NEUTRAL|VOLUME:VOLUME_CONTRACTION|PCR:PCR_NEUTRAL|IV:IV_NORMAL|SCORE:SCORE_NEUTRAL|PATTERN:LONG UNWINDING|DIRECTION:UNKNOWN,PDNA_0FE0494C,50.0,0.0,NEW,15,LOW,SELL,VALID SELL,HIGH,317.1,323.442,304.416
IEX,125.83,-0.53,72144750.0,-0.22,,,,,,,,,482850.0,-84.21,VOLUME_OI,VolumeAndOISpikesScans_25AUG26_Report_12_8_2026.xlsx,0,SELL,,Long Unwinding,NORMALIZATION:1.0|PDNA:1.0|PRICE:PRICE_DOWN|OI:OI_NEUTRAL|VOLUME:VOLUME_CONTRACTION|PCR:PCR_NEUTRAL|IV:IV_NORMAL|SCORE:SCORE_NEUTRAL|PATTERN:LONG UNWINDING|DIRECTION:UNKNOWN,PDNA_37D05D39,50.0,0.0,NEW,15,LOW,SELL,VALID SELL,HIGH,125.83,128.3466,120.79679999999999
ZYDUSLIFE,1177.2,-1.91,10575000.0,-0.63,,,,,,,,,474300.0,-96.29,VOLUME_OI,VolumeAndOISpikesScans_25AUG26_Report_12_8_2026.xlsx,0,SELL,Negative Price Momentum,Long Unwinding,NORMALIZATION:1.0|PDNA:1.0|PRICE:PRICE_DOWN|OI:OI_NEUTRAL|VOLUME:VOLUME_CONTRACTION|PCR:PCR_NEUTRAL|IV:IV_NORMAL|SCORE:SCORE_NEUTRAL|PATTERN:LONG UNWINDING|DIRECTION:UNKNOWN,PDNA_37D05D39,50.0,0.0,NEW,15,LOW,SELL,VALID SELL,HIGH,1177.2,1200.7440000000001,1130.112
TATAELXSI,3780.3,-0.69,2191500.0,-0.04,,,,,,,,,8125.0,-95.06,VOLUME_OI,VolumeAndOISpikesScans_25AUG26_Report_12_8_2026.xlsx,0,SELL,,Long Unwinding,NORMALIZATION:1.0|PDNA:1.0|PRICE:PRICE_DOWN|OI:OI_NEUTRAL|VOLUME:VOLUME_CONTRACTION|PCR:PCR_NEUTRAL|IV:IV_NORMAL|SCORE:SCORE_NEUTRAL|PATTERN:LONG UNWINDING|DIRECTION:UNKNOWN,PDNA_37D05D39,50.0,0.0,NEW,15,LOW,SELL,VALID SELL,HIGH,3780.3,3855.9060000000004,3629.088
BANDHANBNK,171.5,-0.71,131295600.0,-0.01,,,,,,,,,39600.0,-95.34,VOLUME_OI,VolumeAndOISpikesScans_25AUG26_Report_12_8_2026.xlsx,0,SELL,,Long Unwinding,NORMALIZATION:1.0|PDNA:1.0|PRICE:PRICE_DOWN|OI:OI_NEUTRAL|VOLUME:VOLUME_CONTRACTION|PCR:PCR_NEUTRAL|IV:IV_NORMAL|SCORE:SCORE_NEUTRAL|PATTERN:LONG UNWINDING|DIRECTION:UNKNOWN,PDNA_37D05D39,50.0,0.0,NEW,15,LOW,SELL,VALID SELL,HIGH,171.5,174.93,164.64
SUZLON,47.31,-0.08,463219800.0,-0.01,,,,,,,,,774700.0,-95.49,VOLUME_OI,VolumeAndOISpikesScans_25AUG26_Report_12_8_2026.xlsx,0,SELL,,Long Unwinding,NORMALIZATION:1.0|PDNA:1.0|PRICE:PRICE_NEUTRAL|OI:OI_NEUTRAL|VOLUME:VOLUME_CONTRACTION|PCR:PCR_NEUTRAL|IV:IV_NORMAL|SCORE:SCORE_NEUTRAL|PATTERN:LONG UNWINDING|DIRECTION:UNKNOWN,PDNA_0FE0494C,50.0,0.0,NEW,15,LOW,SELL,VALID SELL,HIGH,47.31,48.2562,45.4176
KALYANKJIL,605.3,-0.03,27546750.0,-0.02,,,,,,,,,178200.0,-95.19,VOLUME_OI,VolumeAndOISpikesScans_25AUG26_Report_12_8_2026.xlsx,0,SELL,,Long Unwinding,NORMALIZATION:1.0|PDNA:1.0|PRICE:PRICE_NEUTRAL|OI:OI_NEUTRAL|VOLUME:VOLUME_CONTRACTION|PCR:PCR_NEUTRAL|IV:IV_NORMAL|SCORE:SCORE_NEUTRAL|PATTERN:LONG UNWINDING|DIRECTION:UNKNOWN,PDNA_0FE0494C,50.0,0.0,NEW,15,LOW,SELL,VALID SELL,HIGH,605.3,617.406,581.088
IRFC,87.74,-0.35,91487200.0,-0.07,,,,,,,,,189875.0,-94.54,VOLUME_OI,VolumeAndOISpikesScans_25AUG26_Report_12_8_2026.xlsx,0,SELL,,Long Unwinding,NORMALIZATION:1.0|PDNA:1.0|PRICE:PRICE_NEUTRAL|OI:OI_NEUTRAL|VOLUME:VOLUME_CONTRACTION|PCR:PCR_NEUTRAL|IV:IV_NORMAL|SCORE:SCORE_NEUTRAL|PATTERN:LONG UNWINDING|DIRECTION:UNKNOWN,PDNA_0FE0494C,50.0,0.0,NEW,15,LOW,SELL,VALID SELL,HIGH,87.74,89.4948,84.23039999999999
HYUNDAI,2211.7,-0.14,3444650.0,-0.1,,,,,,,,,15400.0,-97.01,VOLUME_OI,VolumeAndOISpikesScans_25AUG26_Report_12_8_2026.xlsx,0,SELL,,Long Unwinding,NORMALIZATION:1.0|PDNA:1.0|PRICE:PRICE_NEUTRAL|OI:OI_NEUTRAL|VOLUME:VOLUME_CONTRACTION|PCR:PCR_NEUTRAL|IV:IV_NORMAL|SCORE:SCORE_NEUTRAL|PATTERN:LONG UNWINDING|DIRECTION:UNKNOWN,PDNA_0FE0494C,50.0,0.0,NEW,15,LOW,SELL,VALID SELL,HIGH,2211.7,2255.9339999999997,2123.232
HAL,4896.0,-0.08,5719650.0,-0.02,,,,,,,,,13050.0,-97.33,VOLUME_OI,VolumeAndOISpikesScans_25AUG26_Report_12_8_2026.xlsx,0,SELL,,Long Unwinding,NORMALIZATION:1.0|PDNA:1.0|PRICE:PRICE_NEUTRAL|OI:OI_NEUTRAL|VOLUME:VOLUME_CONTRACTION|PCR:PCR_NEUTRAL|IV:IV_NORMAL|SCORE:SCORE_NEUTRAL|PATTERN:LONG UNWINDING|DIRECTION:UNKNOWN,PDNA_0FE0494C,50.0,0.0,NEW,15,LOW,SELL,VALID SELL,HIGH,4896.0,4993.92,4700.16
FORCEMOT,18388.0,-0.11,230950.0,-0.11,,,,,,,,,500.0,-97.83,VOLUME_OI,VolumeAndOISpikesScans_25AUG26_Report_12_8_2026.xlsx,0,SELL,,Long Unwinding,NORMALIZATION:1.0|PDNA:1.0|PRICE:PRICE_NEUTRAL|OI:OI_NEUTRAL|VOLUME:VOLUME_CONTRACTION|PCR:PCR_NEUTRAL|IV:IV_NORMAL|SCORE:SCORE_NEUTRAL|PATTERN:LONG UNWINDING|DIRECTION:UNKNOWN,PDNA_0FE0494C,50.0,0.0,NEW,15,LOW,SELL,VALID SELL,HIGH,18388.0,18755.760000000002,17652.48
LUPIN,2274.9,-0.37,7996800.0,-0.04,,,,,,,,,23375.0,-96.97,VOLUME_OI,VolumeAndOISpikesScans_25AUG26_Report_12_8_2026.xlsx,0,SELL,,Long Unwinding,NORMALIZATION:1.0|PDNA:1.0|PRICE:PRICE_NEUTRAL|OI:OI_NEUTRAL|VOLUME:VOLUME_CONTRACTION|PCR:PCR_NEUTRAL|IV:IV_NORMAL|SCORE:SCORE_NEUTRAL|PATTERN:LONG UNWINDING|DIRECTION:UNKNOWN,PDNA_0FE0494C,50.0,0.0,NEW,15,LOW,SELL,VALID SELL,HIGH,2274.9,2320.398,2183.904
SHREECEM,25425.0,-0.31,379825.0,-0.01,,,,,,,,,900.0,-96.84,VOLUME_OI,VolumeAndOISpikesScans_25AUG26_Report_12_8_2026.xlsx,0,SELL,,Long Unwinding,NORMALIZATION:1.0|PDNA:1.0|PRICE:PRICE_NEUTRAL|OI:OI_NEUTRAL|VOLUME:VOLUME_CONTRACTION|PCR:PCR_NEUTRAL|IV:IV_NORMAL|SCORE:SCORE_NEUTRAL|PATTERN:LONG UNWINDING|DIRECTION:UNKNOWN,PDNA_0FE0494C,50.0,0.0,NEW,15,LOW,SELL,VALID SELL,HIGH,25425.0,25933.5,24408.0
TRENT,3008.9,-0.34,10870425.0,-0.01,,,,,,,,,14175.0,-96.7,VOLUME_OI,VolumeAndOISpikesScans_25AUG26_Report_12_8_2026.xlsx,0,SELL,,Long Unwinding,NORMALIZATION:1.0|PDNA:1.0|PRICE:PRICE_NEUTRAL|OI:OI_NEUTRAL|VOLUME:VOLUME_CONTRACTION|PCR:PCR_NEUTRAL|IV:IV_NORMAL|SCORE:SCORE_NEUTRAL|PATTERN:LONG UNWINDING|DIRECTION:UNKNOWN,PDNA_0FE0494C,50.0,0.0,NEW,15,LOW,SELL,VALID SELL,HIGH,3008.9,3069.078,2888.544
DELHIVERY,472.0,-0.58,25910525.0,-0.06,,,,,,,,,112050.0,-98.02,VOLUME_OI,VolumeAndOISpikesScans_25AUG26_Report_12_8_2026.xlsx,0,SELL,,Long Unwinding,NORMALIZATION:1.0|PDNA:1.0|PRICE:PRICE_DOWN|OI:OI_NEUTRAL|VOLUME:VOLUME_CONTRACTION|PCR:PCR_NEUTRAL|IV:IV_NORMAL|SCORE:SCORE_NEUTRAL|PATTERN:LONG UNWINDING|DIRECTION:UNKNOWN,PDNA_37D05D39,50.0,0.0,NEW,15,LOW,SELL,VALID SELL,HIGH,472.0,481.44,453.12
OBEROIRLTY,1784.0,-0.43,5405750.0,-0.01,,,,,,,,,6650.0,-98.02,VOLUME_OI,VolumeAndOISpikesScans_25AUG26_Report_12_8_2026.xlsx,0,SELL,,Long Unwinding,NORMALIZATION:1.0|PDNA:1.0|PRICE:PRICE_NEUTRAL|OI:OI_NEUTRAL|VOLUME:VOLUME_CONTRACTION|PCR:PCR_NEUTRAL|IV:IV_NORMAL|SCORE:SCORE_NEUTRAL|PATTERN:LONG UNWINDING|DIRECTION:UNKNOWN,PDNA_0FE0494C,50.0,0.0,NEW,15,LOW,SELL,VALID SELL,HIGH,1784.0,1819.68,1712.6399999999999
WAAREEENER,2704.3,-0.19,7194600.0,-0.01,,,,,,,,,4725.0,-98.16,VOLUME_OI,VolumeAndOISpikesScans_25AUG26_Report_12_8_2026.xlsx,0,SELL,,Long Unwinding,NORMALIZATION:1.0|PDNA:1.0|PRICE:PRICE_NEUTRAL|OI:OI_NEUTRAL|VOLUME:VOLUME_CONTRACTION|PCR:PCR_NEUTRAL|IV:IV_NORMAL|SCORE:SCORE_NEUTRAL|PATTERN:LONG UNWINDING|DIRECTION:UNKNOWN,PDNA_0FE0494C,50.0,0.0,NEW,15,LOW,SELL,VALID SELL,HIGH,2704.3,2758.3860000000004,2596.128
NAUKRI,1353.0,-0.96,12745700.0,-0.16,,,,,,,,,63250.0,-98.96,VOLUME_OI,VolumeAndOISpikesScans_25AUG26_Report_12_8_2026.xlsx,0,SELL,,Long Unwinding,NORMALIZATION:1.0|PDNA:1.0|PRICE:PRICE_DOWN|OI:OI_NEUTRAL|VOLUME:VOLUME_CONTRACTION|PCR:PCR_NEUTRAL|IV:IV_NORMAL|SCORE:SCORE_NEUTRAL|PATTERN:LONG UNWINDING|DIRECTION:UNKNOWN,PDNA_37D05D39,50.0,0.0,NEW,15,LOW,SELL,VALID SELL,HIGH,1353.0,1380.06,1298.8799999999999
