Symbol,Price,Price Chg %,OI,OI Chg %,PCR,ATM Straddle %,IV Chg,IV Chg %,Fut OI,Fut OI Chg,Fut OI Chg %,Fut Buildup,Volume,Volume Chg %,Report_Type,Source_File,NTIS Intraday Score,Trade Bias,Reason,Pattern,Pattern_DNA,Pattern_ID,Intraday Probability %,Confidence,Final Bias
HAL,4838.5,3.69,5203350.0,0.78,,,,,,,,,538050.0,33.49,VOLUME_OI,VolumeAndOISpikesScans_25AUG26_Report_6_8_2026.xlsx,20,SELL,Positive Price Momentum,Fresh Long Buildup,PAT:Fresh Long Buildup|SCR:|P:3.69|OI:0.78|VOL:33.49|FUT:nan,PDNA_FA712DD0,60,MEDIUM,NEUTRAL
POLICYBZR,1640.0,0.28,9638650.0,2.57,,,,,,,,,868350.0,-21.46,VOLUME_OI,VolumeAndOISpikesScans_25AUG26_Report_6_8_2026.xlsx,20,SELL,Fresh OI Buildup,Fresh Long Buildup,PAT:Fresh Long Buildup|SCR:|P:0.28|OI:2.57|VOL:-21.46|FUT:nan,PDNA_53D70A79,60,MEDIUM,NEUTRAL
CUMMINSIND,5410.5,0.49,4546000.0,2.58,,,,,,,,,928600.0,-52.8,VOLUME_OI,VolumeAndOISpikesScans_25AUG26_Report_6_8_2026.xlsx,20,SELL,Fresh OI Buildup,Fresh Long Buildup,PAT:Fresh Long Buildup|SCR:|P:0.49|OI:2.58|VOL:-52.8|FUT:nan,PDNA_00DA7A00,60,MEDIUM,NEUTRAL
SWIGGY,293.1,1.88,68371800.0,1.04,,,,,,,,,2111525.0,-79.66,VOLUME_OI,VolumeAndOISpikesScans_25AUG26_Report_6_8_2026.xlsx,20,SELL,Positive Price Momentum,Fresh Long Buildup,PAT:Fresh Long Buildup|SCR:|P:1.88|OI:1.04|VOL:-79.66|FUT:nan,PDNA_90C50CC6,60,MEDIUM,NEUTRAL
TITAN,4987.7,1.38,5311425.0,0.64,,,,,,,,,236425.0,-60.93,VOLUME_OI,VolumeAndOISpikesScans_25AUG26_Report_6_8_2026.xlsx,20,SELL,Positive Price Momentum,Fresh Long Buildup,PAT:Fresh Long Buildup|SCR:|P:1.38|OI:0.64|VOL:-60.93|FUT:nan,PDNA_4EBF88C0,60,MEDIUM,NEUTRAL
SAIL,179.44,1.83,181025200.0,1.1,,,,,,,,,8765500.0,-65.79,VOLUME_OI,VolumeAndOISpikesScans_25AUG26_Report_6_8_2026.xlsx,20,SELL,Positive Price Momentum,Fresh Long Buildup,PAT:Fresh Long Buildup|SCR:|P:1.83|OI:1.1|VOL:-65.79|FUT:nan,PDNA_4E8C58D9,60,MEDIUM,NEUTRAL
MUTHOOTFIN,2959.5,1.27,6738600.0,1.11,,,,,,,,,355575.0,-79.91,VOLUME_OI,VolumeAndOISpikesScans_25AUG26_Report_6_8_2026.xlsx,20,SELL,Positive Price Momentum,Fresh Long Buildup,PAT:Fresh Long Buildup|SCR:|P:1.27|OI:1.11|VOL:-79.91|FUT:nan,PDNA_A072D896,60,MEDIUM,NEUTRAL
SHRIRAMFIN,1128.0,0.83,27106200.0,2.59,,,,,,,,,1260600.0,-79.57,VOLUME_OI,VolumeAndOISpikesScans_25AUG26_Report_6_8_2026.xlsx,20,SELL,Fresh OI Buildup,Fresh Long Buildup,PAT:Fresh Long Buildup|SCR:|P:0.83|OI:2.59|VOL:-79.57|FUT:nan,PDNA_43501AD6,60,MEDIUM,NEUTRAL
NMDC,86.79,0.87,350662500.0,0.13,,,,,,,,,5109750.0,-76.96,VOLUME_OI,VolumeAndOISpikesScans_25AUG26_Report_6_8_2026.xlsx,0,SELL,,Fresh Long Buildup,PAT:Fresh Long Buildup|SCR:|P:0.87|OI:0.13|VOL:-76.96|FUT:nan,PDNA_D3C480AA,60,MEDIUM,NEUTRAL
PNBHOUSING,1152.0,1.74,7703150.0,0.85,,,,,,,,,421850.0,-94.27,VOLUME_OI,VolumeAndOISpikesScans_25AUG26_Report_6_8_2026.xlsx,20,SELL,Positive Price Momentum,Fresh Long Buildup,PAT:Fresh Long Buildup|SCR:|P:1.74|OI:0.85|VOL:-94.27|FUT:nan,PDNA_4C8BF74C,60,MEDIUM,NEUTRAL
MANAPPURAM,372.65,1.86,65976000.0,0.21,,,,,,,,,3093000.0,-78.97,VOLUME_OI,VolumeAndOISpikesScans_25AUG26_Report_6_8_2026.xlsx,20,SELL,Positive Price Momentum,Fresh Long Buildup,PAT:Fresh Long Buildup|SCR:|P:1.86|OI:0.21|VOL:-78.97|FUT:nan,PDNA_F8A9D55B,60,MEDIUM,NEUTRAL
PGEL,612.05,0.57,11870250.0,2.28,,,,,,,,,597550.0,-87.45,VOLUME_OI,VolumeAndOISpikesScans_25AUG26_Report_6_8_2026.xlsx,20,SELL,Fresh OI Buildup,Fresh Long Buildup,PAT:Fresh Long Buildup|SCR:|P:0.57|OI:2.28|VOL:-87.45|FUT:nan,PDNA_92B15A5F,60,MEDIUM,NEUTRAL
BDL,1256.8,1.12,7189725.0,0.14,,,,,,,,,140675.0,-87.57,VOLUME_OI,VolumeAndOISpikesScans_25AUG26_Report_6_8_2026.xlsx,20,SELL,Positive Price Momentum,Fresh Long Buildup,PAT:Fresh Long Buildup|SCR:|P:1.12|OI:0.14|VOL:-87.57|FUT:nan,PDNA_694840E1,60,MEDIUM,NEUTRAL
ETERNAL,315.7,1.2,153931725.0,0.3,,,,,,,,,1956975.0,-83.57,VOLUME_OI,VolumeAndOISpikesScans_25AUG26_Report_6_8_2026.xlsx,20,SELL,Positive Price Momentum,Fresh Long Buildup,PAT:Fresh Long Buildup|SCR:|P:1.2|OI:0.3|VOL:-83.57|FUT:nan,PDNA_0BAA5F13,60,MEDIUM,NEUTRAL
VEDL,279.25,0.16,56116550.0,2.36,,,,,,,,,2801400.0,-83.52,VOLUME_OI,VolumeAndOISpikesScans_25AUG26_Report_6_8_2026.xlsx,20,SELL,Fresh OI Buildup,Fresh Long Buildup,PAT:Fresh Long Buildup|SCR:|P:0.16|OI:2.36|VOL:-83.52|FUT:nan,PDNA_A894BA6A,60,MEDIUM,NEUTRAL
HINDZINC,597.1,0.06,29271375.0,4.45,,,,,,,,,2581075.0,-80.81,VOLUME_OI,VolumeAndOISpikesScans_25AUG26_Report_6_8_2026.xlsx,20,SELL,Fresh OI Buildup,Fresh Long Buildup,PAT:Fresh Long Buildup|SCR:|P:0.06|OI:4.45|VOL:-80.81|FUT:nan,PDNA_D90B03D8,60,MEDIUM,NEUTRAL
BIOCON,427.0,0.16,48440000.0,0.64,,,,,,,,,3315000.0,-53.7,VOLUME_OI,VolumeAndOISpikesScans_25AUG26_Report_6_8_2026.xlsx,0,SELL,,Fresh Long Buildup,PAT:Fresh Long Buildup|SCR:|P:0.16|OI:0.64|VOL:-53.7|FUT:nan,PDNA_1E84E036,60,MEDIUM,NEUTRAL
KPITTECH,625.5,0.53,12562750.0,0.86,,,,,,,,,518475.0,-52.82,VOLUME_OI,VolumeAndOISpikesScans_25AUG26_Report_6_8_2026.xlsx,0,SELL,,Fresh Long Buildup,PAT:Fresh Long Buildup|SCR:|P:0.53|OI:0.86|VOL:-52.82|FUT:nan,PDNA_5FA9BD33,60,MEDIUM,NEUTRAL
AUBANK,1060.4,0.88,21803000.0,0.06,,,,,,,,,203000.0,-84.23,VOLUME_OI,VolumeAndOISpikesScans_25AUG26_Report_6_8_2026.xlsx,0,SELL,,Fresh Long Buildup,PAT:Fresh Long Buildup|SCR:|P:0.88|OI:0.06|VOL:-84.23|FUT:nan,PDNA_5B8DA38D,60,MEDIUM,NEUTRAL
CIPLA,1482.3,0.99,8991300.0,0.3,,,,,,,,,100725.0,-82.46,VOLUME_OI,VolumeAndOISpikesScans_25AUG26_Report_6_8_2026.xlsx,0,SELL,,Fresh Long Buildup,PAT:Fresh Long Buildup|SCR:|P:0.99|OI:0.3|VOL:-82.46|FUT:nan,PDNA_DC08E81F,60,MEDIUM,NEUTRAL
TECHM,1661.0,0.21,17206200.0,0.06,,,,,,,,,304200.0,-73.97,VOLUME_OI,VolumeAndOISpikesScans_25AUG26_Report_6_8_2026.xlsx,0,SELL,,Fresh Long Buildup,PAT:Fresh Long Buildup|SCR:|P:0.21|OI:0.06|VOL:-73.97|FUT:nan,PDNA_52CBF61D,60,MEDIUM,NEUTRAL
BANDHANBNK,175.71,0.45,132879600.0,0.04,,,,,,,,,2005200.0,-75.24,VOLUME_OI,VolumeAndOISpikesScans_25AUG26_Report_6_8_2026.xlsx,0,SELL,,Fresh Long Buildup,PAT:Fresh Long Buildup|SCR:|P:0.45|OI:0.04|VOL:-75.24|FUT:nan,PDNA_EBA7138F,60,MEDIUM,NEUTRAL
ICICIBANK,1455.9,0.76,103451600.0,0.34,,,,,,,,,1348200.0,-76.01,VOLUME_OI,VolumeAndOISpikesScans_25AUG26_Report_6_8_2026.xlsx,0,SELL,,Fresh Long Buildup,PAT:Fresh Long Buildup|SCR:|P:0.76|OI:0.34|VOL:-76.01|FUT:nan,PDNA_87631BD4,60,MEDIUM,NEUTRAL
PREMIERENE,1044.8,0.36,7278700.0,0.29,,,,,,,,,61750.0,-79.79,VOLUME_OI,VolumeAndOISpikesScans_25AUG26_Report_6_8_2026.xlsx,0,SELL,,Fresh Long Buildup,PAT:Fresh Long Buildup|SCR:|P:0.36|OI:0.29|VOL:-79.79|FUT:nan,PDNA_7DC2155A,60,MEDIUM,NEUTRAL
NESTLEIND,1521.1,0.4,7612000.0,0.98,,,,,,,,,158500.0,-91.8,VOLUME_OI,VolumeAndOISpikesScans_25AUG26_Report_6_8_2026.xlsx,0,SELL,,Fresh Long Buildup,PAT:Fresh Long Buildup|SCR:|P:0.4|OI:0.98|VOL:-91.8|FUT:nan,PDNA_1FB2226C,60,MEDIUM,NEUTRAL
BANKBARODA,248.11,0.23,130604175.0,0.13,,,,,,,,,1050075.0,-91.48,VOLUME_OI,VolumeAndOISpikesScans_25AUG26_Report_6_8_2026.xlsx,0,SELL,,Fresh Long Buildup,PAT:Fresh Long Buildup|SCR:|P:0.23|OI:0.13|VOL:-91.48|FUT:nan,PDNA_3B84CD6D,60,MEDIUM,NEUTRAL
NIFTY,24717.1,0.28,12315550.0,0.15,,,,,,,,,261105.0,-91.15,VOLUME_OI,VolumeAndOISpikesScans_25AUG26_Report_6_8_2026.xlsx,0,SELL,,Fresh Long Buildup,PAT:Fresh Long Buildup|SCR:|P:0.28|OI:0.15|VOL:-91.15|FUT:nan,PDNA_6B5F4FE6,60,MEDIUM,NEUTRAL
ADANIENSOL,1634.0,0.07,19273275.0,0.04,,,,,,,,,62100.0,-90.89,VOLUME_OI,VolumeAndOISpikesScans_25AUG26_Report_6_8_2026.xlsx,0,SELL,,Fresh Long Buildup,PAT:Fresh Long Buildup|SCR:|P:0.07|OI:0.04|VOL:-90.89|FUT:nan,PDNA_3BA9149E,60,MEDIUM,NEUTRAL
APOLLOHOSP,8979.0,0.51,1935250.0,0.35,,,,,,,,,19000.0,-90.85,VOLUME_OI,VolumeAndOISpikesScans_25AUG26_Report_6_8_2026.xlsx,0,SELL,,Fresh Long Buildup,PAT:Fresh Long Buildup|SCR:|P:0.51|OI:0.35|VOL:-90.85|FUT:nan,PDNA_D12A23D9,60,MEDIUM,NEUTRAL
SUPREMEIND,3501.6,0.51,2313150.0,0.03,,,,,,,,,14175.0,-91.82,VOLUME_OI,VolumeAndOISpikesScans_25AUG26_Report_6_8_2026.xlsx,0,SELL,,Fresh Long Buildup,PAT:Fresh Long Buildup|SCR:|P:0.51|OI:0.03|VOL:-91.82|FUT:nan,PDNA_63106FF4,60,MEDIUM,NEUTRAL
JINDALSTEL,1127.1,0.25,14275000.0,0.7,,,,,,,,,245625.0,-82.01,VOLUME_OI,VolumeAndOISpikesScans_25AUG26_Report_6_8_2026.xlsx,0,SELL,,Fresh Long Buildup,PAT:Fresh Long Buildup|SCR:|P:0.25|OI:0.7|VOL:-82.01|FUT:nan,PDNA_31A81528,60,MEDIUM,NEUTRAL
LUPIN,2418.7,0.53,6624900.0,0.24,,,,,,,,,108375.0,-86.85,VOLUME_OI,VolumeAndOISpikesScans_25AUG26_Report_6_8_2026.xlsx,0,SELL,,Fresh Long Buildup,PAT:Fresh Long Buildup|SCR:|P:0.53|OI:0.24|VOL:-86.85|FUT:nan,PDNA_0FB6CB0B,60,MEDIUM,NEUTRAL
IEX,130.5,0.15,72932100.0,0.04,,,,,,,,,348000.0,-89.54,VOLUME_OI,VolumeAndOISpikesScans_25AUG26_Report_6_8_2026.xlsx,0,SELL,,Fresh Long Buildup,PAT:Fresh Long Buildup|SCR:|P:0.15|OI:0.04|VOL:-89.54|FUT:nan,PDNA_31A1957D,60,MEDIUM,NEUTRAL
MFSL,1533.1,0.63,9300800.0,0.16,,,,,,,,,97200.0,-87.01,VOLUME_OI,VolumeAndOISpikesScans_25AUG26_Report_6_8_2026.xlsx,0,SELL,,Fresh Long Buildup,PAT:Fresh Long Buildup|SCR:|P:0.63|OI:0.16|VOL:-87.01|FUT:nan,PDNA_3903FB4D,60,MEDIUM,NEUTRAL
PIDILITIND,1660.0,0.78,7267500.0,0.01,,,,,,,,,251000.0,-90.1,VOLUME_OI,VolumeAndOISpikesScans_25AUG26_Report_6_8_2026.xlsx,0,SELL,,Fresh Long Buildup,PAT:Fresh Long Buildup|SCR:|P:0.78|OI:0.01|VOL:-90.1|FUT:nan,PDNA_2249F72A,60,MEDIUM,NEUTRAL
JIOFIN,264.95,0.84,185351550.0,0.03,,,,,,,,,2650800.0,-89.37,VOLUME_OI,VolumeAndOISpikesScans_25AUG26_Report_6_8_2026.xlsx,0,SELL,,Fresh Long Buildup,PAT:Fresh Long Buildup|SCR:|P:0.84|OI:0.03|VOL:-89.37|FUT:nan,PDNA_BA15F444,60,MEDIUM,NEUTRAL
UPL,584.0,0.16,34079605.0,0.33,,,,,,,,,430890.0,-87.93,VOLUME_OI,VolumeAndOISpikesScans_25AUG26_Report_6_8_2026.xlsx,0,SELL,,Fresh Long Buildup,PAT:Fresh Long Buildup|SCR:|P:0.16|OI:0.33|VOL:-87.93|FUT:nan,PDNA_C9D4CDC0,60,MEDIUM,NEUTRAL
INDIANB,858.45,0.68,12231000.0,0.14,,,,,,,,,223000.0,-90.5,VOLUME_OI,VolumeAndOISpikesScans_25AUG26_Report_6_8_2026.xlsx,0,SELL,,Fresh Long Buildup,PAT:Fresh Long Buildup|SCR:|P:0.68|OI:0.14|VOL:-90.5|FUT:nan,PDNA_CB3B0C51,60,MEDIUM,NEUTRAL
NATIONALUM,380.55,0.49,43897500.0,0.36,,,,,,,,,971250.0,-90.5,VOLUME_OI,VolumeAndOISpikesScans_25AUG26_Report_6_8_2026.xlsx,0,SELL,,Fresh Long Buildup,PAT:Fresh Long Buildup|SCR:|P:0.49|OI:0.36|VOL:-90.5|FUT:nan,PDNA_CBBD6FC0,60,MEDIUM,NEUTRAL
CROMPTON,268.95,0.2,60159150.0,0.03,,,,,,,,,266600.0,-90.43,VOLUME_OI,VolumeAndOISpikesScans_25AUG26_Report_6_8_2026.xlsx,0,SELL,,Fresh Long Buildup,PAT:Fresh Long Buildup|SCR:|P:0.2|OI:0.03|VOL:-90.43|FUT:nan,PDNA_9DCE3330,60,MEDIUM,NEUTRAL
KALYANKJIL,575.0,0.62,22540950.0,1.26,,,,,,,,,1291950.0,-92.1,VOLUME_OI,VolumeAndOISpikesScans_25AUG26_Report_6_8_2026.xlsx,0,SELL,,Fresh Long Buildup,PAT:Fresh Long Buildup|SCR:|P:0.62|OI:1.26|VOL:-92.1|FUT:nan,PDNA_2E577149,60,MEDIUM,NEUTRAL
LAURUSLABS,1846.6,0.45,16688050.0,0.28,,,,,,,,,152150.0,-92.57,VOLUME_OI,VolumeAndOISpikesScans_25AUG26_Report_6_8_2026.xlsx,0,SELL,,Fresh Long Buildup,PAT:Fresh Long Buildup|SCR:|P:0.45|OI:0.28|VOL:-92.57|FUT:nan,PDNA_A22131B6,60,MEDIUM,NEUTRAL
HDFCBANK,741.8,0.36,309143250.0,0.01,,,,,,,,,1618500.0,-94.67,VOLUME_OI,VolumeAndOISpikesScans_25AUG26_Report_6_8_2026.xlsx,0,SELL,,Fresh Long Buildup,PAT:Fresh Long Buildup|SCR:|P:0.36|OI:0.01|VOL:-94.67|FUT:nan,PDNA_9C2A0D36,60,MEDIUM,NEUTRAL
CANBK,129.37,0.22,383528250.0,0.04,,,,,,,,,1478250.0,-94.63,VOLUME_OI,VolumeAndOISpikesScans_25AUG26_Report_6_8_2026.xlsx,0,SELL,,Fresh Long Buildup,PAT:Fresh Long Buildup|SCR:|P:0.22|OI:0.04|VOL:-94.63|FUT:nan,PDNA_1201BE75,60,MEDIUM,NEUTRAL
COLPAL,2040.4,0.34,5019850.0,0.05,,,,,,,,,17325.0,-94.25,VOLUME_OI,VolumeAndOISpikesScans_25AUG26_Report_6_8_2026.xlsx,0,SELL,,Fresh Long Buildup,PAT:Fresh Long Buildup|SCR:|P:0.34|OI:0.05|VOL:-94.25|FUT:nan,PDNA_E11C049B,60,MEDIUM,NEUTRAL
TORNTPHARM,5050.5,0.42,3686875.0,0.08,,,,,,,,,7250.0,-98.14,VOLUME_OI,VolumeAndOISpikesScans_25AUG26_Report_6_8_2026.xlsx,0,SELL,,Fresh Long Buildup,PAT:Fresh Long Buildup|SCR:|P:0.42|OI:0.08|VOL:-98.14|FUT:nan,PDNA_58C36C28,60,MEDIUM,NEUTRAL
ADANIENT,3062.1,0.11,15624585.0,0.04,,,,,,,,,31518.0,-97.51,VOLUME_OI,VolumeAndOISpikesScans_25AUG26_Report_6_8_2026.xlsx,0,SELL,,Fresh Long Buildup,PAT:Fresh Long Buildup|SCR:|P:0.11|OI:0.04|VOL:-97.51|FUT:nan,PDNA_AB4CFD62,60,MEDIUM,NEUTRAL
GODREJCP,1079.6,0.49,11453500.0,0.01,,,,,,,,,26500.0,-97.62,VOLUME_OI,VolumeAndOISpikesScans_25AUG26_Report_6_8_2026.xlsx,0,SELL,,Fresh Long Buildup,PAT:Fresh Long Buildup|SCR:|P:0.49|OI:0.01|VOL:-97.62|FUT:nan,PDNA_33BAC714,60,MEDIUM,NEUTRAL
COCHINSHIP,1433.0,0.23,5322400.0,0.11,,,,,,,,,18800.0,-97.64,VOLUME_OI,VolumeAndOISpikesScans_25AUG26_Report_6_8_2026.xlsx,0,SELL,,Fresh Long Buildup,PAT:Fresh Long Buildup|SCR:|P:0.23|OI:0.11|VOL:-97.64|FUT:nan,PDNA_72086549,60,MEDIUM,NEUTRAL
CDSL,1333.8,0.13,10543100.0,0.25,,,,,,,,,39900.0,-97.02,VOLUME_OI,VolumeAndOISpikesScans_25AUG26_Report_6_8_2026.xlsx,0,SELL,,Fresh Long Buildup,PAT:Fresh Long Buildup|SCR:|P:0.13|OI:0.25|VOL:-97.02|FUT:nan,PDNA_88382D28,60,MEDIUM,NEUTRAL
ADANIPORTS,1708.8,0.33,20668675.0,0.03,,,,,,,,,54625.0,-97.03,VOLUME_OI,VolumeAndOISpikesScans_25AUG26_Report_6_8_2026.xlsx,0,SELL,,Fresh Long Buildup,PAT:Fresh Long Buildup|SCR:|P:0.33|OI:0.03|VOL:-97.03|FUT:nan,PDNA_3DE3BD13,60,MEDIUM,NEUTRAL
BAJAJFINSV,2087.3,0.38,7860600.0,0.05,,,,,,,,,33900.0,-96.67,VOLUME_OI,VolumeAndOISpikesScans_25AUG26_Report_6_8_2026.xlsx,0,SELL,,Fresh Long Buildup,PAT:Fresh Long Buildup|SCR:|P:0.38|OI:0.05|VOL:-96.67|FUT:nan,PDNA_7028B3A2,60,MEDIUM,NEUTRAL
GMRAIRPORT,106.81,0.27,128814300.0,0.05,,,,,,,,,299925.0,-97.48,VOLUME_OI,VolumeAndOISpikesScans_25AUG26_Report_6_8_2026.xlsx,0,SELL,,Fresh Long Buildup,PAT:Fresh Long Buildup|SCR:|P:0.27|OI:0.05|VOL:-97.48|FUT:nan,PDNA_DAF5163E,60,MEDIUM,NEUTRAL
BHARTIARTL,1968.9,0.31,52821900.0,0.06,,,,,,,,,233225.0,-97.45,VOLUME_OI,VolumeAndOISpikesScans_25AUG26_Report_6_8_2026.xlsx,0,SELL,,Fresh Long Buildup,PAT:Fresh Long Buildup|SCR:|P:0.31|OI:0.06|VOL:-97.45|FUT:nan,PDNA_1AF7708C,60,MEDIUM,NEUTRAL
LICHSGFIN,505.3,0.07,30556000.0,0.13,,,,,,,,,75000.0,-97.22,VOLUME_OI,VolumeAndOISpikesScans_25AUG26_Report_6_8_2026.xlsx,0,SELL,,Fresh Long Buildup,PAT:Fresh Long Buildup|SCR:|P:0.07|OI:0.13|VOL:-97.22|FUT:nan,PDNA_9CE48E7D,60,MEDIUM,NEUTRAL
LTF,321.6,0.06,44853750.0,0.07,,,,,,,,,198000.0,-97.14,VOLUME_OI,VolumeAndOISpikesScans_25AUG26_Report_6_8_2026.xlsx,0,SELL,,Fresh Long Buildup,PAT:Fresh Long Buildup|SCR:|P:0.06|OI:0.07|VOL:-97.14|FUT:nan,PDNA_7AD60855,60,MEDIUM,NEUTRAL
KFINTECH,941.0,0.14,4342975.0,0.33,,,,,,,,,27025.0,-95.9,VOLUME_OI,VolumeAndOISpikesScans_25AUG26_Report_6_8_2026.xlsx,0,SELL,,Fresh Long Buildup,PAT:Fresh Long Buildup|SCR:|P:0.14|OI:0.33|VOL:-95.9|FUT:nan,PDNA_3331EC79,60,MEDIUM,NEUTRAL
INOXWIND,78.8,0.06,105862400.0,0.11,,,,,,,,,268800.0,-95.91,VOLUME_OI,VolumeAndOISpikesScans_25AUG26_Report_6_8_2026.xlsx,0,SELL,,Fresh Long Buildup,PAT:Fresh Long Buildup|SCR:|P:0.06|OI:0.11|VOL:-95.91|FUT:nan,PDNA_590C042B,60,MEDIUM,NEUTRAL
SBICARD,666.0,0.23,22388800.0,0.1,,,,,,,,,92000.0,-95.91,VOLUME_OI,VolumeAndOISpikesScans_25AUG26_Report_6_8_2026.xlsx,0,SELL,,Fresh Long Buildup,PAT:Fresh Long Buildup|SCR:|P:0.23|OI:0.1|VOL:-95.91|FUT:nan,PDNA_F76B1D0C,60,MEDIUM,NEUTRAL
HINDPETRO,397.55,0.29,45025875.0,0.07,,,,,,,,,166050.0,-96.39,VOLUME_OI,VolumeAndOISpikesScans_25AUG26_Report_6_8_2026.xlsx,0,SELL,,Fresh Long Buildup,PAT:Fresh Long Buildup|SCR:|P:0.29|OI:0.07|VOL:-96.39|FUT:nan,PDNA_97D50977,60,MEDIUM,NEUTRAL
POLYCAB,9286.0,0.15,2315250.0,0.02,,,,,,,,,16125.0,-96.28,VOLUME_OI,VolumeAndOISpikesScans_25AUG26_Report_6_8_2026.xlsx,0,SELL,,Fresh Long Buildup,PAT:Fresh Long Buildup|SCR:|P:0.15|OI:0.02|VOL:-96.28|FUT:nan,PDNA_E46AFF0E,60,MEDIUM,NEUTRAL
DELHIVERY,472.05,0.06,27192875.0,0.25,,,,,,,,,174300.0,-96.35,VOLUME_OI,VolumeAndOISpikesScans_25AUG26_Report_6_8_2026.xlsx,0,SELL,,Fresh Long Buildup,PAT:Fresh Long Buildup|SCR:|P:0.06|OI:0.25|VOL:-96.35|FUT:nan,PDNA_F2E8B385,60,MEDIUM,NEUTRAL
LT,4069.6,0.21,11255475.0,0.05,,,,,,,,,64400.0,-96.24,VOLUME_OI,VolumeAndOISpikesScans_25AUG26_Report_6_8_2026.xlsx,0,SELL,,Fresh Long Buildup,PAT:Fresh Long Buildup|SCR:|P:0.21|OI:0.05|VOL:-96.24|FUT:nan,PDNA_FB76EFC9,60,MEDIUM,NEUTRAL
IDEA,12.87,0.08,5878604325.0,0.01,,,,,,,,,8719950.0,-96.03,VOLUME_OI,VolumeAndOISpikesScans_25AUG26_Report_6_8_2026.xlsx,0,SELL,,Fresh Long Buildup,PAT:Fresh Long Buildup|SCR:|P:0.08|OI:0.01|VOL:-96.03|FUT:nan,PDNA_494F2931,60,MEDIUM,NEUTRAL
DRREDDY,1170.0,0.09,13676875.0,0.11,,,,,,,,,51875.0,-97.01,VOLUME_OI,VolumeAndOISpikesScans_25AUG26_Report_6_8_2026.xlsx,0,SELL,,Fresh Long Buildup,PAT:Fresh Long Buildup|SCR:|P:0.09|OI:0.11|VOL:-97.01|FUT:nan,PDNA_2129E3BE,60,MEDIUM,NEUTRAL
PETRONET,283.1,0.27,32034000.0,0.05,,,,,,,,,81700.0,-95.75,VOLUME_OI,VolumeAndOISpikesScans_25AUG26_Report_6_8_2026.xlsx,0,SELL,,Fresh Long Buildup,PAT:Fresh Long Buildup|SCR:|P:0.27|OI:0.05|VOL:-95.75|FUT:nan,PDNA_F7B12661,60,MEDIUM,NEUTRAL
MAXHEALTH,1080.2,0.07,9867900.0,0.12,,,,,,,,,32025.0,-95.47,VOLUME_OI,VolumeAndOISpikesScans_25AUG26_Report_6_8_2026.xlsx,0,SELL,,Fresh Long Buildup,PAT:Fresh Long Buildup|SCR:|P:0.07|OI:0.12|VOL:-95.47|FUT:nan,PDNA_638968E5,60,MEDIUM,NEUTRAL
RVNL,228.85,0.01,35104300.0,0.16,,,,,,,,,119350.0,-95.63,VOLUME_OI,VolumeAndOISpikesScans_25AUG26_Report_6_8_2026.xlsx,0,SELL,,Fresh Long Buildup,PAT:Fresh Long Buildup|SCR:|P:0.01|OI:0.16|VOL:-95.63|FUT:nan,PDNA_339CAA93,60,MEDIUM,NEUTRAL
BAJAJ-AUTO,11760.0,0.36,1859700.0,0.11,,,,,,,,,13575.0,-94.88,VOLUME_OI,VolumeAndOISpikesScans_25AUG26_Report_6_8_2026.xlsx,0,SELL,,Fresh Long Buildup,PAT:Fresh Long Buildup|SCR:|P:0.36|OI:0.11|VOL:-94.88|FUT:nan,PDNA_6F299C2E,60,MEDIUM,NEUTRAL
ZYDUSLIFE,1120.7,0.22,10170000.0,0.06,,,,,,,,,36900.0,-95.24,VOLUME_OI,VolumeAndOISpikesScans_25AUG26_Report_6_8_2026.xlsx,0,SELL,,Fresh Long Buildup,PAT:Fresh Long Buildup|SCR:|P:0.22|OI:0.06|VOL:-95.24|FUT:nan,PDNA_A56F9DB4,60,MEDIUM,NEUTRAL
EICHERMOT,8030.0,0.26,3680500.0,0.05,,,,,,,,,15600.0,-95.25,VOLUME_OI,VolumeAndOISpikesScans_25AUG26_Report_6_8_2026.xlsx,0,SELL,,Fresh Long Buildup,PAT:Fresh Long Buildup|SCR:|P:0.26|OI:0.05|VOL:-95.25|FUT:nan,PDNA_03A109DA,60,MEDIUM,NEUTRAL
ASHOKLEY,177.28,0.57,140310000.0,0.01,,,,,,,,,1060000.0,-95.57,VOLUME_OI,VolumeAndOISpikesScans_25AUG26_Report_6_8_2026.xlsx,0,SELL,,Fresh Long Buildup,PAT:Fresh Long Buildup|SCR:|P:0.57|OI:0.01|VOL:-95.57|FUT:nan,PDNA_93B6E97F,60,MEDIUM,NEUTRAL
SUNPHARMA,1961.0,0.52,13917750.0,0.02,,,,,,,,,55300.0,-94.44,VOLUME_OI,VolumeAndOISpikesScans_25AUG26_Report_6_8_2026.xlsx,0,SELL,,Fresh Long Buildup,PAT:Fresh Long Buildup|SCR:|P:0.52|OI:0.02|VOL:-94.44|FUT:nan,PDNA_25DB088D,60,MEDIUM,NEUTRAL
ASIANPAINT,2783.6,0.4,7497750.0,0.1,,,,,,,,,37750.0,-94.63,VOLUME_OI,VolumeAndOISpikesScans_25AUG26_Report_6_8_2026.xlsx,0,SELL,,Fresh Long Buildup,PAT:Fresh Long Buildup|SCR:|P:0.4|OI:0.1|VOL:-94.63|FUT:nan,PDNA_44F86AC6,60,MEDIUM,NEUTRAL
CGPOWER,884.3,0.06,20071900.0,0.01,,,,,,,,,158100.0,-93.61,VOLUME_OI,VolumeAndOISpikesScans_25AUG26_Report_6_8_2026.xlsx,0,SELL,,Fresh Long Buildup,PAT:Fresh Long Buildup|SCR:|P:0.06|OI:0.01|VOL:-93.61|FUT:nan,PDNA_A111CADE,60,MEDIUM,NEUTRAL
PFC,416.6,0.06,55727100.0,0.31,,,,,,,,,378300.0,-93.63,VOLUME_OI,VolumeAndOISpikesScans_25AUG26_Report_6_8_2026.xlsx,0,SELL,,Fresh Long Buildup,PAT:Fresh Long Buildup|SCR:|P:0.06|OI:0.31|VOL:-93.63|FUT:nan,PDNA_5AF4B6B7,60,MEDIUM,NEUTRAL
DIXON,14324.0,0.55,2540100.0,0.03,,,,,,,,,25900.0,-93.9,VOLUME_OI,VolumeAndOISpikesScans_25AUG26_Report_6_8_2026.xlsx,0,SELL,,Fresh Long Buildup,PAT:Fresh Long Buildup|SCR:|P:0.55|OI:0.03|VOL:-93.9|FUT:nan,PDNA_E4F942EB,60,MEDIUM,NEUTRAL
PNB,114.65,0.51,287968000.0,0.14,,,,,,,,,1288000.0,-94.39,VOLUME_OI,VolumeAndOISpikesScans_25AUG26_Report_6_8_2026.xlsx,0,SELL,,Fresh Long Buildup,PAT:Fresh Long Buildup|SCR:|P:0.51|OI:0.14|VOL:-94.39|FUT:nan,PDNA_3A9AA99A,60,MEDIUM,NEUTRAL
PATANJALI,357.65,0.15,34636500.0,0.03,,,,,,,,,198875.0,-94.25,VOLUME_OI,VolumeAndOISpikesScans_25AUG26_Report_6_8_2026.xlsx,0,SELL,,Fresh Long Buildup,PAT:Fresh Long Buildup|SCR:|P:0.15|OI:0.03|VOL:-94.25|FUT:nan,PDNA_FF2F67B7,60,MEDIUM,NEUTRAL
ASTRAL,1436.5,0.31,7080500.0,0.02,,,,,,,,,33575.0,-94.41,VOLUME_OI,VolumeAndOISpikesScans_25AUG26_Report_6_8_2026.xlsx,0,SELL,,Fresh Long Buildup,PAT:Fresh Long Buildup|SCR:|P:0.31|OI:0.02|VOL:-94.41|FUT:nan,PDNA_B8EC20B8,60,MEDIUM,NEUTRAL
AMBER,7525.0,0.11,1168300.0,0.41,,,,,,,,,17700.0,-94.27,VOLUME_OI,VolumeAndOISpikesScans_25AUG26_Report_6_8_2026.xlsx,0,SELL,,Fresh Long Buildup,PAT:Fresh Long Buildup|SCR:|P:0.11|OI:0.41|VOL:-94.27|FUT:nan,PDNA_C2980D54,60,MEDIUM,NEUTRAL
GLENMARK,2275.0,0.57,11717250.0,0.17,,,,,,,,,99375.0,-93.54,VOLUME_OI,VolumeAndOISpikesScans_25AUG26_Report_6_8_2026.xlsx,0,SELL,,Fresh Long Buildup,PAT:Fresh Long Buildup|SCR:|P:0.57|OI:0.17|VOL:-93.54|FUT:nan,PDNA_AD0C8113,60,MEDIUM,NEUTRAL
DIVISLAB,8444.5,0.15,3574000.0,0.08,,,,,,,,,16200.0,-93.28,VOLUME_OI,VolumeAndOISpikesScans_25AUG26_Report_6_8_2026.xlsx,0,SELL,,Fresh Long Buildup,PAT:Fresh Long Buildup|SCR:|P:0.15|OI:0.08|VOL:-93.28|FUT:nan,PDNA_EDA48D0C,60,MEDIUM,NEUTRAL
NIFTYNXT50,74350.0,0.07,19200.0,0.13,,,,,,,,,175.0,-93.14,VOLUME_OI,VolumeAndOISpikesScans_25AUG26_Report_6_8_2026.xlsx,0,SELL,,Fresh Long Buildup,PAT:Fresh Long Buildup|SCR:|P:0.07|OI:0.13|VOL:-93.14|FUT:nan,PDNA_50FC8398,60,MEDIUM,NEUTRAL
JSWSTEEL,1333.5,0.17,40355550.0,0.06,,,,,,,,,215325.0,-93.56,VOLUME_OI,VolumeAndOISpikesScans_25AUG26_Report_6_8_2026.xlsx,0,SELL,,Fresh Long Buildup,PAT:Fresh Long Buildup|SCR:|P:0.17|OI:0.06|VOL:-93.56|FUT:nan,PDNA_C04584ED,60,MEDIUM,NEUTRAL
RELIANCE,1301.4,1.51,107833500.0,-0.18,,,,,,,,,3740500.0,-72.1,VOLUME_OI,VolumeAndOISpikesScans_25AUG26_Report_6_8_2026.xlsx,20,SELL,Positive Price Momentum,Short Covering,PAT:Short Covering|SCR:|P:1.51|OI:-0.18|VOL:-72.1|FUT:nan,PDNA_A773E47B,55,MEDIUM,NEUTRAL
SBIN,1064.0,0.66,80717250.0,-0.02,,,,,,,,,956250.0,-90.18,VOLUME_OI,VolumeAndOISpikesScans_25AUG26_Report_6_8_2026.xlsx,0,SELL,,Short Covering,PAT:Short Covering|SCR:|P:0.66|OI:-0.02|VOL:-90.18|FUT:nan,PDNA_325D21EB,55,MEDIUM,NEUTRAL
UNIONBANK,177.13,0.85,117833325.0,-0.14,,,,,,,,,1163775.0,-92.82,VOLUME_OI,VolumeAndOISpikesScans_25AUG26_Report_6_8_2026.xlsx,0,SELL,,Short Covering,PAT:Short Covering|SCR:|P:0.85|OI:-0.14|VOL:-92.82|FUT:nan,PDNA_F178491B,55,MEDIUM,NEUTRAL
AXISBANK,1260.5,0.25,80740000.0,-0.06,,,,,,,,,237500.0,-93.76,VOLUME_OI,VolumeAndOISpikesScans_25AUG26_Report_6_8_2026.xlsx,0,SELL,,Short Covering,PAT:Short Covering|SCR:|P:0.25|OI:-0.06|VOL:-93.76|FUT:nan,PDNA_0B42B3EF,55,MEDIUM,NEUTRAL
APLAPOLLO,1959.8,0.02,5498850.0,-0.03,,,,,,,,,23100.0,-95.63,VOLUME_OI,VolumeAndOISpikesScans_25AUG26_Report_6_8_2026.xlsx,0,SELL,,Short Covering,PAT:Short Covering|SCR:|P:0.02|OI:-0.03|VOL:-95.63|FUT:nan,PDNA_D2673721,55,MEDIUM,NEUTRAL
SENSEX,79042.5,0.35,35740.0,-1.22,,,,,,,,,2420.0,-90.06,VOLUME_OI,VolumeAndOISpikesScans_25AUG26_Report_6_8_2026.xlsx,0,SELL,,Short Covering,PAT:Short Covering|SCR:|P:0.35|OI:-1.22|VOL:-90.06|FUT:nan,PDNA_D427712A,55,MEDIUM,NEUTRAL
BAJFINANCE,1156.7,0.25,53350500.0,-0.15,,,,,,,,,741750.0,-87.0,VOLUME_OI,VolumeAndOISpikesScans_25AUG26_Report_6_8_2026.xlsx,0,SELL,,Short Covering,PAT:Short Covering|SCR:|P:0.25|OI:-0.15|VOL:-87.0|FUT:nan,PDNA_BAA105EA,55,MEDIUM,NEUTRAL
BANKNIFTY,58025.0,0.33,2150430.0,-0.76,,,,,,,,,52530.0,-91.35,VOLUME_OI,VolumeAndOISpikesScans_25AUG26_Report_6_8_2026.xlsx,0,SELL,,Short Covering,PAT:Short Covering|SCR:|P:0.33|OI:-0.76|VOL:-91.35|FUT:nan,PDNA_39529C7B,55,MEDIUM,NEUTRAL
JSWENERGY,569.7,0.29,24483125.0,-0.01,,,,,,,,,64500.0,-92.04,VOLUME_OI,VolumeAndOISpikesScans_25AUG26_Report_6_8_2026.xlsx,0,SELL,,Short Covering,PAT:Short Covering|SCR:|P:0.29|OI:-0.01|VOL:-92.04|FUT:nan,PDNA_0DBC9887,55,MEDIUM,NEUTRAL
BEL,394.35,0.88,104794500.0,-0.16,,,,,,,,,1221225.0,-87.14,VOLUME_OI,VolumeAndOISpikesScans_25AUG26_Report_6_8_2026.xlsx,0,SELL,,Short Covering,PAT:Short Covering|SCR:|P:0.88|OI:-0.16|VOL:-87.14|FUT:nan,PDNA_79FA261A,55,MEDIUM,NEUTRAL
MANKIND,2468.0,0.47,3239500.0,-0.08,,,,,,,,,11500.0,-92.72,VOLUME_OI,VolumeAndOISpikesScans_25AUG26_Report_6_8_2026.xlsx,0,SELL,,Short Covering,PAT:Short Covering|SCR:|P:0.47|OI:-0.08|VOL:-92.72|FUT:nan,PDNA_3F61D8C7,55,MEDIUM,NEUTRAL
MAZDOCK,2411.2,1.08,5015700.0,-0.1,,,,,,,,,58500.0,-89.67,VOLUME_OI,VolumeAndOISpikesScans_25AUG26_Report_6_8_2026.xlsx,20,SELL,Positive Price Momentum,Short Covering,PAT:Short Covering|SCR:|P:1.08|OI:-0.1|VOL:-89.67|FUT:nan,PDNA_F692B310,55,MEDIUM,NEUTRAL
SOLARINDS,18712.0,1.04,782950.0,-0.06,,,,,,,,,5950.0,-92.66,VOLUME_OI,VolumeAndOISpikesScans_25AUG26_Report_6_8_2026.xlsx,20,SELL,Positive Price Momentum,Short Covering,PAT:Short Covering|SCR:|P:1.04|OI:-0.06|VOL:-92.66|FUT:nan,PDNA_1FD2D85C,55,MEDIUM,NEUTRAL
GAIL,177.56,1.16,91025550.0,-0.25,,,,,,,,,2059000.0,-77.64,VOLUME_OI,VolumeAndOISpikesScans_25AUG26_Report_6_8_2026.xlsx,20,SELL,Positive Price Momentum,Short Covering,PAT:Short Covering|SCR:|P:1.16|OI:-0.25|VOL:-77.64|FUT:nan,PDNA_6E2577D1,55,MEDIUM,NEUTRAL
IREDA,117.55,0.51,80232775.0,-0.05,,,,,,,,,343900.0,-96.35,VOLUME_OI,VolumeAndOISpikesScans_25AUG26_Report_6_8_2026.xlsx,0,SELL,,Short Covering,PAT:Short Covering|SCR:|P:0.51|OI:-0.05|VOL:-96.35|FUT:nan,PDNA_4BF7C396,55,MEDIUM,NEUTRAL
YESBANK,23.07,0.52,1172159000.0,-0.03,,,,,,,,,4198500.0,-94.76,VOLUME_OI,VolumeAndOISpikesScans_25AUG26_Report_6_8_2026.xlsx,0,SELL,,Short Covering,PAT:Short Covering|SCR:|P:0.52|OI:-0.03|VOL:-94.76|FUT:nan,PDNA_9DA7F681,55,MEDIUM,NEUTRAL
NAUKRI,1241.9,0.28,13794550.0,-0.01,,,,,,,,,46750.0,-97.17,VOLUME_OI,VolumeAndOISpikesScans_25AUG26_Report_6_8_2026.xlsx,0,SELL,,Short Covering,PAT:Short Covering|SCR:|P:0.28|OI:-0.01|VOL:-97.17|FUT:nan,PDNA_D149780F,55,MEDIUM,NEUTRAL
VMM,110.99,0.29,47321450.0,-0.06,,,,,,,,,184300.0,-96.58,VOLUME_OI,VolumeAndOISpikesScans_25AUG26_Report_6_8_2026.xlsx,0,SELL,,Short Covering,PAT:Short Covering|SCR:|P:0.29|OI:-0.06|VOL:-96.58|FUT:nan,PDNA_E517D048,55,MEDIUM,NEUTRAL
ABB,7690.0,0.57,2160250.0,-0.14,,,,,,,,,15750.0,-95.44,VOLUME_OI,VolumeAndOISpikesScans_25AUG26_Report_6_8_2026.xlsx,0,SELL,,Short Covering,PAT:Short Covering|SCR:|P:0.57|OI:-0.14|VOL:-95.44|FUT:nan,PDNA_FE75EE01,55,MEDIUM,NEUTRAL
IRFC,88.96,0.01,89317200.0,-0.05,,,,,,,,,298375.0,-94.2,VOLUME_OI,VolumeAndOISpikesScans_25AUG26_Report_6_8_2026.xlsx,0,SELL,,Short Covering,PAT:Short Covering|SCR:|P:0.01|OI:-0.05|VOL:-94.2|FUT:nan,PDNA_2102C24D,55,MEDIUM,NEUTRAL
MCX,2636.5,0.84,8855550.0,-0.35,,,,,,,,,371925.0,-93.12,VOLUME_OI,VolumeAndOISpikesScans_25AUG26_Report_6_8_2026.xlsx,0,SELL,,Short Covering,PAT:Short Covering|SCR:|P:0.84|OI:-0.35|VOL:-93.12|FUT:nan,PDNA_9968C009,55,MEDIUM,NEUTRAL
BLUESTARCO,1645.0,0.52,3742700.0,-0.23,,,,,,,,,71175.0,-95.12,VOLUME_OI,VolumeAndOISpikesScans_25AUG26_Report_6_8_2026.xlsx,0,SELL,,Short Covering,PAT:Short Covering|SCR:|P:0.52|OI:-0.23|VOL:-95.12|FUT:nan,PDNA_40240C88,55,MEDIUM,NEUTRAL
BANKINDIA,141.9,0.59,94400800.0,-0.2,,,,,,,,,603200.0,-94.88,VOLUME_OI,VolumeAndOISpikesScans_25AUG26_Report_6_8_2026.xlsx,0,SELL,,Short Covering,PAT:Short Covering|SCR:|P:0.59|OI:-0.2|VOL:-94.88|FUT:nan,PDNA_F07ACD6B,55,MEDIUM,NEUTRAL
COALINDIA,416.0,0.14,74721150.0,0.0,,,,,,,,,86400.0,-97.83,VOLUME_OI,VolumeAndOISpikesScans_25AUG26_Report_6_8_2026.xlsx,0,SELL,,Neutral,PAT:Neutral|SCR:|P:0.14|OI:0.0|VOL:-97.83|FUT:nan,PDNA_39D98A2B,35,LOW,SELL
TATASTEEL,193.24,0.0,175282250.0,0.6,,,,,,,,,3124000.0,-87.57,VOLUME_OI,VolumeAndOISpikesScans_25AUG26_Report_6_8_2026.xlsx,0,SELL,,Neutral,PAT:Neutral|SCR:|P:0.0|OI:0.6|VOL:-87.57|FUT:nan,PDNA_32220528,35,LOW,SELL
ALKEM,5692.0,0.0,1399375.0,0.03,,,,,,,,,5125.0,-95.37,VOLUME_OI,VolumeAndOISpikesScans_25AUG26_Report_6_8_2026.xlsx,0,SELL,,Neutral,PAT:Neutral|SCR:|P:0.0|OI:0.03|VOL:-95.37|FUT:nan,PDNA_101A3152,35,LOW,SELL
BANKEX,,,,,,,,,,,,,,,VOLUME_OI,VolumeAndOISpikesScans_25AUG26_Report_6_8_2026.xlsx,0,SELL,,Neutral,PAT:Neutral|SCR:|P:nan|OI:nan|VOL:nan|FUT:nan,PDNA_3E39CC28,35,LOW,SELL
FOCIT,,,,,,,,,,,,,,,VOLUME_OI,VolumeAndOISpikesScans_25AUG26_Report_6_8_2026.xlsx,0,SELL,,Neutral,PAT:Neutral|SCR:|P:nan|OI:nan|VOL:nan|FUT:nan,PDNA_3E39CC28,35,LOW,SELL
FINNIFTY,26928.4,0.16,31800.0,0.0,,,,,,,,,540.0,-94.19,VOLUME_OI,VolumeAndOISpikesScans_25AUG26_Report_6_8_2026.xlsx,0,SELL,,Neutral,PAT:Neutral|SCR:|P:0.16|OI:0.0|VOL:-94.19|FUT:nan,PDNA_9BCA113F,35,LOW,SELL
INDUSINDBK,1023.0,0.16,33688900.0,0.0,,,,,,,,,72800.0,-97.55,VOLUME_OI,VolumeAndOISpikesScans_25AUG26_Report_6_8_2026.xlsx,0,SELL,,Neutral,PAT:Neutral|SCR:|P:0.16|OI:0.0|VOL:-97.55|FUT:nan,PDNA_27D26C70,35,LOW,SELL
TATACONSUM,1094.8,0.1,15809750.0,0.0,,,,,,,,,40700.0,-94.19,VOLUME_OI,VolumeAndOISpikesScans_25AUG26_Report_6_8_2026.xlsx,0,SELL,,Neutral,PAT:Neutral|SCR:|P:0.1|OI:0.0|VOL:-94.19|FUT:nan,PDNA_9EBC274B,35,LOW,SELL
ITC,287.3,0.09,156274650.0,0.0,,,,,,,,,182850.0,-97.61,VOLUME_OI,VolumeAndOISpikesScans_25AUG26_Report_6_8_2026.xlsx,0,SELL,,Neutral,PAT:Neutral|SCR:|P:0.09|OI:0.0|VOL:-97.61|FUT:nan,PDNA_A68ECE8C,35,LOW,SELL
INDIGO,5406.0,-0.13,5480700.0,0.12,,,,,,,,,16950.0,-98.18,VOLUME_OI,VolumeAndOISpikesScans_25AUG26_Report_6_8_2026.xlsx,0,SELL,,Short Buildup,PAT:Short Buildup|SCR:|P:-0.13|OI:0.12|VOL:-98.18|FUT:nan,PDNA_4C38DFAB,20,LOW,SELL
SUZLON,48.28,-0.19,460286100.0,0.05,,,,,,,,,1574800.0,-92.9,VOLUME_OI,VolumeAndOISpikesScans_25AUG26_Report_6_8_2026.xlsx,0,SELL,,Short Buildup,PAT:Short Buildup|SCR:|P:-0.19|OI:0.05|VOL:-92.9|FUT:nan,PDNA_0FF9764C,20,LOW,SELL
POWERGRID,273.35,-3.26,48491800.0,2.79,,,,,,,,,3505500.0,-33.82,VOLUME_OI,VolumeAndOISpikesScans_25AUG26_Report_6_8_2026.xlsx,0,SELL,Negative Price Momentum; Fresh OI Buildup,Short Buildup,PAT:Short Buildup|SCR:|P:-3.26|OI:2.79|VOL:-33.82|FUT:nan,PDNA_556A40AF,20,LOW,SELL
GVT&D,4286.3,-1.6,2799375.0,3.94,,,,,,,,,546500.0,20.57,VOLUME_OI,VolumeAndOISpikesScans_25AUG26_Report_6_8_2026.xlsx,0,SELL,Negative Price Momentum; Fresh OI Buildup,Short Buildup,PAT:Short Buildup|SCR:|P:-1.6|OI:3.94|VOL:20.57|FUT:nan,PDNA_292EFE3E,20,LOW,SELL
CONCOR,518.5,-0.37,21707500.0,0.01,,,,,,,,,33750.0,-98.17,VOLUME_OI,VolumeAndOISpikesScans_25AUG26_Report_6_8_2026.xlsx,0,SELL,,Short Buildup,PAT:Short Buildup|SCR:|P:-0.37|OI:0.01|VOL:-98.17|FUT:nan,PDNA_16C1D276,20,LOW,SELL
DABUR,413.3,-0.06,28543750.0,0.14,,,,,,,,,123750.0,-97.51,VOLUME_OI,VolumeAndOISpikesScans_25AUG26_Report_6_8_2026.xlsx,0,SELL,,Short Buildup,PAT:Short Buildup|SCR:|P:-0.06|OI:0.14|VOL:-97.51|FUT:nan,PDNA_EF98DF6C,20,LOW,SELL
FORTIS,926.8,-0.27,10360200.0,0.13,,,,,,,,,46500.0,-96.97,VOLUME_OI,VolumeAndOISpikesScans_25AUG26_Report_6_8_2026.xlsx,0,SELL,,Short Buildup,PAT:Short Buildup|SCR:|P:-0.27|OI:0.13|VOL:-96.97|FUT:nan,PDNA_E6AC66DC,20,LOW,SELL
SONACOMS,818.0,-0.18,12232850.0,0.37,,,,,,,,,213150.0,-96.8,VOLUME_OI,VolumeAndOISpikesScans_25AUG26_Report_6_8_2026.xlsx,0,SELL,,Short Buildup,PAT:Short Buildup|SCR:|P:-0.18|OI:0.37|VOL:-96.8|FUT:nan,PDNA_EB62429A,20,LOW,SELL
PRESTIGE,1585.0,-0.87,5178600.0,0.04,,,,,,,,,15750.0,-96.51,VOLUME_OI,VolumeAndOISpikesScans_25AUG26_Report_6_8_2026.xlsx,0,SELL,,Short Buildup,PAT:Short Buildup|SCR:|P:-0.87|OI:0.04|VOL:-96.51|FUT:nan,PDNA_90B139AC,20,LOW,SELL
JUBLFOOD,468.45,-1.68,17035000.0,1.44,,,,,,,,,895000.0,-92.57,VOLUME_OI,VolumeAndOISpikesScans_25AUG26_Report_6_8_2026.xlsx,0,SELL,Negative Price Momentum,Short Buildup,PAT:Short Buildup|SCR:|P:-1.68|OI:1.44|VOL:-92.57|FUT:nan,PDNA_8AE0C8B6,20,LOW,SELL
HCLTECH,1345.1,-0.27,27209600.0,0.16,,,,,,,,,205200.0,-91.77,VOLUME_OI,VolumeAndOISpikesScans_25AUG26_Report_6_8_2026.xlsx,0,SELL,,Short Buildup,PAT:Short Buildup|SCR:|P:-0.27|OI:0.16|VOL:-91.77|FUT:nan,PDNA_3841D334,20,LOW,SELL
INFY,1173.9,-0.08,85797200.0,0.08,,,,,,,,,644800.0,-92.28,VOLUME_OI,VolumeAndOISpikesScans_25AUG26_Report_6_8_2026.xlsx,0,SELL,,Short Buildup,PAT:Short Buildup|SCR:|P:-0.08|OI:0.08|VOL:-92.28|FUT:nan,PDNA_30B218B2,20,LOW,SELL
GRASIM,3221.7,-0.15,12000250.0,0.24,,,,,,,,,95500.0,-90.93,VOLUME_OI,VolumeAndOISpikesScans_25AUG26_Report_6_8_2026.xlsx,0,SELL,,Short Buildup,PAT:Short Buildup|SCR:|P:-0.15|OI:0.24|VOL:-90.93|FUT:nan,PDNA_4840A01C,20,LOW,SELL
DALBHARAT,1835.6,-0.28,3718975.0,0.03,,,,,,,,,29575.0,-90.67,VOLUME_OI,VolumeAndOISpikesScans_25AUG26_Report_6_8_2026.xlsx,0,SELL,,Short Buildup,PAT:Short Buildup|SCR:|P:-0.28|OI:0.03|VOL:-90.67|FUT:nan,PDNA_34A4A59C,20,LOW,SELL
ICICIPRULI,512.05,-0.73,17976450.0,0.24,,,,,,,,,107300.0,-91.25,VOLUME_OI,VolumeAndOISpikesScans_25AUG26_Report_6_8_2026.xlsx,0,SELL,,Short Buildup,PAT:Short Buildup|SCR:|P:-0.73|OI:0.24|VOL:-91.25|FUT:nan,PDNA_BF324E45,20,LOW,SELL
OBEROIRLTY,1784.8,-1.94,5485550.0,0.28,,,,,,,,,56700.0,-91.56,VOLUME_OI,VolumeAndOISpikesScans_25AUG26_Report_6_8_2026.xlsx,0,SELL,Negative Price Momentum,Short Buildup,PAT:Short Buildup|SCR:|P:-1.94|OI:0.28|VOL:-91.56|FUT:nan,PDNA_F19F5522,20,LOW,SELL
ONGC,238.24,-0.42,55514250.0,0.69,,,,,,,,,1253250.0,-91.07,VOLUME_OI,VolumeAndOISpikesScans_25AUG26_Report_6_8_2026.xlsx,0,SELL,,Short Buildup,PAT:Short Buildup|SCR:|P:-0.42|OI:0.69|VOL:-91.07|FUT:nan,PDNA_FB1F4B7E,20,LOW,SELL
WIPRO,186.98,-0.39,214515000.0,0.02,,,,,,,,,876000.0,-92.63,VOLUME_OI,VolumeAndOISpikesScans_25AUG26_Report_6_8_2026.xlsx,0,SELL,,Short Buildup,PAT:Short Buildup|SCR:|P:-0.39|OI:0.02|VOL:-92.63|FUT:nan,PDNA_AFC08FDE,20,LOW,SELL
POWERINDIA,31935.0,-1.68,599925.0,1.59,,,,,,,,,38375.0,-30.67,VOLUME_OI,VolumeAndOISpikesScans_25AUG26_Report_6_8_2026.xlsx,0,SELL,Negative Price Momentum,Short Buildup,PAT:Short Buildup|SCR:|P:-1.68|OI:1.59|VOL:-30.67|FUT:nan,PDNA_06552F18,20,LOW,SELL
COFORGE,1767.4,-0.66,13349400.0,0.39,,,,,,,,,371925.0,-79.33,VOLUME_OI,VolumeAndOISpikesScans_25AUG26_Report_6_8_2026.xlsx,0,SELL,,Short Buildup,PAT:Short Buildup|SCR:|P:-0.66|OI:0.39|VOL:-79.33|FUT:nan,PDNA_33DD55AF,20,LOW,SELL
OFSS,11737.0,-0.44,1242900.0,0.3,,,,,,,,,27800.0,-85.86,VOLUME_OI,VolumeAndOISpikesScans_25AUG26_Report_6_8_2026.xlsx,0,SELL,,Short Buildup,PAT:Short Buildup|SCR:|P:-0.44|OI:0.3|VOL:-85.86|FUT:nan,PDNA_FC8D39A8,20,LOW,SELL
TCS,2419.0,-0.4,31214475.0,0.06,,,,,,,,,356400.0,-85.3,VOLUME_OI,VolumeAndOISpikesScans_25AUG26_Report_6_8_2026.xlsx,0,SELL,,Short Buildup,PAT:Short Buildup|SCR:|P:-0.4|OI:0.06|VOL:-85.3|FUT:nan,PDNA_C29B7A6A,20,LOW,SELL
BHEL,408.7,-0.95,80818500.0,0.16,,,,,,,,,850500.0,-85.52,VOLUME_OI,VolumeAndOISpikesScans_25AUG26_Report_6_8_2026.xlsx,0,SELL,,Short Buildup,PAT:Short Buildup|SCR:|P:-0.95|OI:0.16|VOL:-85.52|FUT:nan,PDNA_623B10B9,20,LOW,SELL
DLF,641.5,-2.18,47682400.0,0.6,,,,,,,,,1002250.0,-84.82,VOLUME_OI,VolumeAndOISpikesScans_25AUG26_Report_6_8_2026.xlsx,0,SELL,Negative Price Momentum,Short Buildup,PAT:Short Buildup|SCR:|P:-2.18|OI:0.6|VOL:-84.82|FUT:nan,PDNA_7184F223,20,LOW,SELL
TATAPOWER,379.7,-0.5,62599400.0,0.21,,,,,,,,,272600.0,-84.76,VOLUME_OI,VolumeAndOISpikesScans_25AUG26_Report_6_8_2026.xlsx,0,SELL,,Short Buildup,PAT:Short Buildup|SCR:|P:-0.5|OI:0.21|VOL:-84.76|FUT:nan,PDNA_F5D37922,20,LOW,SELL
AUROPHARMA,1609.8,-0.89,11043450.0,0.8,,,,,,,,,466400.0,-80.48,VOLUME_OI,VolumeAndOISpikesScans_25AUG26_Report_6_8_2026.xlsx,0,SELL,,Short Buildup,PAT:Short Buildup|SCR:|P:-0.89|OI:0.8|VOL:-80.48|FUT:nan,PDNA_001A5240,20,LOW,SELL
HINDALCO,1031.95,-0.8,52794000.0,1.04,,,,,,,,,2128000.0,-77.71,VOLUME_OI,VolumeAndOISpikesScans_25AUG26_Report_6_8_2026.xlsx,0,SELL,,Short Buildup,PAT:Short Buildup|SCR:|P:-0.8|OI:1.04|VOL:-77.71|FUT:nan,PDNA_E62293B1,20,LOW,SELL
TATAELXSI,3750.0,-0.4,2344250.0,0.03,,,,,,,,,29375.0,-84.31,VOLUME_OI,VolumeAndOISpikesScans_25AUG26_Report_6_8_2026.xlsx,0,SELL,,Short Buildup,PAT:Short Buildup|SCR:|P:-0.4|OI:0.03|VOL:-84.31|FUT:nan,PDNA_E6162EE2,20,LOW,SELL
LTM,4513.4,-0.95,2366550.0,0.28,,,,,,,,,42000.0,-82.39,VOLUME_OI,VolumeAndOISpikesScans_25AUG26_Report_6_8_2026.xlsx,0,SELL,,Short Buildup,PAT:Short Buildup|SCR:|P:-0.95|OI:0.28|VOL:-82.39|FUT:nan,PDNA_ABE4EBCC,20,LOW,SELL
BHARATFORG,2197.9,-0.73,7771000.0,0.16,,,,,,,,,115500.0,-89.84,VOLUME_OI,VolumeAndOISpikesScans_25AUG26_Report_6_8_2026.xlsx,0,SELL,,Short Buildup,PAT:Short Buildup|SCR:|P:-0.73|OI:0.16|VOL:-89.84|FUT:nan,PDNA_30369724,20,LOW,SELL
TIINDIA,2762.4,-1.12,2267400.0,0.08,,,,,,,,,34000.0,-88.4,VOLUME_OI,VolumeAndOISpikesScans_25AUG26_Report_6_8_2026.xlsx,0,SELL,Negative Price Momentum,Short Buildup,PAT:Short Buildup|SCR:|P:-1.12|OI:0.08|VOL:-88.4|FUT:nan,PDNA_BA6A78DB,20,LOW,SELL
PERSISTENT,5540.0,-0.48,3475125.0,0.23,,,,,,,,,29875.0,-91.96,VOLUME_OI,VolumeAndOISpikesScans_25AUG26_Report_6_8_2026.xlsx,0,SELL,,Short Buildup,PAT:Short Buildup|SCR:|P:-0.48|OI:0.23|VOL:-91.96|FUT:nan,PDNA_4CA88D72,20,LOW,SELL
TRENT,3076.5,-0.76,10415700.0,0.35,,,,,,,,,79200.0,-89.3,VOLUME_OI,VolumeAndOISpikesScans_25AUG26_Report_6_8_2026.xlsx,0,SELL,,Short Buildup,PAT:Short Buildup|SCR:|P:-0.76|OI:0.35|VOL:-89.3|FUT:nan,PDNA_D75DD571,20,LOW,SELL
ADANIPOWER,208.1,-0.23,158578500.0,0.19,,,,,,,,,589300.0,-94.24,VOLUME_OI,VolumeAndOISpikesScans_25AUG26_Report_6_8_2026.xlsx,0,SELL,,Short Buildup,PAT:Short Buildup|SCR:|P:-0.23|OI:0.19|VOL:-94.24|FUT:nan,PDNA_E5168825,20,LOW,SELL
RADICO,4528.0,-0.78,787650.0,0.06,,,,,,,,,13050.0,-94.35,VOLUME_OI,VolumeAndOISpikesScans_25AUG26_Report_6_8_2026.xlsx,0,SELL,,Short Buildup,PAT:Short Buildup|SCR:|P:-0.78|OI:0.06|VOL:-94.35|FUT:nan,PDNA_F0B11E89,20,LOW,SELL
MARICO,855.65,-0.34,18340800.0,0.21,,,,,,,,,130800.0,-98.44,VOLUME_OI,VolumeAndOISpikesScans_25AUG26_Report_6_8_2026.xlsx,0,SELL,,Short Buildup,PAT:Short Buildup|SCR:|P:-0.34|OI:0.21|VOL:-98.44|FUT:nan,PDNA_57F33979,20,LOW,SELL
NAM-INDIA,1195.0,-0.28,7433750.0,0.15,,,,,,,,,29375.0,-98.4,VOLUME_OI,VolumeAndOISpikesScans_25AUG26_Report_6_8_2026.xlsx,0,SELL,,Short Buildup,PAT:Short Buildup|SCR:|P:-0.28|OI:0.15|VOL:-98.4|FUT:nan,PDNA_303FED5C,20,LOW,SELL
INDUSTOWER,388.15,-0.18,89797400.0,0.06,,,,,,,,,108800.0,-98.18,VOLUME_OI,VolumeAndOISpikesScans_25AUG26_Report_6_8_2026.xlsx,0,SELL,,Short Buildup,PAT:Short Buildup|SCR:|P:-0.18|OI:0.06|VOL:-98.18|FUT:nan,PDNA_20C99FCB,20,LOW,SELL
KEI,5547.8,-0.02,1691200.0,0.13,,,,,,,,,18200.0,-97.54,VOLUME_OI,VolumeAndOISpikesScans_25AUG26_Report_6_8_2026.xlsx,0,SELL,,Short Buildup,PAT:Short Buildup|SCR:|P:-0.02|OI:0.13|VOL:-97.54|FUT:nan,PDNA_869C0D29,20,LOW,SELL
HDFCAMC,2562.0,-0.14,6535500.0,0.14,,,,,,,,,16800.0,-97.33,VOLUME_OI,VolumeAndOISpikesScans_25AUG26_Report_6_8_2026.xlsx,0,SELL,,Short Buildup,PAT:Short Buildup|SCR:|P:-0.14|OI:0.14|VOL:-97.33|FUT:nan,PDNA_78409C30,20,LOW,SELL
OIL,444.85,-0.08,16136400.0,0.01,,,,,,,,,47600.0,-98.1,VOLUME_OI,VolumeAndOISpikesScans_25AUG26_Report_6_8_2026.xlsx,0,SELL,,Short Buildup,PAT:Short Buildup|SCR:|P:-0.08|OI:0.01|VOL:-98.1|FUT:nan,PDNA_2EBF26B7,20,LOW,SELL
RBLBANK,389.5,-0.12,43449875.0,0.25,,,,,,,,,530225.0,-95.59,VOLUME_OI,VolumeAndOISpikesScans_25AUG26_Report_6_8_2026.xlsx,0,SELL,,Short Buildup,PAT:Short Buildup|SCR:|P:-0.12|OI:0.25|VOL:-95.59|FUT:nan,PDNA_7569E3AA,20,LOW,SELL
TMPV,347.55,-0.24,73440000.0,0.27,,,,,,,,,393600.0,-95.83,VOLUME_OI,VolumeAndOISpikesScans_25AUG26_Report_6_8_2026.xlsx,0,SELL,,Short Buildup,PAT:Short Buildup|SCR:|P:-0.24|OI:0.27|VOL:-95.83|FUT:nan,PDNA_31D60BDA,20,LOW,SELL
MOTHERSON,155.14,-0.44,126683850.0,0.14,,,,,,,,,1291500.0,-95.59,VOLUME_OI,VolumeAndOISpikesScans_25AUG26_Report_6_8_2026.xlsx,0,SELL,,Short Buildup,PAT:Short Buildup|SCR:|P:-0.44|OI:0.14|VOL:-95.59|FUT:nan,PDNA_7D1555E1,20,LOW,SELL
BPCL,326.2,-0.14,39693550.0,0.17,,,,,,,,,187625.0,-94.91,VOLUME_OI,VolumeAndOISpikesScans_25AUG26_Report_6_8_2026.xlsx,0,SELL,,Short Buildup,PAT:Short Buildup|SCR:|P:-0.14|OI:0.17|VOL:-94.91|FUT:nan,PDNA_D443B2E7,20,LOW,SELL
IDFCFIRSTB,84.96,-0.01,356011600.0,0.04,,,,,,,,,1215025.0,-94.46,VOLUME_OI,VolumeAndOISpikesScans_25AUG26_Report_6_8_2026.xlsx,0,SELL,,Short Buildup,PAT:Short Buildup|SCR:|P:-0.01|OI:0.04|VOL:-94.46|FUT:nan,PDNA_2F8605D4,20,LOW,SELL
HINDUNILVR,2084.8,-0.31,14770800.0,0.07,,,,,,,,,54600.0,-94.61,VOLUME_OI,VolumeAndOISpikesScans_25AUG26_Report_6_8_2026.xlsx,0,SELL,,Short Buildup,PAT:Short Buildup|SCR:|P:-0.31|OI:0.07|VOL:-94.61|FUT:nan,PDNA_E809D481,20,LOW,SELL
HYUNDAI,2192.3,-0.35,3791975.0,0.12,,,,,,,,,28600.0,-94.96,VOLUME_OI,VolumeAndOISpikesScans_25AUG26_Report_6_8_2026.xlsx,0,SELL,,Short Buildup,PAT:Short Buildup|SCR:|P:-0.35|OI:0.12|VOL:-94.96|FUT:nan,PDNA_E8AC2A47,20,LOW,SELL
GODREJPROP,2090.3,-1.51,8018400.0,0.33,,,,,,,,,96200.0,-95.62,VOLUME_OI,VolumeAndOISpikesScans_25AUG26_Report_6_8_2026.xlsx,0,SELL,Negative Price Momentum,Short Buildup,PAT:Short Buildup|SCR:|P:-1.51|OI:0.33|VOL:-95.62|FUT:nan,PDNA_F2AA127A,20,LOW,SELL
CHOLAFIN,1883.7,-0.46,13362500.0,0.4,,,,,,,,,98750.0,-95.13,VOLUME_OI,VolumeAndOISpikesScans_25AUG26_Report_6_8_2026.xlsx,0,SELL,,Short Buildup,PAT:Short Buildup|SCR:|P:-0.46|OI:0.4|VOL:-95.13|FUT:nan,PDNA_89D8D44E,20,LOW,SELL
PIIND,2782.0,-0.08,2767100.0,0.08,,,,,,,,,8400.0,-95.82,VOLUME_OI,VolumeAndOISpikesScans_25AUG26_Report_6_8_2026.xlsx,0,SELL,,Short Buildup,PAT:Short Buildup|SCR:|P:-0.08|OI:0.08|VOL:-95.82|FUT:nan,PDNA_1D1F5C61,20,LOW,SELL
IOC,142.44,-0.11,151198125.0,0.05,,,,,,,,,711750.0,-93.96,VOLUME_OI,VolumeAndOISpikesScans_25AUG26_Report_6_8_2026.xlsx,0,SELL,,Short Buildup,PAT:Short Buildup|SCR:|P:-0.11|OI:0.05|VOL:-93.96|FUT:nan,PDNA_99E42396,20,LOW,SELL
FORCEMOT,18603.0,-0.12,246350.0,0.49,,,,,,,,,5075.0,-93.41,VOLUME_OI,VolumeAndOISpikesScans_25AUG26_Report_6_8_2026.xlsx,0,SELL,,Short Buildup,PAT:Short Buildup|SCR:|P:-0.12|OI:0.49|VOL:-93.41|FUT:nan,PDNA_5A62FBD4,20,LOW,SELL
M&M,3438.0,-0.69,12006600.0,0.16,,,,,,,,,95800.0,-93.3,VOLUME_OI,VolumeAndOISpikesScans_25AUG26_Report_6_8_2026.xlsx,0,SELL,,Short Buildup,PAT:Short Buildup|SCR:|P:-0.69|OI:0.16|VOL:-93.3|FUT:nan,PDNA_82B093EF,20,LOW,SELL
ADANIGREEN,1384.2,-0.06,26845800.0,0.18,,,,,,,,,93600.0,-93.73,VOLUME_OI,VolumeAndOISpikesScans_25AUG26_Report_6_8_2026.xlsx,0,SELL,,Short Buildup,PAT:Short Buildup|SCR:|P:-0.06|OI:0.18|VOL:-93.73|FUT:nan,PDNA_8311663D,20,LOW,SELL
SRF,2648.5,-0.08,4583200.0,0.07,,,,,,,,,19200.0,-92.91,VOLUME_OI,VolumeAndOISpikesScans_25AUG26_Report_6_8_2026.xlsx,0,SELL,,Short Buildup,PAT:Short Buildup|SCR:|P:-0.08|OI:0.07|VOL:-92.91|FUT:nan,PDNA_E5DA4DD5,20,LOW,SELL
VOLTAS,1302.5,-0.51,7180875.0,0.28,,,,,,,,,78375.0,-93.24,VOLUME_OI,VolumeAndOISpikesScans_25AUG26_Report_6_8_2026.xlsx,0,SELL,,Short Buildup,PAT:Short Buildup|SCR:|P:-0.51|OI:0.28|VOL:-93.24|FUT:nan,PDNA_C000AC71,20,LOW,SELL
KAYNES,3913.4,-0.02,4135650.0,0.27,,,,,,,,,85350.0,-93.15,VOLUME_OI,VolumeAndOISpikesScans_25AUG26_Report_6_8_2026.xlsx,0,SELL,,Short Buildup,PAT:Short Buildup|SCR:|P:-0.02|OI:0.27|VOL:-93.15|FUT:nan,PDNA_E4045B58,20,LOW,SELL
SBILIFE,1880.8,-0.48,5657625.0,0.16,,,,,,,,,42750.0,-93.09,VOLUME_OI,VolumeAndOISpikesScans_25AUG26_Report_6_8_2026.xlsx,0,SELL,,Short Buildup,PAT:Short Buildup|SCR:|P:-0.48|OI:0.16|VOL:-93.09|FUT:nan,PDNA_2A01F00A,20,LOW,SELL
BRITANNIA,5431.5,-0.13,1864375.0,0.31,,,,,,,,,14750.0,-94.21,VOLUME_OI,VolumeAndOISpikesScans_25AUG26_Report_6_8_2026.xlsx,0,SELL,,Short Buildup,PAT:Short Buildup|SCR:|P:-0.13|OI:0.31|VOL:-94.21|FUT:nan,PDNA_5A6196E2,20,LOW,SELL
AMBUJACEM,442.4,-0.67,81428400.0,0.16,,,,,,,,,434400.0,-94.15,VOLUME_OI,VolumeAndOISpikesScans_25AUG26_Report_6_8_2026.xlsx,0,SELL,,Short Buildup,PAT:Short Buildup|SCR:|P:-0.67|OI:0.16|VOL:-94.15|FUT:nan,PDNA_D305E120,20,LOW,SELL
LODHA,1223.4,-1.2,11421250.0,0.18,,,,,,,,,98750.0,-94.13,VOLUME_OI,VolumeAndOISpikesScans_25AUG26_Report_6_8_2026.xlsx,0,SELL,Negative Price Momentum,Short Buildup,PAT:Short Buildup|SCR:|P:-1.2|OI:0.18|VOL:-94.13|FUT:nan,PDNA_8A949405,20,LOW,SELL
BSE,3493.7,-0.64,9845800.0,0.81,,,,,,,,,339600.0,-94.06,VOLUME_OI,VolumeAndOISpikesScans_25AUG26_Report_6_8_2026.xlsx,0,SELL,,Short Buildup,PAT:Short Buildup|SCR:|P:-0.64|OI:0.81|VOL:-94.06|FUT:nan,PDNA_ECF8ECB6,20,LOW,SELL
360ONE,1187.2,-0.27,4185500.0,0.34,,,,,,,,,37000.0,-97.11,VOLUME_OI,VolumeAndOISpikesScans_25AUG26_Report_6_8_2026.xlsx,0,SELL,,Short Buildup,PAT:Short Buildup|SCR:|P:-0.27|OI:0.34|VOL:-97.11|FUT:nan,PDNA_8DA12422,20,LOW,SELL
WAAREEENER,2684.4,-0.15,7413350.0,0.04,,,,,,,,,13300.0,-96.15,VOLUME_OI,VolumeAndOISpikesScans_25AUG26_Report_6_8_2026.xlsx,0,SELL,,Short Buildup,PAT:Short Buildup|SCR:|P:-0.15|OI:0.04|VOL:-96.15|FUT:nan,PDNA_B11DE06B,20,LOW,SELL
SIEMENS,3985.0,-0.14,3396750.0,0.14,,,,,,,,,20125.0,-95.93,VOLUME_OI,VolumeAndOISpikesScans_25AUG26_Report_6_8_2026.xlsx,0,SELL,,Short Buildup,PAT:Short Buildup|SCR:|P:-0.14|OI:0.14|VOL:-95.93|FUT:nan,PDNA_64A947D7,20,LOW,SELL
DMART,3940.9,-0.1,5284050.0,0.08,,,,,,,,,16800.0,-95.92,VOLUME_OI,VolumeAndOISpikesScans_25AUG26_Report_6_8_2026.xlsx,0,SELL,,Short Buildup,PAT:Short Buildup|SCR:|P:-0.1|OI:0.08|VOL:-95.92|FUT:nan,PDNA_6174BF90,20,LOW,SELL
ICICIGI,1676.6,-0.52,5104775.0,0.05,,,,,,,,,20800.0,-98.81,VOLUME_OI,VolumeAndOISpikesScans_25AUG26_Report_6_8_2026.xlsx,0,SELL,,Short Buildup,PAT:Short Buildup|SCR:|P:-0.52|OI:0.05|VOL:-98.81|FUT:nan,PDNA_B1485B2D,20,LOW,SELL
UNOMINDA,1253.3,-0.37,4875750.0,0.08,,,,,,,,,28050.0,-98.61,VOLUME_OI,VolumeAndOISpikesScans_25AUG26_Report_6_8_2026.xlsx,0,SELL,,Short Buildup,PAT:Short Buildup|SCR:|P:-0.37|OI:0.08|VOL:-98.61|FUT:nan,PDNA_DF500E4B,20,LOW,SELL
NYKAA,332.45,-1.03,47971875.0,0.49,,,,,,,,,534375.0,-98.25,VOLUME_OI,VolumeAndOISpikesScans_25AUG26_Report_6_8_2026.xlsx,0,SELL,Negative Price Momentum,Short Buildup,PAT:Short Buildup|SCR:|P:-1.03|OI:0.49|VOL:-98.25|FUT:nan,PDNA_63CE08A2,20,LOW,SELL
BAJAJHLDNG,11492.0,-0.21,344175.0,0.09,,,,,,,,,900.0,-97.71,VOLUME_OI,VolumeAndOISpikesScans_25AUG26_Report_6_8_2026.xlsx,0,SELL,,Short Buildup,PAT:Short Buildup|SCR:|P:-0.21|OI:0.09|VOL:-97.71|FUT:nan,PDNA_21F31A04,20,LOW,SELL
INDHOTEL,739.0,-0.16,20616000.0,0.03,,,,,,,,,47000.0,-97.99,VOLUME_OI,VolumeAndOISpikesScans_25AUG26_Report_6_8_2026.xlsx,0,SELL,,Short Buildup,PAT:Short Buildup|SCR:|P:-0.16|OI:0.03|VOL:-97.99|FUT:nan,PDNA_E3EDD23F,20,LOW,SELL
NHPC,77.7,-0.7,120151600.0,0.62,,,,,,,,,1299650.0,-95.94,VOLUME_OI,VolumeAndOISpikesScans_25AUG26_Report_6_8_2026.xlsx,0,SELL,,Short Buildup,PAT:Short Buildup|SCR:|P:-0.7|OI:0.62|VOL:-95.94|FUT:nan,PDNA_A07F065E,20,LOW,SELL
ULTRACEMCO,12169.0,-0.41,1607900.0,0.06,,,,,,,,,6800.0,-96.74,VOLUME_OI,VolumeAndOISpikesScans_25AUG26_Report_6_8_2026.xlsx,0,SELL,,Short Buildup,PAT:Short Buildup|SCR:|P:-0.41|OI:0.06|VOL:-96.74|FUT:nan,PDNA_F21D2087,20,LOW,SELL
HDFCLIFE,543.85,-0.02,47977600.0,0.09,,,,,,,,,172700.0,-97.13,VOLUME_OI,VolumeAndOISpikesScans_25AUG26_Report_6_8_2026.xlsx,0,SELL,,Short Buildup,PAT:Short Buildup|SCR:|P:-0.02|OI:0.09|VOL:-97.13|FUT:nan,PDNA_C50D6821,20,LOW,SELL
ANGELONE,299.2,-0.37,28622500.0,0.34,,,,,,,,,182500.0,-96.51,VOLUME_OI,VolumeAndOISpikesScans_25AUG26_Report_6_8_2026.xlsx,0,SELL,,Short Buildup,PAT:Short Buildup|SCR:|P:-0.37|OI:0.34|VOL:-96.51|FUT:nan,PDNA_A260440C,20,LOW,SELL
NBCC,95.35,-0.69,100737000.0,0.11,,,,,,,,,390000.0,-96.39,VOLUME_OI,VolumeAndOISpikesScans_25AUG26_Report_6_8_2026.xlsx,0,SELL,,Short Buildup,PAT:Short Buildup|SCR:|P:-0.69|OI:0.11|VOL:-96.39|FUT:nan,PDNA_E5F5696D,20,LOW,SELL
HAVELLS,1285.9,-0.34,8631000.0,0.24,,,,,,,,,39000.0,-96.6,VOLUME_OI,VolumeAndOISpikesScans_25AUG26_Report_6_8_2026.xlsx,0,SELL,,Short Buildup,PAT:Short Buildup|SCR:|P:-0.34|OI:0.24|VOL:-96.6|FUT:nan,PDNA_F0541B30,20,LOW,SELL
CAMS,809.85,-0.15,7329300.0,0.37,,,,,,,,,77550.0,-95.94,VOLUME_OI,VolumeAndOISpikesScans_25AUG26_Report_6_8_2026.xlsx,0,SELL,,Short Buildup,PAT:Short Buildup|SCR:|P:-0.15|OI:0.37|VOL:-95.94|FUT:nan,PDNA_D1AA40CC,20,LOW,SELL
MARUTI,14010.0,-0.17,2063650.0,0.2,,,,,,,,,10050.0,-96.18,VOLUME_OI,VolumeAndOISpikesScans_25AUG26_Report_6_8_2026.xlsx,0,SELL,,Short Buildup,PAT:Short Buildup|SCR:|P:-0.17|OI:0.2|VOL:-96.18|FUT:nan,PDNA_F8F0A936,20,LOW,SELL
PAYTM,1433.0,-0.26,20475450.0,0.11,,,,,,,,,116000.0,-97.27,VOLUME_OI,VolumeAndOISpikesScans_25AUG26_Report_6_8_2026.xlsx,0,SELL,,Short Buildup,PAT:Short Buildup|SCR:|P:-0.26|OI:0.11|VOL:-97.27|FUT:nan,PDNA_597B1731,20,LOW,SELL
RECLTD,364.5,-0.1,44920575.0,0.02,,,,,,,,,88200.0,-97.23,VOLUME_OI,VolumeAndOISpikesScans_25AUG26_Report_6_8_2026.xlsx,0,SELL,,Short Buildup,PAT:Short Buildup|SCR:|P:-0.1|OI:0.02|VOL:-97.23|FUT:nan,PDNA_382DEFB9,20,LOW,SELL
UNITDSPR,1530.8,-0.34,7656000.0,-0.08,,,,,,,,,48400.0,-88.91,VOLUME_OI,VolumeAndOISpikesScans_25AUG26_Report_6_8_2026.xlsx,0,SELL,,Long Unwinding,PAT:Long Unwinding|SCR:|P:-0.34|OI:-0.08|VOL:-88.91|FUT:nan,PDNA_60F066B1,15,LOW,SELL
TVSMOTOR,4410.4,-0.77,8470525.0,-0.44,,,,,,,,,89600.0,-92.29,VOLUME_OI,VolumeAndOISpikesScans_25AUG26_Report_6_8_2026.xlsx,0,SELL,,Long Unwinding,PAT:Long Unwinding|SCR:|P:-0.77|OI:-0.44|VOL:-92.29|FUT:nan,PDNA_3BF8A4FB,15,LOW,SELL
ABCAPITAL,422.3,-0.31,36986100.0,-0.05,,,,,,,,,390600.0,-91.84,VOLUME_OI,VolumeAndOISpikesScans_25AUG26_Report_6_8_2026.xlsx,0,SELL,,Long Unwinding,PAT:Long Unwinding|SCR:|P:-0.31|OI:-0.05|VOL:-91.84|FUT:nan,PDNA_6D95E3B5,15,LOW,SELL
HEROMOTOCO,5663.0,-0.4,4644450.0,-0.22,,,,,,,,,67500.0,-91.58,VOLUME_OI,VolumeAndOISpikesScans_25AUG26_Report_6_8_2026.xlsx,0,SELL,,Long Unwinding,PAT:Long Unwinding|SCR:|P:-0.4|OI:-0.22|VOL:-91.58|FUT:nan,PDNA_A89CE193,15,LOW,SELL
VBL,439.95,-0.19,53705550.0,-0.17,,,,,,,,,244800.0,-91.68,VOLUME_OI,VolumeAndOISpikesScans_25AUG26_Report_6_8_2026.xlsx,0,SELL,,Long Unwinding,PAT:Long Unwinding|SCR:|P:-0.19|OI:-0.17|VOL:-91.68|FUT:nan,PDNA_92BAE465,15,LOW,SELL
LICI,393.2,-0.83,54798800.0,-1.23,,,,,,,,,1971200.0,-86.07,VOLUME_OI,VolumeAndOISpikesScans_25AUG26_Report_6_8_2026.xlsx,0,SELL,,Long Unwinding,PAT:Long Unwinding|SCR:|P:-0.83|OI:-1.23|VOL:-86.07|FUT:nan,PDNA_3C6D72A1,15,LOW,SELL
PHOENIXLTD,1924.4,-0.84,3648050.0,-0.05,,,,,,,,,16450.0,-94.08,VOLUME_OI,VolumeAndOISpikesScans_25AUG26_Report_6_8_2026.xlsx,0,SELL,,Long Unwinding,PAT:Long Unwinding|SCR:|P:-0.84|OI:-0.05|VOL:-94.08|FUT:nan,PDNA_DA3C23DA,15,LOW,SELL
SHREECEM,26640.0,-0.76,375175.0,-0.19,,,,,,,,,2175.0,-95.17,VOLUME_OI,VolumeAndOISpikesScans_25AUG26_Report_6_8_2026.xlsx,0,SELL,,Long Unwinding,PAT:Long Unwinding|SCR:|P:-0.76|OI:-0.19|VOL:-95.17|FUT:nan,PDNA_69D126C3,15,LOW,SELL
MPHASIS,2440.0,-0.47,3929475.0,-0.01,,,,,,,,,45375.0,-95.51,VOLUME_OI,VolumeAndOISpikesScans_25AUG26_Report_6_8_2026.xlsx,0,SELL,,Long Unwinding,PAT:Long Unwinding|SCR:|P:-0.47|OI:-0.01|VOL:-95.51|FUT:nan,PDNA_0B578337,15,LOW,SELL
MIDCPNIFTY,14917.9,-0.13,1915440.0,-0.09,,,,,,,,,9360.0,-95.35,VOLUME_OI,VolumeAndOISpikesScans_25AUG26_Report_6_8_2026.xlsx,0,SELL,,Long Unwinding,PAT:Long Unwinding|SCR:|P:-0.13|OI:-0.09|VOL:-95.35|FUT:nan,PDNA_F57A3CA1,15,LOW,SELL
FEDERALBNK,355.75,-0.08,85182500.0,-0.01,,,,,,,,,300000.0,-95.34,VOLUME_OI,VolumeAndOISpikesScans_25AUG26_Report_6_8_2026.xlsx,0,SELL,,Long Unwinding,PAT:Long Unwinding|SCR:|P:-0.08|OI:-0.01|VOL:-95.34|FUT:nan,PDNA_4C3ADA02,15,LOW,SELL
BOSCHLTD,42395.0,-1.45,207050.0,-0.19,,,,,,,,,4500.0,-95.34,VOLUME_OI,VolumeAndOISpikesScans_25AUG26_Report_6_8_2026.xlsx,0,SELL,Negative Price Momentum,Long Unwinding,PAT:Long Unwinding|SCR:|P:-1.45|OI:-0.19|VOL:-95.34|FUT:nan,PDNA_FE01AAB2,15,LOW,SELL
GODFRYPHLP,2294.0,-0.1,1803450.0,-0.23,,,,,,,,,12375.0,-95.84,VOLUME_OI,VolumeAndOISpikesScans_25AUG26_Report_6_8_2026.xlsx,0,SELL,,Long Unwinding,PAT:Long Unwinding|SCR:|P:-0.1|OI:-0.23|VOL:-95.84|FUT:nan,PDNA_6B8322CF,15,LOW,SELL
MOTILALOFS,878.05,-0.46,6708400.0,-0.02,,,,,,,,,25575.0,-96.76,VOLUME_OI,VolumeAndOISpikesScans_25AUG26_Report_6_8_2026.xlsx,0,SELL,,Long Unwinding,PAT:Long Unwinding|SCR:|P:-0.46|OI:-0.02|VOL:-96.76|FUT:nan,PDNA_80D76ABC,15,LOW,SELL
PAGEIND,39895.0,-0.11,229160.0,-0.01,,,,,,,,,960.0,-96.44,VOLUME_OI,VolumeAndOISpikesScans_25AUG26_Report_6_8_2026.xlsx,0,SELL,,Long Unwinding,PAT:Long Unwinding|SCR:|P:-0.11|OI:-0.01|VOL:-96.44|FUT:nan,PDNA_5DE0BF72,15,LOW,SELL
KOTAKBANK,398.4,-0.06,172178000.0,-0.01,,,,,,,,,248000.0,-97.57,VOLUME_OI,VolumeAndOISpikesScans_25AUG26_Report_6_8_2026.xlsx,0,SELL,,Long Unwinding,PAT:Long Unwinding|SCR:|P:-0.06|OI:-0.01|VOL:-97.57|FUT:nan,PDNA_229E826A,15,LOW,SELL
NTPC,348.05,-0.59,100336500.0,-0.04,,,,,,,,,276000.0,-97.59,VOLUME_OI,VolumeAndOISpikesScans_25AUG26_Report_6_8_2026.xlsx,0,SELL,,Long Unwinding,PAT:Long Unwinding|SCR:|P:-0.59|OI:-0.04|VOL:-97.59|FUT:nan,PDNA_32CE89B1,15,LOW,SELL
