Symbol,Price,Price Chg %,Price Chg %,Price Chg %,Price Chg %,Price Chg %,Price Chg %,Price Chg %,Price Chg %,Price Chg %,Price Chg %,Price Chg %,OI,OI Chg %,OI Chg %,OI Chg %,OI Chg %,OI Chg %,PCR,ATM Straddle %,IV Chg,IV Chg %,Fut OI,Fut OI Chg,Fut OI Chg %,Fut Buildup,Volume,Volume Chg %,Volume Chg %,Report_Type,Source_File
,,-1.68,-1.68,-1.68,-1.68,-1.68,-1.68,-1.68,-1.68,-1.68,-1.68,-1.68,,1.42,1.42,1.42,1.42,1.42,,,,,,,,,,-92.57,-92.57,UNKNOWN,Sector_Summary_25AUG26_Report_6_8_2026.xlsx
HAL,"4,838.5",3.69,3.69,3.69,3.69,3.69,3.69,3.69,3.69,3.69,3.69,3.69,5203350,0.78,0.78,0.78,0.78,0.78,,,,,,,,,538050,33.49,33.49,VOLUME_OI,VolumeAndOISpikesScans_25AUG26_Report_6_8_2026.xlsx
GVT&D,"4,286.3",-1.6,-1.6,-1.6,-1.6,-1.6,-1.6,-1.6,-1.6,-1.6,-1.6,-1.6,2799375,3.94,3.94,3.94,3.94,3.94,,,,,,,,,546500,20.57,20.57,VOLUME_OI,VolumeAndOISpikesScans_25AUG26_Report_6_8_2026.xlsx
POLICYBZR,1640,0.28,0.28,0.28,0.28,0.28,0.28,0.28,0.28,0.28,0.28,0.28,9638650,2.57,2.57,2.57,2.57,2.57,,,,,,,,,868350,-21.46,-21.46,VOLUME_OI,VolumeAndOISpikesScans_25AUG26_Report_6_8_2026.xlsx
POWERINDIA,31935,-1.68,-1.68,-1.68,-1.68,-1.68,-1.68,-1.68,-1.68,-1.68,-1.68,-1.68,599925,1.59,1.59,1.59,1.59,1.59,,,,,,,,,38375,-30.67,-30.67,VOLUME_OI,VolumeAndOISpikesScans_25AUG26_Report_6_8_2026.xlsx
POWERGRID,273.35,-3.26,-3.26,-3.26,-3.26,-3.26,-3.26,-3.26,-3.26,-3.26,-3.26,-3.26,48491800,2.79,2.79,2.79,2.79,2.79,,,,,,,,,3505500,-33.82,-33.82,VOLUME_OI,VolumeAndOISpikesScans_25AUG26_Report_6_8_2026.xlsx
CUMMINSIND,"5,410.5",0.49,0.49,0.49,0.49,0.49,0.49,0.49,0.49,0.49,0.49,0.49,4546000,2.58,2.58,2.58,2.58,2.58,,,,,,,,,928600,-52.8,-52.8,VOLUME_OI,VolumeAndOISpikesScans_25AUG26_Report_6_8_2026.xlsx
KPITTECH,625.5,0.53,0.53,0.53,0.53,0.53,0.53,0.53,0.53,0.53,0.53,0.53,12562750,0.86,0.86,0.86,0.86,0.86,,,,,,,,,518475,-52.82,-52.82,VOLUME_OI,VolumeAndOISpikesScans_25AUG26_Report_6_8_2026.xlsx
BIOCON,427,0.16,0.16,0.16,0.16,0.16,0.16,0.16,0.16,0.16,0.16,0.16,48440000,0.64,0.64,0.64,0.64,0.64,,,,,,,,,3315000,-53.7,-53.7,VOLUME_OI,VolumeAndOISpikesScans_25AUG26_Report_6_8_2026.xlsx
TITAN,"4,987.7",1.38,1.38,1.38,1.38,1.38,1.38,1.38,1.38,1.38,1.38,1.38,5311425,0.64,0.64,0.64,0.64,0.64,,,,,,,,,236425,-60.93,-60.93,VOLUME_OI,VolumeAndOISpikesScans_25AUG26_Report_6_8_2026.xlsx
SAIL,179.44,1.83,1.83,1.83,1.83,1.83,1.83,1.83,1.83,1.83,1.83,1.83,181025200,1.1,1.1,1.1,1.1,1.1,,,,,,,,,8765500,-65.79,-65.79,VOLUME_OI,VolumeAndOISpikesScans_25AUG26_Report_6_8_2026.xlsx
RELIANCE,"1,301.4",1.51,1.51,1.51,1.51,1.51,1.51,1.51,1.51,1.51,1.51,1.51,107833500,-0.18,-0.18,-0.18,-0.18,-0.18,,,,,,,,,3740500,-72.1,-72.1,VOLUME_OI,VolumeAndOISpikesScans_25AUG26_Report_6_8_2026.xlsx
TECHM,1661,0.21,0.21,0.21,0.21,0.21,0.21,0.21,0.21,0.21,0.21,0.21,17206200,0.06,0.06,0.06,0.06,0.06,,,,,,,,,304200,-73.97,-73.97,VOLUME_OI,VolumeAndOISpikesScans_25AUG26_Report_6_8_2026.xlsx
BANDHANBNK,175.71,0.45,0.45,0.45,0.45,0.45,0.45,0.45,0.45,0.45,0.45,0.45,132879600,0.04,0.04,0.04,0.04,0.04,,,,,,,,,2005200,-75.24,-75.24,VOLUME_OI,VolumeAndOISpikesScans_25AUG26_Report_6_8_2026.xlsx
ICICIBANK,"1,455.9",0.76,0.76,0.76,0.76,0.76,0.76,0.76,0.76,0.76,0.76,0.76,103451600,0.34,0.34,0.34,0.34,0.34,,,,,,,,,1348200,-76.01,-76.01,VOLUME_OI,VolumeAndOISpikesScans_25AUG26_Report_6_8_2026.xlsx
NMDC,86.79,0.87,0.87,0.87,0.87,0.87,0.87,0.87,0.87,0.87,0.87,0.87,350662500,0.13,0.13,0.13,0.13,0.13,,,,,,,,,5109750,-76.96,-76.96,VOLUME_OI,VolumeAndOISpikesScans_25AUG26_Report_6_8_2026.xlsx
GAIL,177.56,1.16,1.16,1.16,1.16,1.16,1.16,1.16,1.16,1.16,1.16,1.16,91025550,-0.25,-0.25,-0.25,-0.25,-0.25,,,,,,,,,2059000,-77.64,-77.64,VOLUME_OI,VolumeAndOISpikesScans_25AUG26_Report_6_8_2026.xlsx
HINDALCO,1031.95,-0.8,-0.8,-0.8,-0.8,-0.8,-0.8,-0.8,-0.8,-0.8,-0.8,-0.8,52794000,1.04,1.04,1.04,1.04,1.04,,,,,,,,,2128000,-77.71,-77.71,VOLUME_OI,VolumeAndOISpikesScans_25AUG26_Report_6_8_2026.xlsx
MANAPPURAM,372.65,1.86,1.86,1.86,1.86,1.86,1.86,1.86,1.86,1.86,1.86,1.86,65976000,0.21,0.21,0.21,0.21,0.21,,,,,,,,,3093000,-78.97,-78.97,VOLUME_OI,VolumeAndOISpikesScans_25AUG26_Report_6_8_2026.xlsx
COFORGE,"1,767.4",-0.66,-0.66,-0.66,-0.66,-0.66,-0.66,-0.66,-0.66,-0.66,-0.66,-0.66,13349400,0.39,0.39,0.39,0.39,0.39,,,,,,,,,371925,-79.33,-79.33,VOLUME_OI,VolumeAndOISpikesScans_25AUG26_Report_6_8_2026.xlsx
SHRIRAMFIN,1128,0.83,0.83,0.83,0.83,0.83,0.83,0.83,0.83,0.83,0.83,0.83,27106200,2.59,2.59,2.59,2.59,2.59,,,,,,,,,1260600,-79.57,-79.57,VOLUME_OI,VolumeAndOISpikesScans_25AUG26_Report_6_8_2026.xlsx
SWIGGY,293.1,1.88,1.88,1.88,1.88,1.88,1.88,1.88,1.88,1.88,1.88,1.88,68371800,1.04,1.04,1.04,1.04,1.04,,,,,,,,,2111525,-79.66,-79.66,VOLUME_OI,VolumeAndOISpikesScans_25AUG26_Report_6_8_2026.xlsx
PREMIERENE,"1,044.8",0.36,0.36,0.36,0.36,0.36,0.36,0.36,0.36,0.36,0.36,0.36,7278700,0.29,0.29,0.29,0.29,0.29,,,,,,,,,61750,-79.79,-79.79,VOLUME_OI,VolumeAndOISpikesScans_25AUG26_Report_6_8_2026.xlsx
MUTHOOTFIN,"2,959.5",1.27,1.27,1.27,1.27,1.27,1.27,1.27,1.27,1.27,1.27,1.27,6738600,1.11,1.11,1.11,1.11,1.11,,,,,,,,,355575,-79.91,-79.91,VOLUME_OI,VolumeAndOISpikesScans_25AUG26_Report_6_8_2026.xlsx
AUROPHARMA,"1,609.8",-0.89,-0.89,-0.89,-0.89,-0.89,-0.89,-0.89,-0.89,-0.89,-0.89,-0.89,11043450,0.8,0.8,0.8,0.8,0.8,,,,,,,,,466400,-80.48,-80.48,VOLUME_OI,VolumeAndOISpikesScans_25AUG26_Report_6_8_2026.xlsx
HINDZINC,597.1,0.06,0.06,0.06,0.06,0.06,0.06,0.06,0.06,0.06,0.06,0.06,29271375,4.45,4.45,4.45,4.45,4.45,,,,,,,,,2581075,-80.81,-80.81,VOLUME_OI,VolumeAndOISpikesScans_25AUG26_Report_6_8_2026.xlsx
JINDALSTEL,"1,127.1",0.25,0.25,0.25,0.25,0.25,0.25,0.25,0.25,0.25,0.25,0.25,14275000,0.7,0.7,0.7,0.7,0.7,,,,,,,,,245625,-82.01,-82.01,VOLUME_OI,VolumeAndOISpikesScans_25AUG26_Report_6_8_2026.xlsx
LTM,"4,513.4",-0.95,-0.95,-0.95,-0.95,-0.95,-0.95,-0.95,-0.95,-0.95,-0.95,-0.95,2366550,0.28,0.28,0.28,0.28,0.28,,,,,,,,,42000,-82.39,-82.39,VOLUME_OI,VolumeAndOISpikesScans_25AUG26_Report_6_8_2026.xlsx
CIPLA,"1,482.3",0.99,0.99,0.99,0.99,0.99,0.99,0.99,0.99,0.99,0.99,0.99,8991300,0.3,0.3,0.3,0.3,0.3,,,,,,,,,100725,-82.46,-82.46,VOLUME_OI,VolumeAndOISpikesScans_25AUG26_Report_6_8_2026.xlsx
VEDL,279.25,0.16,0.16,0.16,0.16,0.16,0.16,0.16,0.16,0.16,0.16,0.16,56116550,2.36,2.36,2.36,2.36,2.36,,,,,,,,,2801400,-83.52,-83.52,VOLUME_OI,VolumeAndOISpikesScans_25AUG26_Report_6_8_2026.xlsx
ETERNAL,315.7,1.2,1.2,1.2,1.2,1.2,1.2,1.2,1.2,1.2,1.2,1.2,153931725,0.3,0.3,0.3,0.3,0.3,,,,,,,,,1956975,-83.57,-83.57,VOLUME_OI,VolumeAndOISpikesScans_25AUG26_Report_6_8_2026.xlsx
AUBANK,"1,060.4",0.88,0.88,0.88,0.88,0.88,0.88,0.88,0.88,0.88,0.88,0.88,21803000,0.06,0.06,0.06,0.06,0.06,,,,,,,,,203000,-84.23,-84.23,VOLUME_OI,VolumeAndOISpikesScans_25AUG26_Report_6_8_2026.xlsx
TATAELXSI,3750,-0.4,-0.4,-0.4,-0.4,-0.4,-0.4,-0.4,-0.4,-0.4,-0.4,-0.4,2344250,0.03,0.03,0.03,0.03,0.03,,,,,,,,,29375,-84.31,-84.31,VOLUME_OI,VolumeAndOISpikesScans_25AUG26_Report_6_8_2026.xlsx
TATAPOWER,379.7,-0.5,-0.5,-0.5,-0.5,-0.5,-0.5,-0.5,-0.5,-0.5,-0.5,-0.5,62599400,0.21,0.21,0.21,0.21,0.21,,,,,,,,,272600,-84.76,-84.76,VOLUME_OI,VolumeAndOISpikesScans_25AUG26_Report_6_8_2026.xlsx
DLF,641.5,-2.18,-2.18,-2.18,-2.18,-2.18,-2.18,-2.18,-2.18,-2.18,-2.18,-2.18,47682400,0.6,0.6,0.6,0.6,0.6,,,,,,,,,1002250,-84.82,-84.82,VOLUME_OI,VolumeAndOISpikesScans_25AUG26_Report_6_8_2026.xlsx
TCS,2419,-0.4,-0.4,-0.4,-0.4,-0.4,-0.4,-0.4,-0.4,-0.4,-0.4,-0.4,31214475,0.06,0.06,0.06,0.06,0.06,,,,,,,,,356400,-85.3,-85.3,VOLUME_OI,VolumeAndOISpikesScans_25AUG26_Report_6_8_2026.xlsx
BHEL,408.7,-0.95,-0.95,-0.95,-0.95,-0.95,-0.95,-0.95,-0.95,-0.95,-0.95,-0.95,80818500,0.16,0.16,0.16,0.16,0.16,,,,,,,,,850500,-85.52,-85.52,VOLUME_OI,VolumeAndOISpikesScans_25AUG26_Report_6_8_2026.xlsx
OFSS,11737,-0.44,-0.44,-0.44,-0.44,-0.44,-0.44,-0.44,-0.44,-0.44,-0.44,-0.44,1242900,0.3,0.3,0.3,0.3,0.3,,,,,,,,,27800,-85.86,-85.86,VOLUME_OI,VolumeAndOISpikesScans_25AUG26_Report_6_8_2026.xlsx
LICI,393.2,-0.83,-0.83,-0.83,-0.83,-0.83,-0.83,-0.83,-0.83,-0.83,-0.83,-0.83,54798800,-1.23,-1.23,-1.23,-1.23,-1.23,,,,,,,,,1971200,-86.07,-86.07,VOLUME_OI,VolumeAndOISpikesScans_25AUG26_Report_6_8_2026.xlsx
LUPIN,"2,418.7",0.53,0.53,0.53,0.53,0.53,0.53,0.53,0.53,0.53,0.53,0.53,6624900,0.24,0.24,0.24,0.24,0.24,,,,,,,,,108375,-86.85,-86.85,VOLUME_OI,VolumeAndOISpikesScans_25AUG26_Report_6_8_2026.xlsx
BAJFINANCE,"1,156.7",0.25,0.25,0.25,0.25,0.25,0.25,0.25,0.25,0.25,0.25,0.25,53350500,-0.15,-0.15,-0.15,-0.15,-0.15,,,,,,,,,741750,-87.0,-87.0,VOLUME_OI,VolumeAndOISpikesScans_25AUG26_Report_6_8_2026.xlsx
MFSL,"1,533.1",0.63,0.63,0.63,0.63,0.63,0.63,0.63,0.63,0.63,0.63,0.63,9300800,0.16,0.16,0.16,0.16,0.16,,,,,,,,,97200,-87.01,-87.01,VOLUME_OI,VolumeAndOISpikesScans_25AUG26_Report_6_8_2026.xlsx
BEL,394.35,0.88,0.88,0.88,0.88,0.88,0.88,0.88,0.88,0.88,0.88,0.88,104794500,-0.16,-0.16,-0.16,-0.16,-0.16,,,,,,,,,1221225,-87.14,-87.14,VOLUME_OI,VolumeAndOISpikesScans_25AUG26_Report_6_8_2026.xlsx
PGEL,612.05,0.57,0.57,0.57,0.57,0.57,0.57,0.57,0.57,0.57,0.57,0.57,11870250,2.28,2.28,2.28,2.28,2.28,,,,,,,,,597550,-87.45,-87.45,VOLUME_OI,VolumeAndOISpikesScans_25AUG26_Report_6_8_2026.xlsx
BDL,"1,256.8",1.12,1.12,1.12,1.12,1.12,1.12,1.12,1.12,1.12,1.12,1.12,7189725,0.14,0.14,0.14,0.14,0.14,,,,,,,,,140675,-87.57,-87.57,VOLUME_OI,VolumeAndOISpikesScans_25AUG26_Report_6_8_2026.xlsx
TATASTEEL,193.24,0,0,0,0,0,0,0,0,0,0,0,175282250,0.6,0.6,0.6,0.6,0.6,,,,,,,,,3124000,-87.57,-87.57,VOLUME_OI,VolumeAndOISpikesScans_25AUG26_Report_6_8_2026.xlsx
UPL,584,0.16,0.16,0.16,0.16,0.16,0.16,0.16,0.16,0.16,0.16,0.16,34079605,0.33,0.33,0.33,0.33,0.33,,,,,,,,,430890,-87.93,-87.93,VOLUME_OI,VolumeAndOISpikesScans_25AUG26_Report_6_8_2026.xlsx
TIINDIA,"2,762.4",-1.12,-1.12,-1.12,-1.12,-1.12,-1.12,-1.12,-1.12,-1.12,-1.12,-1.12,2267400,0.08,0.08,0.08,0.08,0.08,,,,,,,,,34000,-88.4,-88.4,VOLUME_OI,VolumeAndOISpikesScans_25AUG26_Report_6_8_2026.xlsx
UNITDSPR,"1,530.8",-0.34,-0.34,-0.34,-0.34,-0.34,-0.34,-0.34,-0.34,-0.34,-0.34,-0.34,7656000,-0.08,-0.08,-0.08,-0.08,-0.08,,,,,,,,,48400,-88.91,-88.91,VOLUME_OI,VolumeAndOISpikesScans_25AUG26_Report_6_8_2026.xlsx
TRENT,"3,076.5",-0.76,-0.76,-0.76,-0.76,-0.76,-0.76,-0.76,-0.76,-0.76,-0.76,-0.76,10415700,0.35,0.35,0.35,0.35,0.35,,,,,,,,,79200,-89.3,-89.3,VOLUME_OI,VolumeAndOISpikesScans_25AUG26_Report_6_8_2026.xlsx
JIOFIN,264.95,0.84,0.84,0.84,0.84,0.84,0.84,0.84,0.84,0.84,0.84,0.84,185351550,0.03,0.03,0.03,0.03,0.03,,,,,,,,,2650800,-89.37,-89.37,VOLUME_OI,VolumeAndOISpikesScans_25AUG26_Report_6_8_2026.xlsx
IEX,130.5,0.15,0.15,0.15,0.15,0.15,0.15,0.15,0.15,0.15,0.15,0.15,72932100,0.04,0.04,0.04,0.04,0.04,,,,,,,,,348000,-89.54,-89.54,VOLUME_OI,VolumeAndOISpikesScans_25AUG26_Report_6_8_2026.xlsx
MAZDOCK,"2,411.2",1.08,1.08,1.08,1.08,1.08,1.08,1.08,1.08,1.08,1.08,1.08,5015700,-0.1,-0.1,-0.1,-0.1,-0.1,,,,,,,,,58500,-89.67,-89.67,VOLUME_OI,VolumeAndOISpikesScans_25AUG26_Report_6_8_2026.xlsx
BHARATFORG,"2,197.9",-0.73,-0.73,-0.73,-0.73,-0.73,-0.73,-0.73,-0.73,-0.73,-0.73,-0.73,7771000,0.16,0.16,0.16,0.16,0.16,,,,,,,,,115500,-89.84,-89.84,VOLUME_OI,VolumeAndOISpikesScans_25AUG26_Report_6_8_2026.xlsx
SENSEX,"79,042.5",0.35,0.35,0.35,0.35,0.35,0.35,0.35,0.35,0.35,0.35,0.35,35740,-1.22,-1.22,-1.22,-1.22,-1.22,,,,,,,,,2420,-90.06,-90.06,VOLUME_OI,VolumeAndOISpikesScans_25AUG26_Report_6_8_2026.xlsx
PIDILITIND,1660,0.78,0.78,0.78,0.78,0.78,0.78,0.78,0.78,0.78,0.78,0.78,7267500,0.01,0.01,0.01,0.01,0.01,,,,,,,,,251000,-90.1,-90.1,VOLUME_OI,VolumeAndOISpikesScans_25AUG26_Report_6_8_2026.xlsx
SBIN,1064,0.66,0.66,0.66,0.66,0.66,0.66,0.66,0.66,0.66,0.66,0.66,80717250,-0.02,-0.02,-0.02,-0.02,-0.02,,,,,,,,,956250,-90.18,-90.18,VOLUME_OI,VolumeAndOISpikesScans_25AUG26_Report_6_8_2026.xlsx
CROMPTON,268.95,0.2,0.2,0.2,0.2,0.2,0.2,0.2,0.2,0.2,0.2,0.2,60159150,0.03,0.03,0.03,0.03,0.03,,,,,,,,,266600,-90.43,-90.43,VOLUME_OI,VolumeAndOISpikesScans_25AUG26_Report_6_8_2026.xlsx
INDIANB,858.45,0.68,0.68,0.68,0.68,0.68,0.68,0.68,0.68,0.68,0.68,0.68,12231000,0.14,0.14,0.14,0.14,0.14,,,,,,,,,223000,-90.5,-90.5,VOLUME_OI,VolumeAndOISpikesScans_25AUG26_Report_6_8_2026.xlsx
NATIONALUM,380.55,0.49,0.49,0.49,0.49,0.49,0.49,0.49,0.49,0.49,0.49,0.49,43897500,0.36,0.36,0.36,0.36,0.36,,,,,,,,,971250,-90.5,-90.5,VOLUME_OI,VolumeAndOISpikesScans_25AUG26_Report_6_8_2026.xlsx
DALBHARAT,"1,835.6",-0.28,-0.28,-0.28,-0.28,-0.28,-0.28,-0.28,-0.28,-0.28,-0.28,-0.28,3718975,0.03,0.03,0.03,0.03,0.03,,,,,,,,,29575,-90.67,-90.67,VOLUME_OI,VolumeAndOISpikesScans_25AUG26_Report_6_8_2026.xlsx
APOLLOHOSP,8979,0.51,0.51,0.51,0.51,0.51,0.51,0.51,0.51,0.51,0.51,0.51,1935250,0.35,0.35,0.35,0.35,0.35,,,,,,,,,19000,-90.85,-90.85,VOLUME_OI,VolumeAndOISpikesScans_25AUG26_Report_6_8_2026.xlsx
ADANIENSOL,1634,0.07,0.07,0.07,0.07,0.07,0.07,0.07,0.07,0.07,0.07,0.07,19273275,0.04,0.04,0.04,0.04,0.04,,,,,,,,,62100,-90.89,-90.89,VOLUME_OI,VolumeAndOISpikesScans_25AUG26_Report_6_8_2026.xlsx
GRASIM,"3,221.7",-0.15,-0.15,-0.15,-0.15,-0.15,-0.15,-0.15,-0.15,-0.15,-0.15,-0.15,12000250,0.24,0.24,0.24,0.24,0.24,,,,,,,,,95500,-90.93,-90.93,VOLUME_OI,VolumeAndOISpikesScans_25AUG26_Report_6_8_2026.xlsx
ONGC,238.24,-0.42,-0.42,-0.42,-0.42,-0.42,-0.42,-0.42,-0.42,-0.42,-0.42,-0.42,55514250,0.69,0.69,0.69,0.69,0.69,,,,,,,,,1253250,-91.07,-91.07,VOLUME_OI,VolumeAndOISpikesScans_25AUG26_Report_6_8_2026.xlsx
NIFTY,"24,717.1",0.28,0.28,0.28,0.28,0.28,0.28,0.28,0.28,0.28,0.28,0.28,12315550,0.15,0.15,0.15,0.15,0.15,,,,,,,,,261105,-91.15,-91.15,VOLUME_OI,VolumeAndOISpikesScans_25AUG26_Report_6_8_2026.xlsx
ICICIPRULI,512.05,-0.73,-0.73,-0.73,-0.73,-0.73,-0.73,-0.73,-0.73,-0.73,-0.73,-0.73,17976450,0.24,0.24,0.24,0.24,0.24,,,,,,,,,107300,-91.25,-91.25,VOLUME_OI,VolumeAndOISpikesScans_25AUG26_Report_6_8_2026.xlsx
BANKNIFTY,58025,0.33,0.33,0.33,0.33,0.33,0.33,0.33,0.33,0.33,0.33,0.33,2150430,-0.76,-0.76,-0.76,-0.76,-0.76,,,,,,,,,52530,-91.35,-91.35,VOLUME_OI,VolumeAndOISpikesScans_25AUG26_Report_6_8_2026.xlsx
BANKBARODA,248.11,0.23,0.23,0.23,0.23,0.23,0.23,0.23,0.23,0.23,0.23,0.23,130604175,0.13,0.13,0.13,0.13,0.13,,,,,,,,,1050075,-91.48,-91.48,VOLUME_OI,VolumeAndOISpikesScans_25AUG26_Report_6_8_2026.xlsx
OBEROIRLTY,"1,784.8",-1.94,-1.94,-1.94,-1.94,-1.94,-1.94,-1.94,-1.94,-1.94,-1.94,-1.94,5485550,0.28,0.28,0.28,0.28,0.28,,,,,,,,,56700,-91.56,-91.56,VOLUME_OI,VolumeAndOISpikesScans_25AUG26_Report_6_8_2026.xlsx
HEROMOTOCO,5663,-0.4,-0.4,-0.4,-0.4,-0.4,-0.4,-0.4,-0.4,-0.4,-0.4,-0.4,4644450,-0.22,-0.22,-0.22,-0.22,-0.22,,,,,,,,,67500,-91.58,-91.58,VOLUME_OI,VolumeAndOISpikesScans_25AUG26_Report_6_8_2026.xlsx
VBL,439.95,-0.19,-0.19,-0.19,-0.19,-0.19,-0.19,-0.19,-0.19,-0.19,-0.19,-0.19,53705550,-0.17,-0.17,-0.17,-0.17,-0.17,,,,,,,,,244800,-91.68,-91.68,VOLUME_OI,VolumeAndOISpikesScans_25AUG26_Report_6_8_2026.xlsx
HCLTECH,"1,345.1",-0.27,-0.27,-0.27,-0.27,-0.27,-0.27,-0.27,-0.27,-0.27,-0.27,-0.27,27209600,0.16,0.16,0.16,0.16,0.16,,,,,,,,,205200,-91.77,-91.77,VOLUME_OI,VolumeAndOISpikesScans_25AUG26_Report_6_8_2026.xlsx
NESTLEIND,"1,521.1",0.4,0.4,0.4,0.4,0.4,0.4,0.4,0.4,0.4,0.4,0.4,7612000,0.98,0.98,0.98,0.98,0.98,,,,,,,,,158500,-91.8,-91.8,VOLUME_OI,VolumeAndOISpikesScans_25AUG26_Report_6_8_2026.xlsx
SUPREMEIND,"3,501.6",0.51,0.51,0.51,0.51,0.51,0.51,0.51,0.51,0.51,0.51,0.51,2313150,0.03,0.03,0.03,0.03,0.03,,,,,,,,,14175,-91.82,-91.82,VOLUME_OI,VolumeAndOISpikesScans_25AUG26_Report_6_8_2026.xlsx
ABCAPITAL,422.3,-0.31,-0.31,-0.31,-0.31,-0.31,-0.31,-0.31,-0.31,-0.31,-0.31,-0.31,36986100,-0.05,-0.05,-0.05,-0.05,-0.05,,,,,,,,,390600,-91.84,-91.84,VOLUME_OI,VolumeAndOISpikesScans_25AUG26_Report_6_8_2026.xlsx
PERSISTENT,5540,-0.48,-0.48,-0.48,-0.48,-0.48,-0.48,-0.48,-0.48,-0.48,-0.48,-0.48,3475125,0.23,0.23,0.23,0.23,0.23,,,,,,,,,29875,-91.96,-91.96,VOLUME_OI,VolumeAndOISpikesScans_25AUG26_Report_6_8_2026.xlsx
JSWENERGY,569.7,0.29,0.29,0.29,0.29,0.29,0.29,0.29,0.29,0.29,0.29,0.29,24483125,-0.01,-0.01,-0.01,-0.01,-0.01,,,,,,,,,64500,-92.04,-92.04,VOLUME_OI,VolumeAndOISpikesScans_25AUG26_Report_6_8_2026.xlsx
KALYANKJIL,575,0.62,0.62,0.62,0.62,0.62,0.62,0.62,0.62,0.62,0.62,0.62,22540950,1.26,1.26,1.26,1.26,1.26,,,,,,,,,1291950,-92.1,-92.1,VOLUME_OI,VolumeAndOISpikesScans_25AUG26_Report_6_8_2026.xlsx
INFY,"1,173.9",-0.08,-0.08,-0.08,-0.08,-0.08,-0.08,-0.08,-0.08,-0.08,-0.08,-0.08,85797200,0.08,0.08,0.08,0.08,0.08,,,,,,,,,644800,-92.28,-92.28,VOLUME_OI,VolumeAndOISpikesScans_25AUG26_Report_6_8_2026.xlsx
TVSMOTOR,"4,410.4",-0.77,-0.77,-0.77,-0.77,-0.77,-0.77,-0.77,-0.77,-0.77,-0.77,-0.77,8470525,-0.44,-0.44,-0.44,-0.44,-0.44,,,,,,,,,89600,-92.29,-92.29,VOLUME_OI,VolumeAndOISpikesScans_25AUG26_Report_6_8_2026.xlsx
JUBLFOOD,468.45,-1.68,-1.68,-1.68,-1.68,-1.68,-1.68,-1.68,-1.68,-1.68,-1.68,-1.68,17035000,1.44,1.44,1.44,1.44,1.44,,,,,,,,,895000,-92.57,-92.57,VOLUME_OI,VolumeAndOISpikesScans_25AUG26_Report_6_8_2026.xlsx
LAURUSLABS,"1,846.6",0.45,0.45,0.45,0.45,0.45,0.45,0.45,0.45,0.45,0.45,0.45,16688050,0.28,0.28,0.28,0.28,0.28,,,,,,,,,152150,-92.57,-92.57,VOLUME_OI,VolumeAndOISpikesScans_25AUG26_Report_6_8_2026.xlsx
WIPRO,186.98,-0.39,-0.39,-0.39,-0.39,-0.39,-0.39,-0.39,-0.39,-0.39,-0.39,-0.39,214515000,0.02,0.02,0.02,0.02,0.02,,,,,,,,,876000,-92.63,-92.63,VOLUME_OI,VolumeAndOISpikesScans_25AUG26_Report_6_8_2026.xlsx
SOLARINDS,18712,1.04,1.04,1.04,1.04,1.04,1.04,1.04,1.04,1.04,1.04,1.04,782950,-0.06,-0.06,-0.06,-0.06,-0.06,,,,,,,,,5950,-92.66,-92.66,VOLUME_OI,VolumeAndOISpikesScans_25AUG26_Report_6_8_2026.xlsx
MANKIND,2468,0.47,0.47,0.47,0.47,0.47,0.47,0.47,0.47,0.47,0.47,0.47,3239500,-0.08,-0.08,-0.08,-0.08,-0.08,,,,,,,,,11500,-92.72,-92.72,VOLUME_OI,VolumeAndOISpikesScans_25AUG26_Report_6_8_2026.xlsx
UNIONBANK,177.13,0.85,0.85,0.85,0.85,0.85,0.85,0.85,0.85,0.85,0.85,0.85,117833325,-0.14,-0.14,-0.14,-0.14,-0.14,,,,,,,,,1163775,-92.82,-92.82,VOLUME_OI,VolumeAndOISpikesScans_25AUG26_Report_6_8_2026.xlsx
SUZLON,48.28,-0.19,-0.19,-0.19,-0.19,-0.19,-0.19,-0.19,-0.19,-0.19,-0.19,-0.19,460286100,0.05,0.05,0.05,0.05,0.05,,,,,,,,,1574800,-92.9,-92.9,VOLUME_OI,VolumeAndOISpikesScans_25AUG26_Report_6_8_2026.xlsx
SRF,"2,648.5",-0.08,-0.08,-0.08,-0.08,-0.08,-0.08,-0.08,-0.08,-0.08,-0.08,-0.08,4583200,0.07,0.07,0.07,0.07,0.07,,,,,,,,,19200,-92.91,-92.91,VOLUME_OI,VolumeAndOISpikesScans_25AUG26_Report_6_8_2026.xlsx
SBILIFE,"1,880.8",-0.48,-0.48,-0.48,-0.48,-0.48,-0.48,-0.48,-0.48,-0.48,-0.48,-0.48,5657625,0.16,0.16,0.16,0.16,0.16,,,,,,,,,42750,-93.09,-93.09,VOLUME_OI,VolumeAndOISpikesScans_25AUG26_Report_6_8_2026.xlsx
MCX,"2,636.5",0.84,0.84,0.84,0.84,0.84,0.84,0.84,0.84,0.84,0.84,0.84,8855550,-0.35,-0.35,-0.35,-0.35,-0.35,,,,,,,,,371925,-93.12,-93.12,VOLUME_OI,VolumeAndOISpikesScans_25AUG26_Report_6_8_2026.xlsx
NIFTYNXT50,74350,0.07,0.07,0.07,0.07,0.07,0.07,0.07,0.07,0.07,0.07,0.07,19200,0.13,0.13,0.13,0.13,0.13,,,,,,,,,175,-93.14,-93.14,VOLUME_OI,VolumeAndOISpikesScans_25AUG26_Report_6_8_2026.xlsx
KAYNES,"3,913.4",-0.02,-0.02,-0.02,-0.02,-0.02,-0.02,-0.02,-0.02,-0.02,-0.02,-0.02,4135650,0.27,0.27,0.27,0.27,0.27,,,,,,,,,85350,-93.15,-93.15,VOLUME_OI,VolumeAndOISpikesScans_25AUG26_Report_6_8_2026.xlsx
VOLTAS,"1,302.5",-0.51,-0.51,-0.51,-0.51,-0.51,-0.51,-0.51,-0.51,-0.51,-0.51,-0.51,7180875,0.28,0.28,0.28,0.28,0.28,,,,,,,,,78375,-93.24,-93.24,VOLUME_OI,VolumeAndOISpikesScans_25AUG26_Report_6_8_2026.xlsx
DIVISLAB,"8,444.5",0.15,0.15,0.15,0.15,0.15,0.15,0.15,0.15,0.15,0.15,0.15,3574000,0.08,0.08,0.08,0.08,0.08,,,,,,,,,16200,-93.28,-93.28,VOLUME_OI,VolumeAndOISpikesScans_25AUG26_Report_6_8_2026.xlsx
M&M,3438,-0.69,-0.69,-0.69,-0.69,-0.69,-0.69,-0.69,-0.69,-0.69,-0.69,-0.69,12006600,0.16,0.16,0.16,0.16,0.16,,,,,,,,,95800,-93.3,-93.3,VOLUME_OI,VolumeAndOISpikesScans_25AUG26_Report_6_8_2026.xlsx
FORCEMOT,18603,-0.12,-0.12,-0.12,-0.12,-0.12,-0.12,-0.12,-0.12,-0.12,-0.12,-0.12,246350,0.49,0.49,0.49,0.49,0.49,,,,,,,,,5075,-93.41,-93.41,VOLUME_OI,VolumeAndOISpikesScans_25AUG26_Report_6_8_2026.xlsx
GLENMARK,2275,0.57,0.57,0.57,0.57,0.57,0.57,0.57,0.57,0.57,0.57,0.57,11717250,0.17,0.17,0.17,0.17,0.17,,,,,,,,,99375,-93.54,-93.54,VOLUME_OI,VolumeAndOISpikesScans_25AUG26_Report_6_8_2026.xlsx
JSWSTEEL,"1,333.5",0.17,0.17,0.17,0.17,0.17,0.17,0.17,0.17,0.17,0.17,0.17,40355550,0.06,0.06,0.06,0.06,0.06,,,,,,,,,215325,-93.56,-93.56,VOLUME_OI,VolumeAndOISpikesScans_25AUG26_Report_6_8_2026.xlsx
CGPOWER,884.3,0.06,0.06,0.06,0.06,0.06,0.06,0.06,0.06,0.06,0.06,0.06,20071900,0.01,0.01,0.01,0.01,0.01,,,,,,,,,158100,-93.61,-93.61,VOLUME_OI,VolumeAndOISpikesScans_25AUG26_Report_6_8_2026.xlsx
PFC,416.6,0.06,0.06,0.06,0.06,0.06,0.06,0.06,0.06,0.06,0.06,0.06,55727100,0.31,0.31,0.31,0.31,0.31,,,,,,,,,378300,-93.63,-93.63,VOLUME_OI,VolumeAndOISpikesScans_25AUG26_Report_6_8_2026.xlsx
ADANIGREEN,"1,384.2",-0.06,-0.06,-0.06,-0.06,-0.06,-0.06,-0.06,-0.06,-0.06,-0.06,-0.06,26845800,0.18,0.18,0.18,0.18,0.18,,,,,,,,,93600,-93.73,-93.73,VOLUME_OI,VolumeAndOISpikesScans_25AUG26_Report_6_8_2026.xlsx
AXISBANK,"1,260.5",0.25,0.25,0.25,0.25,0.25,0.25,0.25,0.25,0.25,0.25,0.25,80740000,-0.06,-0.06,-0.06,-0.06,-0.06,,,,,,,,,237500,-93.76,-93.76,VOLUME_OI,VolumeAndOISpikesScans_25AUG26_Report_6_8_2026.xlsx
DIXON,14324,0.55,0.55,0.55,0.55,0.55,0.55,0.55,0.55,0.55,0.55,0.55,2540100,0.03,0.03,0.03,0.03,0.03,,,,,,,,,25900,-93.9,-93.9,VOLUME_OI,VolumeAndOISpikesScans_25AUG26_Report_6_8_2026.xlsx
IOC,142.44,-0.11,-0.11,-0.11,-0.11,-0.11,-0.11,-0.11,-0.11,-0.11,-0.11,-0.11,151198125,0.05,0.05,0.05,0.05,0.05,,,,,,,,,711750,-93.96,-93.96,VOLUME_OI,VolumeAndOISpikesScans_25AUG26_Report_6_8_2026.xlsx
BSE,"3,493.7",-0.64,-0.64,-0.64,-0.64,-0.64,-0.64,-0.64,-0.64,-0.64,-0.64,-0.64,9845800,0.81,0.81,0.81,0.81,0.81,,,,,,,,,339600,-94.06,-94.06,VOLUME_OI,VolumeAndOISpikesScans_25AUG26_Report_6_8_2026.xlsx
PHOENIXLTD,"1,924.4",-0.84,-0.84,-0.84,-0.84,-0.84,-0.84,-0.84,-0.84,-0.84,-0.84,-0.84,3648050,-0.05,-0.05,-0.05,-0.05,-0.05,,,,,,,,,16450,-94.08,-94.08,VOLUME_OI,VolumeAndOISpikesScans_25AUG26_Report_6_8_2026.xlsx
LODHA,"1,223.4",-1.2,-1.2,-1.2,-1.2,-1.2,-1.2,-1.2,-1.2,-1.2,-1.2,-1.2,11421250,0.18,0.18,0.18,0.18,0.18,,,,,,,,,98750,-94.13,-94.13,VOLUME_OI,VolumeAndOISpikesScans_25AUG26_Report_6_8_2026.xlsx
AMBUJACEM,442.4,-0.67,-0.67,-0.67,-0.67,-0.67,-0.67,-0.67,-0.67,-0.67,-0.67,-0.67,81428400,0.16,0.16,0.16,0.16,0.16,,,,,,,,,434400,-94.15,-94.15,VOLUME_OI,VolumeAndOISpikesScans_25AUG26_Report_6_8_2026.xlsx
FINNIFTY,"26,928.4",0.16,0.16,0.16,0.16,0.16,0.16,0.16,0.16,0.16,0.16,0.16,31800,0,0,0,0,0,,,,,,,,,540,-94.19,-94.19,VOLUME_OI,VolumeAndOISpikesScans_25AUG26_Report_6_8_2026.xlsx
TATACONSUM,"1,094.8",0.1,0.1,0.1,0.1,0.1,0.1,0.1,0.1,0.1,0.1,0.1,15809750,0,0,0,0,0,,,,,,,,,40700,-94.19,-94.19,VOLUME_OI,VolumeAndOISpikesScans_25AUG26_Report_6_8_2026.xlsx
IRFC,88.96,0.01,0.01,0.01,0.01,0.01,0.01,0.01,0.01,0.01,0.01,0.01,89317200,-0.05,-0.05,-0.05,-0.05,-0.05,,,,,,,,,298375,-94.2,-94.2,VOLUME_OI,VolumeAndOISpikesScans_25AUG26_Report_6_8_2026.xlsx
BRITANNIA,"5,431.5",-0.13,-0.13,-0.13,-0.13,-0.13,-0.13,-0.13,-0.13,-0.13,-0.13,-0.13,1864375,0.31,0.31,0.31,0.31,0.31,,,,,,,,,14750,-94.21,-94.21,VOLUME_OI,VolumeAndOISpikesScans_25AUG26_Report_6_8_2026.xlsx
ADANIPOWER,208.1,-0.23,-0.23,-0.23,-0.23,-0.23,-0.23,-0.23,-0.23,-0.23,-0.23,-0.23,158578500,0.19,0.19,0.19,0.19,0.19,,,,,,,,,589300,-94.24,-94.24,VOLUME_OI,VolumeAndOISpikesScans_25AUG26_Report_6_8_2026.xlsx
COLPAL,"2,040.4",0.34,0.34,0.34,0.34,0.34,0.34,0.34,0.34,0.34,0.34,0.34,5019850,0.05,0.05,0.05,0.05,0.05,,,,,,,,,17325,-94.25,-94.25,VOLUME_OI,VolumeAndOISpikesScans_25AUG26_Report_6_8_2026.xlsx
PATANJALI,357.65,0.15,0.15,0.15,0.15,0.15,0.15,0.15,0.15,0.15,0.15,0.15,34636500,0.03,0.03,0.03,0.03,0.03,,,,,,,,,198875,-94.25,-94.25,VOLUME_OI,VolumeAndOISpikesScans_25AUG26_Report_6_8_2026.xlsx
AMBER,7525,0.11,0.11,0.11,0.11,0.11,0.11,0.11,0.11,0.11,0.11,0.11,1168300,0.41,0.41,0.41,0.41,0.41,,,,,,,,,17700,-94.27,-94.27,VOLUME_OI,VolumeAndOISpikesScans_25AUG26_Report_6_8_2026.xlsx
PNBHOUSING,1152,1.74,1.74,1.74,1.74,1.74,1.74,1.74,1.74,1.74,1.74,1.74,7703150,0.85,0.85,0.85,0.85,0.85,,,,,,,,,421850,-94.27,-94.27,VOLUME_OI,VolumeAndOISpikesScans_25AUG26_Report_6_8_2026.xlsx
RADICO,4528,-0.78,-0.78,-0.78,-0.78,-0.78,-0.78,-0.78,-0.78,-0.78,-0.78,-0.78,787650,0.06,0.06,0.06,0.06,0.06,,,,,,,,,13050,-94.35,-94.35,VOLUME_OI,VolumeAndOISpikesScans_25AUG26_Report_6_8_2026.xlsx
PNB,114.65,0.51,0.51,0.51,0.51,0.51,0.51,0.51,0.51,0.51,0.51,0.51,287968000,0.14,0.14,0.14,0.14,0.14,,,,,,,,,1288000,-94.39,-94.39,VOLUME_OI,VolumeAndOISpikesScans_25AUG26_Report_6_8_2026.xlsx
ASTRAL,"1,436.5",0.31,0.31,0.31,0.31,0.31,0.31,0.31,0.31,0.31,0.31,0.31,7080500,0.02,0.02,0.02,0.02,0.02,,,,,,,,,33575,-94.41,-94.41,VOLUME_OI,VolumeAndOISpikesScans_25AUG26_Report_6_8_2026.xlsx
SUNPHARMA,1961,0.52,0.52,0.52,0.52,0.52,0.52,0.52,0.52,0.52,0.52,0.52,13917750,0.02,0.02,0.02,0.02,0.02,,,,,,,,,55300,-94.44,-94.44,VOLUME_OI,VolumeAndOISpikesScans_25AUG26_Report_6_8_2026.xlsx
IDFCFIRSTB,84.96,-0.01,-0.01,-0.01,-0.01,-0.01,-0.01,-0.01,-0.01,-0.01,-0.01,-0.01,356011600,0.04,0.04,0.04,0.04,0.04,,,,,,,,,1215025,-94.46,-94.46,VOLUME_OI,VolumeAndOISpikesScans_25AUG26_Report_6_8_2026.xlsx
HINDUNILVR,"2,084.8",-0.31,-0.31,-0.31,-0.31,-0.31,-0.31,-0.31,-0.31,-0.31,-0.31,-0.31,14770800,0.07,0.07,0.07,0.07,0.07,,,,,,,,,54600,-94.61,-94.61,VOLUME_OI,VolumeAndOISpikesScans_25AUG26_Report_6_8_2026.xlsx
ASIANPAINT,"2,783.6",0.4,0.4,0.4,0.4,0.4,0.4,0.4,0.4,0.4,0.4,0.4,7497750,0.1,0.1,0.1,0.1,0.1,,,,,,,,,37750,-94.63,-94.63,VOLUME_OI,VolumeAndOISpikesScans_25AUG26_Report_6_8_2026.xlsx
CANBK,129.37,0.22,0.22,0.22,0.22,0.22,0.22,0.22,0.22,0.22,0.22,0.22,383528250,0.04,0.04,0.04,0.04,0.04,,,,,,,,,1478250,-94.63,-94.63,VOLUME_OI,VolumeAndOISpikesScans_25AUG26_Report_6_8_2026.xlsx
HDFCBANK,741.8,0.36,0.36,0.36,0.36,0.36,0.36,0.36,0.36,0.36,0.36,0.36,309143250,0.01,0.01,0.01,0.01,0.01,,,,,,,,,1618500,-94.67,-94.67,VOLUME_OI,VolumeAndOISpikesScans_25AUG26_Report_6_8_2026.xlsx
YESBANK,23.07,0.52,0.52,0.52,0.52,0.52,0.52,0.52,0.52,0.52,0.52,0.52,1172159000,-0.03,-0.03,-0.03,-0.03,-0.03,,,,,,,,,4198500,-94.76,-94.76,VOLUME_OI,VolumeAndOISpikesScans_25AUG26_Report_6_8_2026.xlsx
BAJAJ-AUTO,11760,0.36,0.36,0.36,0.36,0.36,0.36,0.36,0.36,0.36,0.36,0.36,1859700,0.11,0.11,0.11,0.11,0.11,,,,,,,,,13575,-94.88,-94.88,VOLUME_OI,VolumeAndOISpikesScans_25AUG26_Report_6_8_2026.xlsx
BANKINDIA,141.9,0.59,0.59,0.59,0.59,0.59,0.59,0.59,0.59,0.59,0.59,0.59,94400800,-0.2,-0.2,-0.2,-0.2,-0.2,,,,,,,,,603200,-94.88,-94.88,VOLUME_OI,VolumeAndOISpikesScans_25AUG26_Report_6_8_2026.xlsx
BPCL,326.2,-0.14,-0.14,-0.14,-0.14,-0.14,-0.14,-0.14,-0.14,-0.14,-0.14,-0.14,39693550,0.17,0.17,0.17,0.17,0.17,,,,,,,,,187625,-94.91,-94.91,VOLUME_OI,VolumeAndOISpikesScans_25AUG26_Report_6_8_2026.xlsx
HYUNDAI,"2,192.3",-0.35,-0.35,-0.35,-0.35,-0.35,-0.35,-0.35,-0.35,-0.35,-0.35,-0.35,3791975,0.12,0.12,0.12,0.12,0.12,,,,,,,,,28600,-94.96,-94.96,VOLUME_OI,VolumeAndOISpikesScans_25AUG26_Report_6_8_2026.xlsx
BLUESTARCO,1645,0.52,0.52,0.52,0.52,0.52,0.52,0.52,0.52,0.52,0.52,0.52,3742700,-0.23,-0.23,-0.23,-0.23,-0.23,,,,,,,,,71175,-95.12,-95.12,VOLUME_OI,VolumeAndOISpikesScans_25AUG26_Report_6_8_2026.xlsx
CHOLAFIN,"1,883.7",-0.46,-0.46,-0.46,-0.46,-0.46,-0.46,-0.46,-0.46,-0.46,-0.46,-0.46,13362500,0.4,0.4,0.4,0.4,0.4,,,,,,,,,98750,-95.13,-95.13,VOLUME_OI,VolumeAndOISpikesScans_25AUG26_Report_6_8_2026.xlsx
SHREECEM,26640,-0.76,-0.76,-0.76,-0.76,-0.76,-0.76,-0.76,-0.76,-0.76,-0.76,-0.76,375175,-0.19,-0.19,-0.19,-0.19,-0.19,,,,,,,,,2175,-95.17,-95.17,VOLUME_OI,VolumeAndOISpikesScans_25AUG26_Report_6_8_2026.xlsx
ZYDUSLIFE,"1,120.7",0.22,0.22,0.22,0.22,0.22,0.22,0.22,0.22,0.22,0.22,0.22,10170000,0.06,0.06,0.06,0.06,0.06,,,,,,,,,36900,-95.24,-95.24,VOLUME_OI,VolumeAndOISpikesScans_25AUG26_Report_6_8_2026.xlsx
EICHERMOT,8030,0.26,0.26,0.26,0.26,0.26,0.26,0.26,0.26,0.26,0.26,0.26,3680500,0.05,0.05,0.05,0.05,0.05,,,,,,,,,15600,-95.25,-95.25,VOLUME_OI,VolumeAndOISpikesScans_25AUG26_Report_6_8_2026.xlsx
BOSCHLTD,42395,-1.45,-1.45,-1.45,-1.45,-1.45,-1.45,-1.45,-1.45,-1.45,-1.45,-1.45,207050,-0.19,-0.19,-0.19,-0.19,-0.19,,,,,,,,,4500,-95.34,-95.34,VOLUME_OI,VolumeAndOISpikesScans_25AUG26_Report_6_8_2026.xlsx
FEDERALBNK,355.75,-0.08,-0.08,-0.08,-0.08,-0.08,-0.08,-0.08,-0.08,-0.08,-0.08,-0.08,85182500,-0.01,-0.01,-0.01,-0.01,-0.01,,,,,,,,,300000,-95.34,-95.34,VOLUME_OI,VolumeAndOISpikesScans_25AUG26_Report_6_8_2026.xlsx
MIDCPNIFTY,"14,917.9",-0.13,-0.13,-0.13,-0.13,-0.13,-0.13,-0.13,-0.13,-0.13,-0.13,-0.13,1915440,-0.09,-0.09,-0.09,-0.09,-0.09,,,,,,,,,9360,-95.35,-95.35,VOLUME_OI,VolumeAndOISpikesScans_25AUG26_Report_6_8_2026.xlsx
ALKEM,5692,0,0,0,0,0,0,0,0,0,0,0,1399375,0.03,0.03,0.03,0.03,0.03,,,,,,,,,5125,-95.37,-95.37,VOLUME_OI,VolumeAndOISpikesScans_25AUG26_Report_6_8_2026.xlsx
ABB,7690,0.57,0.57,0.57,0.57,0.57,0.57,0.57,0.57,0.57,0.57,0.57,2160250,-0.14,-0.14,-0.14,-0.14,-0.14,,,,,,,,,15750,-95.44,-95.44,VOLUME_OI,VolumeAndOISpikesScans_25AUG26_Report_6_8_2026.xlsx
MAXHEALTH,"1,080.2",0.07,0.07,0.07,0.07,0.07,0.07,0.07,0.07,0.07,0.07,0.07,9867900,0.12,0.12,0.12,0.12,0.12,,,,,,,,,32025,-95.47,-95.47,VOLUME_OI,VolumeAndOISpikesScans_25AUG26_Report_6_8_2026.xlsx
MPHASIS,2440,-0.47,-0.47,-0.47,-0.47,-0.47,-0.47,-0.47,-0.47,-0.47,-0.47,-0.47,3929475,-0.01,-0.01,-0.01,-0.01,-0.01,,,,,,,,,45375,-95.51,-95.51,VOLUME_OI,VolumeAndOISpikesScans_25AUG26_Report_6_8_2026.xlsx
ASHOKLEY,177.28,0.57,0.57,0.57,0.57,0.57,0.57,0.57,0.57,0.57,0.57,0.57,140310000,0.01,0.01,0.01,0.01,0.01,,,,,,,,,1060000,-95.57,-95.57,VOLUME_OI,VolumeAndOISpikesScans_25AUG26_Report_6_8_2026.xlsx
MOTHERSON,155.14,-0.44,-0.44,-0.44,-0.44,-0.44,-0.44,-0.44,-0.44,-0.44,-0.44,-0.44,126683850,0.14,0.14,0.14,0.14,0.14,,,,,,,,,1291500,-95.59,-95.59,VOLUME_OI,VolumeAndOISpikesScans_25AUG26_Report_6_8_2026.xlsx
RBLBANK,389.5,-0.12,-0.12,-0.12,-0.12,-0.12,-0.12,-0.12,-0.12,-0.12,-0.12,-0.12,43449875,0.25,0.25,0.25,0.25,0.25,,,,,,,,,530225,-95.59,-95.59,VOLUME_OI,VolumeAndOISpikesScans_25AUG26_Report_6_8_2026.xlsx
GODREJPROP,"2,090.3",-1.51,-1.51,-1.51,-1.51,-1.51,-1.51,-1.51,-1.51,-1.51,-1.51,-1.51,8018400,0.33,0.33,0.33,0.33,0.33,,,,,,,,,96200,-95.62,-95.62,VOLUME_OI,VolumeAndOISpikesScans_25AUG26_Report_6_8_2026.xlsx
APLAPOLLO,"1,959.8",0.02,0.02,0.02,0.02,0.02,0.02,0.02,0.02,0.02,0.02,0.02,5498850,-0.03,-0.03,-0.03,-0.03,-0.03,,,,,,,,,23100,-95.63,-95.63,VOLUME_OI,VolumeAndOISpikesScans_25AUG26_Report_6_8_2026.xlsx
RVNL,228.85,0.01,0.01,0.01,0.01,0.01,0.01,0.01,0.01,0.01,0.01,0.01,35104300,0.16,0.16,0.16,0.16,0.16,,,,,,,,,119350,-95.63,-95.63,VOLUME_OI,VolumeAndOISpikesScans_25AUG26_Report_6_8_2026.xlsx
PETRONET,283.1,0.27,0.27,0.27,0.27,0.27,0.27,0.27,0.27,0.27,0.27,0.27,32034000,0.05,0.05,0.05,0.05,0.05,,,,,,,,,81700,-95.75,-95.75,VOLUME_OI,VolumeAndOISpikesScans_25AUG26_Report_6_8_2026.xlsx
PIIND,2782,-0.08,-0.08,-0.08,-0.08,-0.08,-0.08,-0.08,-0.08,-0.08,-0.08,-0.08,2767100,0.08,0.08,0.08,0.08,0.08,,,,,,,,,8400,-95.82,-95.82,VOLUME_OI,VolumeAndOISpikesScans_25AUG26_Report_6_8_2026.xlsx
TMPV,347.55,-0.24,-0.24,-0.24,-0.24,-0.24,-0.24,-0.24,-0.24,-0.24,-0.24,-0.24,73440000,0.27,0.27,0.27,0.27,0.27,,,,,,,,,393600,-95.83,-95.83,VOLUME_OI,VolumeAndOISpikesScans_25AUG26_Report_6_8_2026.xlsx
GODFRYPHLP,2294,-0.1,-0.1,-0.1,-0.1,-0.1,-0.1,-0.1,-0.1,-0.1,-0.1,-0.1,1803450,-0.23,-0.23,-0.23,-0.23,-0.23,,,,,,,,,12375,-95.84,-95.84,VOLUME_OI,VolumeAndOISpikesScans_25AUG26_Report_6_8_2026.xlsx
KFINTECH,941,0.14,0.14,0.14,0.14,0.14,0.14,0.14,0.14,0.14,0.14,0.14,4342975,0.33,0.33,0.33,0.33,0.33,,,,,,,,,27025,-95.9,-95.9,VOLUME_OI,VolumeAndOISpikesScans_25AUG26_Report_6_8_2026.xlsx
INOXWIND,78.8,0.06,0.06,0.06,0.06,0.06,0.06,0.06,0.06,0.06,0.06,0.06,105862400,0.11,0.11,0.11,0.11,0.11,,,,,,,,,268800,-95.91,-95.91,VOLUME_OI,VolumeAndOISpikesScans_25AUG26_Report_6_8_2026.xlsx
SBICARD,666,0.23,0.23,0.23,0.23,0.23,0.23,0.23,0.23,0.23,0.23,0.23,22388800,0.1,0.1,0.1,0.1,0.1,,,,,,,,,92000,-95.91,-95.91,VOLUME_OI,VolumeAndOISpikesScans_25AUG26_Report_6_8_2026.xlsx
DMART,"3,940.9",-0.1,-0.1,-0.1,-0.1,-0.1,-0.1,-0.1,-0.1,-0.1,-0.1,-0.1,5284050,0.08,0.08,0.08,0.08,0.08,,,,,,,,,16800,-95.92,-95.92,VOLUME_OI,VolumeAndOISpikesScans_25AUG26_Report_6_8_2026.xlsx
SIEMENS,3985,-0.14,-0.14,-0.14,-0.14,-0.14,-0.14,-0.14,-0.14,-0.14,-0.14,-0.14,3396750,0.14,0.14,0.14,0.14,0.14,,,,,,,,,20125,-95.93,-95.93,VOLUME_OI,VolumeAndOISpikesScans_25AUG26_Report_6_8_2026.xlsx
CAMS,809.85,-0.15,-0.15,-0.15,-0.15,-0.15,-0.15,-0.15,-0.15,-0.15,-0.15,-0.15,7329300,0.37,0.37,0.37,0.37,0.37,,,,,,,,,77550,-95.94,-95.94,VOLUME_OI,VolumeAndOISpikesScans_25AUG26_Report_6_8_2026.xlsx
NHPC,77.7,-0.7,-0.7,-0.7,-0.7,-0.7,-0.7,-0.7,-0.7,-0.7,-0.7,-0.7,120151600,0.62,0.62,0.62,0.62,0.62,,,,,,,,,1299650,-95.94,-95.94,VOLUME_OI,VolumeAndOISpikesScans_25AUG26_Report_6_8_2026.xlsx
IDEA,12.87,0.08,0.08,0.08,0.08,0.08,0.08,0.08,0.08,0.08,0.08,0.08,5878604325,0.01,0.01,0.01,0.01,0.01,,,,,,,,,8719950,-96.03,-96.03,VOLUME_OI,VolumeAndOISpikesScans_25AUG26_Report_6_8_2026.xlsx
WAAREEENER,"2,684.4",-0.15,-0.15,-0.15,-0.15,-0.15,-0.15,-0.15,-0.15,-0.15,-0.15,-0.15,7413350,0.04,0.04,0.04,0.04,0.04,,,,,,,,,13300,-96.15,-96.15,VOLUME_OI,VolumeAndOISpikesScans_25AUG26_Report_6_8_2026.xlsx
MARUTI,14010,-0.17,-0.17,-0.17,-0.17,-0.17,-0.17,-0.17,-0.17,-0.17,-0.17,-0.17,2063650,0.2,0.2,0.2,0.2,0.2,,,,,,,,,10050,-96.18,-96.18,VOLUME_OI,VolumeAndOISpikesScans_25AUG26_Report_6_8_2026.xlsx
LT,"4,069.6",0.21,0.21,0.21,0.21,0.21,0.21,0.21,0.21,0.21,0.21,0.21,11255475,0.05,0.05,0.05,0.05,0.05,,,,,,,,,64400,-96.24,-96.24,VOLUME_OI,VolumeAndOISpikesScans_25AUG26_Report_6_8_2026.xlsx
POLYCAB,9286,0.15,0.15,0.15,0.15,0.15,0.15,0.15,0.15,0.15,0.15,0.15,2315250,0.02,0.02,0.02,0.02,0.02,,,,,,,,,16125,-96.28,-96.28,VOLUME_OI,VolumeAndOISpikesScans_25AUG26_Report_6_8_2026.xlsx
DELHIVERY,472.05,0.06,0.06,0.06,0.06,0.06,0.06,0.06,0.06,0.06,0.06,0.06,27192875,0.25,0.25,0.25,0.25,0.25,,,,,,,,,174300,-96.35,-96.35,VOLUME_OI,VolumeAndOISpikesScans_25AUG26_Report_6_8_2026.xlsx
IREDA,117.55,0.51,0.51,0.51,0.51,0.51,0.51,0.51,0.51,0.51,0.51,0.51,80232775,-0.05,-0.05,-0.05,-0.05,-0.05,,,,,,,,,343900,-96.35,-96.35,VOLUME_OI,VolumeAndOISpikesScans_25AUG26_Report_6_8_2026.xlsx
HINDPETRO,397.55,0.29,0.29,0.29,0.29,0.29,0.29,0.29,0.29,0.29,0.29,0.29,45025875,0.07,0.07,0.07,0.07,0.07,,,,,,,,,166050,-96.39,-96.39,VOLUME_OI,VolumeAndOISpikesScans_25AUG26_Report_6_8_2026.xlsx
NBCC,95.35,-0.69,-0.69,-0.69,-0.69,-0.69,-0.69,-0.69,-0.69,-0.69,-0.69,-0.69,100737000,0.11,0.11,0.11,0.11,0.11,,,,,,,,,390000,-96.39,-96.39,VOLUME_OI,VolumeAndOISpikesScans_25AUG26_Report_6_8_2026.xlsx
PAGEIND,39895,-0.11,-0.11,-0.11,-0.11,-0.11,-0.11,-0.11,-0.11,-0.11,-0.11,-0.11,229160,-0.01,-0.01,-0.01,-0.01,-0.01,,,,,,,,,960,-96.44,-96.44,VOLUME_OI,VolumeAndOISpikesScans_25AUG26_Report_6_8_2026.xlsx
ANGELONE,299.2,-0.37,-0.37,-0.37,-0.37,-0.37,-0.37,-0.37,-0.37,-0.37,-0.37,-0.37,28622500,0.34,0.34,0.34,0.34,0.34,,,,,,,,,182500,-96.51,-96.51,VOLUME_OI,VolumeAndOISpikesScans_25AUG26_Report_6_8_2026.xlsx
PRESTIGE,1585,-0.87,-0.87,-0.87,-0.87,-0.87,-0.87,-0.87,-0.87,-0.87,-0.87,-0.87,5178600,0.04,0.04,0.04,0.04,0.04,,,,,,,,,15750,-96.51,-96.51,VOLUME_OI,VolumeAndOISpikesScans_25AUG26_Report_6_8_2026.xlsx
VMM,110.99,0.29,0.29,0.29,0.29,0.29,0.29,0.29,0.29,0.29,0.29,0.29,47321450,-0.06,-0.06,-0.06,-0.06,-0.06,,,,,,,,,184300,-96.58,-96.58,VOLUME_OI,VolumeAndOISpikesScans_25AUG26_Report_6_8_2026.xlsx
HAVELLS,"1,285.9",-0.34,-0.34,-0.34,-0.34,-0.34,-0.34,-0.34,-0.34,-0.34,-0.34,-0.34,8631000,0.24,0.24,0.24,0.24,0.24,,,,,,,,,39000,-96.6,-96.6,VOLUME_OI,VolumeAndOISpikesScans_25AUG26_Report_6_8_2026.xlsx
BAJAJFINSV,"2,087.3",0.38,0.38,0.38,0.38,0.38,0.38,0.38,0.38,0.38,0.38,0.38,7860600,0.05,0.05,0.05,0.05,0.05,,,,,,,,,33900,-96.67,-96.67,VOLUME_OI,VolumeAndOISpikesScans_25AUG26_Report_6_8_2026.xlsx
ULTRACEMCO,12169,-0.41,-0.41,-0.41,-0.41,-0.41,-0.41,-0.41,-0.41,-0.41,-0.41,-0.41,1607900,0.06,0.06,0.06,0.06,0.06,,,,,,,,,6800,-96.74,-96.74,VOLUME_OI,VolumeAndOISpikesScans_25AUG26_Report_6_8_2026.xlsx
MOTILALOFS,878.05,-0.46,-0.46,-0.46,-0.46,-0.46,-0.46,-0.46,-0.46,-0.46,-0.46,-0.46,6708400,-0.02,-0.02,-0.02,-0.02,-0.02,,,,,,,,,25575,-96.76,-96.76,VOLUME_OI,VolumeAndOISpikesScans_25AUG26_Report_6_8_2026.xlsx
SONACOMS,818,-0.18,-0.18,-0.18,-0.18,-0.18,-0.18,-0.18,-0.18,-0.18,-0.18,-0.18,12232850,0.37,0.37,0.37,0.37,0.37,,,,,,,,,213150,-96.8,-96.8,VOLUME_OI,VolumeAndOISpikesScans_25AUG26_Report_6_8_2026.xlsx
FORTIS,926.8,-0.27,-0.27,-0.27,-0.27,-0.27,-0.27,-0.27,-0.27,-0.27,-0.27,-0.27,10360200,0.13,0.13,0.13,0.13,0.13,,,,,,,,,46500,-96.97,-96.97,VOLUME_OI,VolumeAndOISpikesScans_25AUG26_Report_6_8_2026.xlsx
DRREDDY,1170,0.09,0.09,0.09,0.09,0.09,0.09,0.09,0.09,0.09,0.09,0.09,13676875,0.11,0.11,0.11,0.11,0.11,,,,,,,,,51875,-97.01,-97.01,VOLUME_OI,VolumeAndOISpikesScans_25AUG26_Report_6_8_2026.xlsx
CDSL,"1,333.8",0.13,0.13,0.13,0.13,0.13,0.13,0.13,0.13,0.13,0.13,0.13,10543100,0.25,0.25,0.25,0.25,0.25,,,,,,,,,39900,-97.02,-97.02,VOLUME_OI,VolumeAndOISpikesScans_25AUG26_Report_6_8_2026.xlsx
ADANIPORTS,"1,708.8",0.33,0.33,0.33,0.33,0.33,0.33,0.33,0.33,0.33,0.33,0.33,20668675,0.03,0.03,0.03,0.03,0.03,,,,,,,,,54625,-97.03,-97.03,VOLUME_OI,VolumeAndOISpikesScans_25AUG26_Report_6_8_2026.xlsx
360ONE,"1,187.2",-0.27,-0.27,-0.27,-0.27,-0.27,-0.27,-0.27,-0.27,-0.27,-0.27,-0.27,4185500,0.34,0.34,0.34,0.34,0.34,,,,,,,,,37000,-97.11,-97.11,VOLUME_OI,VolumeAndOISpikesScans_25AUG26_Report_6_8_2026.xlsx
HDFCLIFE,543.85,-0.02,-0.02,-0.02,-0.02,-0.02,-0.02,-0.02,-0.02,-0.02,-0.02,-0.02,47977600,0.09,0.09,0.09,0.09,0.09,,,,,,,,,172700,-97.13,-97.13,VOLUME_OI,VolumeAndOISpikesScans_25AUG26_Report_6_8_2026.xlsx
LTF,321.6,0.06,0.06,0.06,0.06,0.06,0.06,0.06,0.06,0.06,0.06,0.06,44853750,0.07,0.07,0.07,0.07,0.07,,,,,,,,,198000,-97.14,-97.14,VOLUME_OI,VolumeAndOISpikesScans_25AUG26_Report_6_8_2026.xlsx
NAUKRI,"1,241.9",0.28,0.28,0.28,0.28,0.28,0.28,0.28,0.28,0.28,0.28,0.28,13794550,-0.01,-0.01,-0.01,-0.01,-0.01,,,,,,,,,46750,-97.17,-97.17,VOLUME_OI,VolumeAndOISpikesScans_25AUG26_Report_6_8_2026.xlsx
LICHSGFIN,505.3,0.07,0.07,0.07,0.07,0.07,0.07,0.07,0.07,0.07,0.07,0.07,30556000,0.13,0.13,0.13,0.13,0.13,,,,,,,,,75000,-97.22,-97.22,VOLUME_OI,VolumeAndOISpikesScans_25AUG26_Report_6_8_2026.xlsx
RECLTD,364.5,-0.1,-0.1,-0.1,-0.1,-0.1,-0.1,-0.1,-0.1,-0.1,-0.1,-0.1,44920575,0.02,0.02,0.02,0.02,0.02,,,,,,,,,88200,-97.23,-97.23,VOLUME_OI,VolumeAndOISpikesScans_25AUG26_Report_6_8_2026.xlsx
PAYTM,1433,-0.26,-0.26,-0.26,-0.26,-0.26,-0.26,-0.26,-0.26,-0.26,-0.26,-0.26,20475450,0.11,0.11,0.11,0.11,0.11,,,,,,,,,116000,-97.27,-97.27,VOLUME_OI,VolumeAndOISpikesScans_25AUG26_Report_6_8_2026.xlsx
HDFCAMC,2562,-0.14,-0.14,-0.14,-0.14,-0.14,-0.14,-0.14,-0.14,-0.14,-0.14,-0.14,6535500,0.14,0.14,0.14,0.14,0.14,,,,,,,,,16800,-97.33,-97.33,VOLUME_OI,VolumeAndOISpikesScans_25AUG26_Report_6_8_2026.xlsx
BHARTIARTL,"1,968.9",0.31,0.31,0.31,0.31,0.31,0.31,0.31,0.31,0.31,0.31,0.31,52821900,0.06,0.06,0.06,0.06,0.06,,,,,,,,,233225,-97.45,-97.45,VOLUME_OI,VolumeAndOISpikesScans_25AUG26_Report_6_8_2026.xlsx
GMRAIRPORT,106.81,0.27,0.27,0.27,0.27,0.27,0.27,0.27,0.27,0.27,0.27,0.27,128814300,0.05,0.05,0.05,0.05,0.05,,,,,,,,,299925,-97.48,-97.48,VOLUME_OI,VolumeAndOISpikesScans_25AUG26_Report_6_8_2026.xlsx
ADANIENT,"3,062.1",0.11,0.11,0.11,0.11,0.11,0.11,0.11,0.11,0.11,0.11,0.11,15624585,0.04,0.04,0.04,0.04,0.04,,,,,,,,,31518,-97.51,-97.51,VOLUME_OI,VolumeAndOISpikesScans_25AUG26_Report_6_8_2026.xlsx
DABUR,413.3,-0.06,-0.06,-0.06,-0.06,-0.06,-0.06,-0.06,-0.06,-0.06,-0.06,-0.06,28543750,0.14,0.14,0.14,0.14,0.14,,,,,,,,,123750,-97.51,-97.51,VOLUME_OI,VolumeAndOISpikesScans_25AUG26_Report_6_8_2026.xlsx
KEI,"5,547.8",-0.02,-0.02,-0.02,-0.02,-0.02,-0.02,-0.02,-0.02,-0.02,-0.02,-0.02,1691200,0.13,0.13,0.13,0.13,0.13,,,,,,,,,18200,-97.54,-97.54,VOLUME_OI,VolumeAndOISpikesScans_25AUG26_Report_6_8_2026.xlsx
INDUSINDBK,1023,0.16,0.16,0.16,0.16,0.16,0.16,0.16,0.16,0.16,0.16,0.16,33688900,0,0,0,0,0,,,,,,,,,72800,-97.55,-97.55,VOLUME_OI,VolumeAndOISpikesScans_25AUG26_Report_6_8_2026.xlsx
KOTAKBANK,398.4,-0.06,-0.06,-0.06,-0.06,-0.06,-0.06,-0.06,-0.06,-0.06,-0.06,-0.06,172178000,-0.01,-0.01,-0.01,-0.01,-0.01,,,,,,,,,248000,-97.57,-97.57,VOLUME_OI,VolumeAndOISpikesScans_25AUG26_Report_6_8_2026.xlsx
NTPC,348.05,-0.59,-0.59,-0.59,-0.59,-0.59,-0.59,-0.59,-0.59,-0.59,-0.59,-0.59,100336500,-0.04,-0.04,-0.04,-0.04,-0.04,,,,,,,,,276000,-97.59,-97.59,VOLUME_OI,VolumeAndOISpikesScans_25AUG26_Report_6_8_2026.xlsx
ITC,287.3,0.09,0.09,0.09,0.09,0.09,0.09,0.09,0.09,0.09,0.09,0.09,156274650,0,0,0,0,0,,,,,,,,,182850,-97.61,-97.61,VOLUME_OI,VolumeAndOISpikesScans_25AUG26_Report_6_8_2026.xlsx
GODREJCP,"1,079.6",0.49,0.49,0.49,0.49,0.49,0.49,0.49,0.49,0.49,0.49,0.49,11453500,0.01,0.01,0.01,0.01,0.01,,,,,,,,,26500,-97.62,-97.62,VOLUME_OI,VolumeAndOISpikesScans_25AUG26_Report_6_8_2026.xlsx
COCHINSHIP,1433,0.23,0.23,0.23,0.23,0.23,0.23,0.23,0.23,0.23,0.23,0.23,5322400,0.11,0.11,0.11,0.11,0.11,,,,,,,,,18800,-97.64,-97.64,VOLUME_OI,VolumeAndOISpikesScans_25AUG26_Report_6_8_2026.xlsx
BAJAJHLDNG,11492,-0.21,-0.21,-0.21,-0.21,-0.21,-0.21,-0.21,-0.21,-0.21,-0.21,-0.21,344175,0.09,0.09,0.09,0.09,0.09,,,,,,,,,900,-97.71,-97.71,VOLUME_OI,VolumeAndOISpikesScans_25AUG26_Report_6_8_2026.xlsx
COALINDIA,416,0.14,0.14,0.14,0.14,0.14,0.14,0.14,0.14,0.14,0.14,0.14,74721150,0,0,0,0,0,,,,,,,,,86400,-97.83,-97.83,VOLUME_OI,VolumeAndOISpikesScans_25AUG26_Report_6_8_2026.xlsx
INDHOTEL,739,-0.16,-0.16,-0.16,-0.16,-0.16,-0.16,-0.16,-0.16,-0.16,-0.16,-0.16,20616000,0.03,0.03,0.03,0.03,0.03,,,,,,,,,47000,-97.99,-97.99,VOLUME_OI,VolumeAndOISpikesScans_25AUG26_Report_6_8_2026.xlsx
OIL,444.85,-0.08,-0.08,-0.08,-0.08,-0.08,-0.08,-0.08,-0.08,-0.08,-0.08,-0.08,16136400,0.01,0.01,0.01,0.01,0.01,,,,,,,,,47600,-98.1,-98.1,VOLUME_OI,VolumeAndOISpikesScans_25AUG26_Report_6_8_2026.xlsx
TORNTPHARM,"5,050.5",0.42,0.42,0.42,0.42,0.42,0.42,0.42,0.42,0.42,0.42,0.42,3686875,0.08,0.08,0.08,0.08,0.08,,,,,,,,,7250,-98.14,-98.14,VOLUME_OI,VolumeAndOISpikesScans_25AUG26_Report_6_8_2026.xlsx
CONCOR,518.5,-0.37,-0.37,-0.37,-0.37,-0.37,-0.37,-0.37,-0.37,-0.37,-0.37,-0.37,21707500,0.01,0.01,0.01,0.01,0.01,,,,,,,,,33750,-98.17,-98.17,VOLUME_OI,VolumeAndOISpikesScans_25AUG26_Report_6_8_2026.xlsx
INDIGO,5406,-0.13,-0.13,-0.13,-0.13,-0.13,-0.13,-0.13,-0.13,-0.13,-0.13,-0.13,5480700,0.12,0.12,0.12,0.12,0.12,,,,,,,,,16950,-98.18,-98.18,VOLUME_OI,VolumeAndOISpikesScans_25AUG26_Report_6_8_2026.xlsx
INDUSTOWER,388.15,-0.18,-0.18,-0.18,-0.18,-0.18,-0.18,-0.18,-0.18,-0.18,-0.18,-0.18,89797400,0.06,0.06,0.06,0.06,0.06,,,,,,,,,108800,-98.18,-98.18,VOLUME_OI,VolumeAndOISpikesScans_25AUG26_Report_6_8_2026.xlsx
NYKAA,332.45,-1.03,-1.03,-1.03,-1.03,-1.03,-1.03,-1.03,-1.03,-1.03,-1.03,-1.03,47971875,0.49,0.49,0.49,0.49,0.49,,,,,,,,,534375,-98.25,-98.25,VOLUME_OI,VolumeAndOISpikesScans_25AUG26_Report_6_8_2026.xlsx
NAM-INDIA,1195,-0.28,-0.28,-0.28,-0.28,-0.28,-0.28,-0.28,-0.28,-0.28,-0.28,-0.28,7433750,0.15,0.15,0.15,0.15,0.15,,,,,,,,,29375,-98.4,-98.4,VOLUME_OI,VolumeAndOISpikesScans_25AUG26_Report_6_8_2026.xlsx
MARICO,855.65,-0.34,-0.34,-0.34,-0.34,-0.34,-0.34,-0.34,-0.34,-0.34,-0.34,-0.34,18340800,0.21,0.21,0.21,0.21,0.21,,,,,,,,,130800,-98.44,-98.44,VOLUME_OI,VolumeAndOISpikesScans_25AUG26_Report_6_8_2026.xlsx
UNOMINDA,"1,253.3",-0.37,-0.37,-0.37,-0.37,-0.37,-0.37,-0.37,-0.37,-0.37,-0.37,-0.37,4875750,0.08,0.08,0.08,0.08,0.08,,,,,,,,,28050,-98.61,-98.61,VOLUME_OI,VolumeAndOISpikesScans_25AUG26_Report_6_8_2026.xlsx
ICICIGI,"1,676.6",-0.52,-0.52,-0.52,-0.52,-0.52,-0.52,-0.52,-0.52,-0.52,-0.52,-0.52,5104775,0.05,0.05,0.05,0.05,0.05,,,,,,,,,20800,-98.81,-98.81,VOLUME_OI,VolumeAndOISpikesScans_25AUG26_Report_6_8_2026.xlsx
FOCIT,-,-,-,-,-,-,-,-,-,-,-,-,-,-,-,-,-,-,,,,,,,,,-,,,VOLUME_OI,VolumeAndOISpikesScans_25AUG26_Report_6_8_2026.xlsx
BANKEX,-,-,-,-,-,-,-,-,-,-,-,-,-,-,-,-,-,-,,,,,,,,,-,,,VOLUME_OI,VolumeAndOISpikesScans_25AUG26_Report_6_8_2026.xlsx
