File,Family
eod_alert_center_v17.py,UNKNOWN
eod_archive_planner_v17.py,UNKNOWN
eod_background_executor_v17.py,UNKNOWN
eod_cleanup_audit_manager_v17.py,GOVERNANCE
eod_cleanup_report_builder_v17.py,DASHBOARD
eod_consolidation_validation_v17.py,VALIDATION
eod_dashboard_access_manager_v17.py,DASHBOARD
eod_dashboard_action_manager_v17.py,DASHBOARD
eod_dashboard_alert_engine_v17.py,DASHBOARD
eod_dashboard_alert_view_connector_v17.py,"DASHBOARD,CONNECTOR"
eod_dashboard_api_bridge_v17.py,"DASHBOARD,CONNECTOR"
eod_dashboard_app_v17.py,DASHBOARD
eod_dashboard_backup_manager_v17.py,DASHBOARD
eod_dashboard_bridge_manager_v17.py,"DASHBOARD,CONNECTOR"
eod_dashboard_card_builder_v17.py,DASHBOARD
eod_dashboard_card_data_provider_v17.py,"DATA_RESOLUTION,DASHBOARD"
eod_dashboard_chart_data_provider_v17.py,"DATA_RESOLUTION,DASHBOARD"
eod_dashboard_chart_registry_v17.py,DASHBOARD
eod_dashboard_component_registry_v17.py,DASHBOARD
eod_dashboard_connector_v17.py,"DASHBOARD,CONNECTOR"
eod_dashboard_control_panel_v17.py,"DASHBOARD,RUNTIME"
eod_dashboard_data_binding_v17.py,"DATA_RESOLUTION,DASHBOARD"
eod_dashboard_data_cache_v17.py,"DATA_RESOLUTION,DASHBOARD"
eod_dashboard_data_provider_v17.py,"DATA_RESOLUTION,DASHBOARD"
eod_dashboard_deployment_manager_v17.py,DASHBOARD
eod_dashboard_error_handler_v17.py,DASHBOARD
eod_dashboard_export_v17.py,DASHBOARD
eod_dashboard_feature_flag_manager_v17.py,DASHBOARD
eod_dashboard_filter_manager_v17.py,DASHBOARD
eod_dashboard_gateway_v17.py,DASHBOARD
eod_dashboard_health_check_v17.py,"DASHBOARD,RUNTIME,VALIDATION"
eod_dashboard_kpi_engine_v17.py,DASHBOARD
eod_dashboard_launcher_v17.py,DASHBOARD
eod_dashboard_layout_manager_v17.py,DASHBOARD
eod_dashboard_log_manager_v17.py,DASHBOARD
eod_dashboard_metrics_v17.py,DASHBOARD
eod_dashboard_module_loader_v17.py,"DATA_RESOLUTION,DASHBOARD"
eod_dashboard_module_registry_v17.py,DASHBOARD
eod_dashboard_module_router_v17.py,DASHBOARD
eod_dashboard_monitor_v17.py,"DASHBOARD,RUNTIME"
eod_dashboard_navigation_controller_v17.py,"DASHBOARD,RUNTIME"
eod_dashboard_navigation_v17.py,DASHBOARD
eod_dashboard_notification_manager_v17.py,DASHBOARD
eod_dashboard_operational_logger_v17.py,DASHBOARD
eod_dashboard_output_manager_v17.py,DASHBOARD
eod_dashboard_page_manager_v17.py,DASHBOARD
eod_dashboard_pipeline_v17.py,DASHBOARD
eod_dashboard_port_check_v17.py,"DASHBOARD,VALIDATION"
eod_dashboard_production_config_v17.py,DASHBOARD
eod_dashboard_ranking_view_v17.py,"SCORING,DASHBOARD"
eod_dashboard_refresh_manager_v17.py,DASHBOARD
eod_dashboard_render_context_v17.py,DASHBOARD
eod_dashboard_replay_view_hook_v17.py,DASHBOARD
eod_dashboard_runtime_config_v17.py,"DASHBOARD,RUNTIME"
eod_dashboard_runtime_context_v17.py,"DASHBOARD,RUNTIME"
eod_dashboard_runtime_manager_v17.py,"DASHBOARD,RUNTIME"
eod_dashboard_runtime_monitor_v17.py,"DASHBOARD,RUNTIME"
eod_dashboard_service_adapter_v17.py,"DASHBOARD,RUNTIME,CONNECTOR"
eod_dashboard_service_config_v17.py,"DASHBOARD,RUNTIME"
eod_dashboard_service_health_v17.py,"DASHBOARD,RUNTIME"
eod_dashboard_session_manager_v17.py,DASHBOARD
eod_dashboard_shutdown_manager_v17.py,DASHBOARD
eod_dashboard_signal_view_connector_v17.py,"PATTERN,DASHBOARD,CONNECTOR"
eod_dashboard_signal_view_v17.py,"PATTERN,DASHBOARD"
eod_dashboard_startup_manager_v17.py,DASHBOARD
eod_dashboard_startup_validator_v17.py,DASHBOARD
eod_dashboard_state_manager_v17.py,DASHBOARD
eod_dashboard_summary_v17.py,DASHBOARD
eod_dashboard_summary_view_v17.py,DASHBOARD
eod_dashboard_table_builder_v17.py,DASHBOARD
eod_dashboard_table_data_provider_v17.py,"DATA_RESOLUTION,DASHBOARD"
eod_dashboard_theme_manager_v17.py,DASHBOARD
eod_dashboard_ui_config_v17.py,DASHBOARD
eod_dashboard_user_preference_manager_v17.py,DASHBOARD
eod_dashboard_view_cache_manager_v17.py,DASHBOARD
eod_dashboard_widget_manager_v17.py,DASHBOARD
eod_data_availability_checker_v17.py,"DATA_RESOLUTION,VALIDATION"
eod_data_bridge_connector_v17.py,"DATA_RESOLUTION,CONNECTOR"
eod_data_connection_manager_v17.py,DATA_RESOLUTION
eod_data_fallback_selector_v17.py,DATA_RESOLUTION
eod_data_flow_monitor_v17.py,"DATA_RESOLUTION,RUNTIME"
eod_data_inventory_manager_v17.py,DATA_RESOLUTION
eod_data_quality_score_v17.py,"DATA_RESOLUTION,SCORING"
eod_data_resolution_activation_check_v17.py,"DATA_RESOLUTION,VALIDATION"
eod_data_resolution_activation_checkpoint_v17.py,"DATA_RESOLUTION,VALIDATION"
eod_data_resolution_activation_executor_v17.py,DATA_RESOLUTION
eod_data_resolution_alert_bridge_v17.py,"DATA_RESOLUTION,CONNECTOR"
eod_data_resolution_audit_tracker_v17.py,"DATA_RESOLUTION,GOVERNANCE"
eod_data_resolution_checkpoint_v17.py,"DATA_RESOLUTION,VALIDATION"
eod_data_resolution_compatibility_validation_v17.py,"DATA_RESOLUTION,VALIDATION"
eod_data_resolution_context_v17.py,DATA_RESOLUTION
eod_data_resolution_core_v17.py,DATA_RESOLUTION
eod_data_resolution_dashboard_alert_v17.py,"DATA_RESOLUTION,DASHBOARD"
eod_data_resolution_dashboard_bridge_v17.py,"DATA_RESOLUTION,DASHBOARD,CONNECTOR"
eod_data_resolution_dashboard_checkpoint_v17.py,"DATA_RESOLUTION,DASHBOARD,VALIDATION"
eod_data_resolution_dashboard_manager_v17.py,"DATA_RESOLUTION,DASHBOARD"
eod_data_resolution_dashboard_status_v17.py,"DATA_RESOLUTION,DASHBOARD"
eod_data_resolution_date_selector_v17.py,DATA_RESOLUTION
eod_data_resolution_dry_run_activation_v17.py,DATA_RESOLUTION
eod_data_resolution_execution_tracker_v17.py,DATA_RESOLUTION
eod_data_resolution_file_path_validator_v17.py,DATA_RESOLUTION
eod_data_resolution_final_alert_bridge_v17.py,"DATA_RESOLUTION,CONNECTOR"
eod_data_resolution_final_alert_control_v17.py,"DATA_RESOLUTION,RUNTIME"
eod_data_resolution_final_audit_bridge_v17.py,"DATA_RESOLUTION,GOVERNANCE,CONNECTOR"
eod_data_resolution_final_audit_checker_v17.py,"DATA_RESOLUTION,GOVERNANCE,VALIDATION"
eod_data_resolution_final_checkpoint_v17.py,"DATA_RESOLUTION,VALIDATION"
eod_data_resolution_final_dashboard_bridge_v17.py,"DATA_RESOLUTION,DASHBOARD,CONNECTOR"
eod_data_resolution_final_dashboard_checker_v17.py,"DATA_RESOLUTION,DASHBOARD,VALIDATION"
eod_data_resolution_final_execution_control_v17.py,"DATA_RESOLUTION,RUNTIME"
eod_data_resolution_final_fallback_checker_v17.py,"DATA_RESOLUTION,VALIDATION"
eod_data_resolution_final_file_control_v17.py,"DATA_RESOLUTION,RUNTIME"
eod_data_resolution_final_history_bridge_v17.py,"DATA_RESOLUTION,CONNECTOR"
eod_data_resolution_final_input_control_v17.py,"DATA_RESOLUTION,RUNTIME"
eod_data_resolution_final_integration_checkpoint_v17.py,"DATA_RESOLUTION,VALIDATION"
eod_data_resolution_final_integration_manager_v17.py,DATA_RESOLUTION
eod_data_resolution_final_integrity_checker_v17.py,"DATA_RESOLUTION,VALIDATION"
eod_data_resolution_final_operational_checkpoint_v17.py,"DATA_RESOLUTION,VALIDATION"
eod_data_resolution_final_operational_manager_v17.py,DATA_RESOLUTION
eod_data_resolution_final_output_control_v17.py,"DATA_RESOLUTION,RUNTIME"
eod_data_resolution_final_path_checker_v17.py,"DATA_RESOLUTION,VALIDATION"
eod_data_resolution_final_processing_control_v17.py,"DATA_RESOLUTION,RUNTIME"
eod_data_resolution_final_production_alert_bridge_v17.py,"DATA_RESOLUTION,CONNECTOR"
eod_data_resolution_final_production_alert_v17.py,DATA_RESOLUTION
eod_data_resolution_final_production_audit_bridge_v17.py,"DATA_RESOLUTION,GOVERNANCE,CONNECTOR"
eod_data_resolution_final_production_audit_v17.py,"DATA_RESOLUTION,GOVERNANCE"
eod_data_resolution_final_production_checkpoint_v17.py,"DATA_RESOLUTION,VALIDATION"
eod_data_resolution_final_production_control_manager_v17.py,"DATA_RESOLUTION,RUNTIME"
eod_data_resolution_final_production_dashboard_bridge_v17.py,"DATA_RESOLUTION,DASHBOARD,CONNECTOR"
eod_data_resolution_final_production_data_bridge_v17.py,"DATA_RESOLUTION,CONNECTOR"
eod_data_resolution_final_production_governance_alert_bridge_v17.py,"DATA_RESOLUTION,GOVERNANCE,CONNECTOR"
eod_data_resolution_final_production_governance_alert_v17.py,"DATA_RESOLUTION,GOVERNANCE"
eod_data_resolution_final_production_governance_audit_bridge_v17.py,"DATA_RESOLUTION,GOVERNANCE,CONNECTOR"
eod_data_resolution_final_production_governance_audit_v17.py,"DATA_RESOLUTION,GOVERNANCE"
eod_data_resolution_final_production_governance_checkpoint_v17.py,"DATA_RESOLUTION,GOVERNANCE,VALIDATION"
eod_data_resolution_final_production_governance_dashboard_bridge_v17.py,"DATA_RESOLUTION,DASHBOARD,GOVERNANCE,CONNECTOR"
eod_data_resolution_final_production_governance_data_bridge_v17.py,"DATA_RESOLUTION,GOVERNANCE,CONNECTOR"
eod_data_resolution_final_production_governance_history_v17.py,"DATA_RESOLUTION,GOVERNANCE"
eod_data_resolution_final_production_governance_integration_checkpoint_v17.py,"DATA_RESOLUTION,GOVERNANCE,VALIDATION"
eod_data_resolution_final_production_governance_integration_manager_v17.py,"DATA_RESOLUTION,GOVERNANCE"
eod_data_resolution_final_production_governance_manager_v17.py,"DATA_RESOLUTION,GOVERNANCE"
eod_data_resolution_final_production_governance_monitor_bridge_v17.py,"DATA_RESOLUTION,RUNTIME,GOVERNANCE,CONNECTOR"
eod_data_resolution_final_production_governance_monitor_v17.py,"DATA_RESOLUTION,RUNTIME,GOVERNANCE"
eod_data_resolution_final_production_governance_policy_v17.py,"DATA_RESOLUTION,GOVERNANCE"
eod_data_resolution_final_production_governance_replay_bridge_v17.py,"DATA_RESOLUTION,GOVERNANCE,CONNECTOR"
eod_data_resolution_final_production_governance_runtime_alert_v17.py,"DATA_RESOLUTION,RUNTIME,GOVERNANCE"
eod_data_resolution_final_production_governance_runtime_audit_v17.py,"DATA_RESOLUTION,RUNTIME,GOVERNANCE"
eod_data_resolution_final_production_governance_runtime_bridge_v17.py,"DATA_RESOLUTION,RUNTIME,GOVERNANCE,CONNECTOR"
eod_data_resolution_final_production_governance_runtime_checkpoint_v17.py,"DATA_RESOLUTION,RUNTIME,GOVERNANCE,VALIDATION"
eod_data_resolution_final_production_governance_runtime_execution_v17.py,"DATA_RESOLUTION,RUNTIME,GOVERNANCE"
eod_data_resolution_final_production_governance_runtime_history_v17.py,"DATA_RESOLUTION,RUNTIME,GOVERNANCE"
eod_data_resolution_final_production_governance_runtime_manager_v17.py,"DATA_RESOLUTION,RUNTIME,GOVERNANCE"
eod_data_resolution_final_production_governance_runtime_monitor_v17.py,"DATA_RESOLUTION,RUNTIME,GOVERNANCE"
eod_data_resolution_final_production_governance_runtime_refresh_v17.py,"DATA_RESOLUTION,RUNTIME,GOVERNANCE"
eod_data_resolution_final_production_governance_runtime_status_v17.py,"DATA_RESOLUTION,RUNTIME,GOVERNANCE"
eod_data_resolution_final_production_governance_runtime_tracker_v17.py,"DATA_RESOLUTION,RUNTIME,GOVERNANCE"
eod_data_resolution_final_production_governance_service_alert_bridge_v17.py,"DATA_RESOLUTION,RUNTIME,GOVERNANCE,CONNECTOR"
eod_data_resolution_final_production_governance_service_alert_v17.py,"DATA_RESOLUTION,RUNTIME,GOVERNANCE"
eod_data_resolution_final_production_governance_service_audit_bridge_v17.py,"DATA_RESOLUTION,RUNTIME,GOVERNANCE,CONNECTOR"
eod_data_resolution_final_production_governance_service_audit_v17.py,"DATA_RESOLUTION,RUNTIME,GOVERNANCE"
eod_data_resolution_final_production_governance_service_bridge_v17.py,"DATA_RESOLUTION,RUNTIME,GOVERNANCE,CONNECTOR"
eod_data_resolution_final_production_governance_service_checkpoint_v17.py,"DATA_RESOLUTION,RUNTIME,GOVERNANCE,VALIDATION"
eod_data_resolution_final_production_governance_service_control_bridge_v17.py,"DATA_RESOLUTION,RUNTIME,GOVERNANCE,CONNECTOR"
eod_data_resolution_final_production_governance_service_dashboard_bridge_v17.py,"DATA_RESOLUTION,DASHBOARD,RUNTIME,GOVERNANCE,CONNECTOR"
eod_data_resolution_final_production_governance_service_data_bridge_v17.py,"DATA_RESOLUTION,RUNTIME,GOVERNANCE,CONNECTOR"
eod_data_resolution_final_production_governance_service_execution_v17.py,"DATA_RESOLUTION,RUNTIME,GOVERNANCE"
eod_data_resolution_final_production_governance_service_integration_checkpoint_v17.py,"DATA_RESOLUTION,RUNTIME,GOVERNANCE,VALIDATION"
eod_data_resolution_final_production_governance_service_integration_manager_v17.py,"DATA_RESOLUTION,RUNTIME,GOVERNANCE"
eod_data_resolution_final_production_governance_service_manager_v17.py,"DATA_RESOLUTION,RUNTIME,GOVERNANCE"
eod_data_resolution_final_production_governance_service_monitor_bridge_v17.py,"DATA_RESOLUTION,RUNTIME,GOVERNANCE,CONNECTOR"
eod_data_resolution_final_production_governance_service_monitor_v17.py,"DATA_RESOLUTION,RUNTIME,GOVERNANCE"
eod_data_resolution_final_production_governance_service_operations_alert_bridge_v17.py,"DATA_RESOLUTION,RUNTIME,GOVERNANCE,CONNECTOR"
eod_data_resolution_final_production_governance_service_operations_alert_v17.py,"DATA_RESOLUTION,RUNTIME,GOVERNANCE"
eod_data_resolution_final_production_governance_service_operations_audit_bridge_v17.py,"DATA_RESOLUTION,RUNTIME,GOVERNANCE,CONNECTOR"
eod_data_resolution_final_production_governance_service_operations_audit_v17.py,"DATA_RESOLUTION,RUNTIME,GOVERNANCE"
eod_data_resolution_final_production_governance_service_operations_checkpoint_v17.py,"DATA_RESOLUTION,RUNTIME,GOVERNANCE,VALIDATION"
eod_data_resolution_final_production_governance_service_operations_control_bridge_v17.py,"DATA_RESOLUTION,RUNTIME,GOVERNANCE,CONNECTOR"
eod_data_resolution_final_production_governance_service_operations_dashboard_bridge_v17.py,"DATA_RESOLUTION,DASHBOARD,RUNTIME,GOVERNANCE,CONNECTOR"
eod_data_resolution_final_production_governance_service_operations_data_bridge_v17.py,"DATA_RESOLUTION,RUNTIME,GOVERNANCE,CONNECTOR"
eod_data_resolution_final_production_governance_service_operations_execution_v17.py,"DATA_RESOLUTION,RUNTIME,GOVERNANCE"
eod_data_resolution_final_production_governance_service_operations_history_v17.py,"DATA_RESOLUTION,RUNTIME,GOVERNANCE"
eod_data_resolution_final_production_governance_service_operations_integration_checkpoint_v17.py,"DATA_RESOLUTION,RUNTIME,GOVERNANCE,VALIDATION"
eod_data_resolution_final_production_governance_service_operations_integration_manager_v17.py,"DATA_RESOLUTION,RUNTIME,GOVERNANCE"
eod_data_resolution_final_production_governance_service_operations_manager_v17.py,"DATA_RESOLUTION,RUNTIME,GOVERNANCE"
eod_data_resolution_final_production_governance_service_operations_monitor_bridge_v17.py,"DATA_RESOLUTION,RUNTIME,GOVERNANCE,CONNECTOR"
eod_data_resolution_final_production_governance_service_operations_monitor_v17.py,"DATA_RESOLUTION,RUNTIME,GOVERNANCE"
eod_data_resolution_final_production_governance_service_operations_refresh_v17.py,"DATA_RESOLUTION,RUNTIME,GOVERNANCE"
eod_data_resolution_final_production_governance_service_operations_replay_bridge_v17.py,"DATA_RESOLUTION,RUNTIME,GOVERNANCE,CONNECTOR"
eod_data_resolution_final_production_governance_service_operations_runtime_bridge_v17.py,"DATA_RESOLUTION,RUNTIME,GOVERNANCE,CONNECTOR"
eod_data_resolution_final_production_governance_service_operations_status_v17.py,"DATA_RESOLUTION,RUNTIME,GOVERNANCE"
eod_data_resolution_final_production_governance_service_operations_tracker_v17.py,"DATA_RESOLUTION,RUNTIME,GOVERNANCE"
eod_data_resolution_final_production_governance_service_refresh_v17.py,"DATA_RESOLUTION,RUNTIME,GOVERNANCE"
eod_data_resolution_final_production_governance_service_replay_bridge_v17.py,"DATA_RESOLUTION,RUNTIME,GOVERNANCE,CONNECTOR"
eod_data_resolution_final_production_governance_service_runtime_alert_v17.py,"DATA_RESOLUTION,RUNTIME,GOVERNANCE"
eod_data_resolution_final_production_governance_service_runtime_audit_v17.py,"DATA_RESOLUTION,RUNTIME,GOVERNANCE"
eod_data_resolution_final_production_governance_service_runtime_bridge_v17.py,"DATA_RESOLUTION,RUNTIME,GOVERNANCE,CONNECTOR"
eod_data_resolution_final_production_governance_service_runtime_checkpoint_v17.py,"DATA_RESOLUTION,RUNTIME,GOVERNANCE,VALIDATION"
eod_data_resolution_final_production_governance_service_runtime_execution_v17.py,"DATA_RESOLUTION,RUNTIME,GOVERNANCE"
eod_data_resolution_final_production_governance_service_runtime_history_v17.py,"DATA_RESOLUTION,RUNTIME,GOVERNANCE"
eod_data_resolution_final_production_governance_service_runtime_manager_v17.py,"DATA_RESOLUTION,RUNTIME,GOVERNANCE"
eod_data_resolution_final_production_governance_service_runtime_monitor_v17.py,"DATA_RESOLUTION,RUNTIME,GOVERNANCE"
eod_data_resolution_final_production_governance_service_runtime_refresh_v17.py,"DATA_RESOLUTION,RUNTIME,GOVERNANCE"
eod_data_resolution_final_production_governance_service_runtime_status_v17.py,"DATA_RESOLUTION,RUNTIME,GOVERNANCE"
eod_data_resolution_final_production_governance_service_runtime_tracker_v17.py,"DATA_RESOLUTION,RUNTIME,GOVERNANCE"
eod_data_resolution_final_production_governance_service_start_v17.py,"DATA_RESOLUTION,RUNTIME,GOVERNANCE"
eod_data_resolution_final_production_governance_service_status_v17.py,"DATA_RESOLUTION,RUNTIME,GOVERNANCE"
eod_data_resolution_final_production_governance_service_stop_v17.py,"DATA_RESOLUTION,TRADE_VALIDATION,RUNTIME,GOVERNANCE"
eod_data_resolution_final_production_governance_status_v17.py,"DATA_RESOLUTION,GOVERNANCE"
eod_data_resolution_final_production_governance_tracker_v17.py,"DATA_RESOLUTION,GOVERNANCE"
eod_data_resolution_final_production_governance_validation_v17.py,"DATA_RESOLUTION,GOVERNANCE,VALIDATION"
eod_data_resolution_final_production_history_v17.py,DATA_RESOLUTION
eod_data_resolution_final_production_integration_checkpoint_v17.py,"DATA_RESOLUTION,VALIDATION"
eod_data_resolution_final_production_integration_manager_v17.py,DATA_RESOLUTION
eod_data_resolution_final_production_metrics_v17.py,DATA_RESOLUTION
eod_data_resolution_final_production_monitor_bridge_v17.py,"DATA_RESOLUTION,RUNTIME,CONNECTOR"
eod_data_resolution_final_production_monitor_v17.py,"DATA_RESOLUTION,RUNTIME"
eod_data_resolution_final_production_replay_bridge_v17.py,"DATA_RESOLUTION,CONNECTOR"
eod_data_resolution_final_production_runtime_alert_v17.py,"DATA_RESOLUTION,RUNTIME"
eod_data_resolution_final_production_runtime_audit_v17.py,"DATA_RESOLUTION,RUNTIME,GOVERNANCE"
eod_data_resolution_final_production_runtime_bridge_v17.py,"DATA_RESOLUTION,RUNTIME,CONNECTOR"
eod_data_resolution_final_production_runtime_checkpoint_v17.py,"DATA_RESOLUTION,RUNTIME,VALIDATION"
eod_data_resolution_final_production_runtime_execution_v17.py,"DATA_RESOLUTION,RUNTIME"
eod_data_resolution_final_production_runtime_history_v17.py,"DATA_RESOLUTION,RUNTIME"
eod_data_resolution_final_production_runtime_manager_v17.py,"DATA_RESOLUTION,RUNTIME"
eod_data_resolution_final_production_runtime_monitor_v17.py,"DATA_RESOLUTION,RUNTIME"
eod_data_resolution_final_production_runtime_refresh_v17.py,"DATA_RESOLUTION,RUNTIME"
eod_data_resolution_final_production_runtime_status_v17.py,"DATA_RESOLUTION,RUNTIME"
eod_data_resolution_final_production_runtime_tracker_v17.py,"DATA_RESOLUTION,RUNTIME"
eod_data_resolution_final_production_runtime_v17.py,"DATA_RESOLUTION,RUNTIME"
eod_data_resolution_final_production_service_alert_bridge_v17.py,"DATA_RESOLUTION,RUNTIME,CONNECTOR"
eod_data_resolution_final_production_service_alert_v17.py,"DATA_RESOLUTION,RUNTIME"
eod_data_resolution_final_production_service_audit_bridge_v17.py,"DATA_RESOLUTION,RUNTIME,GOVERNANCE,CONNECTOR"
eod_data_resolution_final_production_service_audit_v17.py,"DATA_RESOLUTION,RUNTIME,GOVERNANCE"
eod_data_resolution_final_production_service_bridge_v17.py,"DATA_RESOLUTION,RUNTIME,CONNECTOR"
eod_data_resolution_final_production_service_checkpoint_v17.py,"DATA_RESOLUTION,RUNTIME,VALIDATION"
eod_data_resolution_final_production_service_control_bridge_v17.py,"DATA_RESOLUTION,RUNTIME,CONNECTOR"
eod_data_resolution_final_production_service_dashboard_bridge_v17.py,"DATA_RESOLUTION,DASHBOARD,RUNTIME,CONNECTOR"
eod_data_resolution_final_production_service_data_bridge_v17.py,"DATA_RESOLUTION,RUNTIME,CONNECTOR"
eod_data_resolution_final_production_service_execution_v17.py,"DATA_RESOLUTION,RUNTIME"
eod_data_resolution_final_production_service_integration_checkpoint_v17.py,"DATA_RESOLUTION,RUNTIME,VALIDATION"
eod_data_resolution_final_production_service_integration_manager_v17.py,"DATA_RESOLUTION,RUNTIME"
eod_data_resolution_final_production_service_manager_v17.py,"DATA_RESOLUTION,RUNTIME"
eod_data_resolution_final_production_service_monitor_bridge_v17.py,"DATA_RESOLUTION,RUNTIME,CONNECTOR"
eod_data_resolution_final_production_service_monitor_v17.py,"DATA_RESOLUTION,RUNTIME"
eod_data_resolution_final_production_service_refresh_v17.py,"DATA_RESOLUTION,RUNTIME"
eod_data_resolution_final_production_service_replay_bridge_v17.py,"DATA_RESOLUTION,RUNTIME,CONNECTOR"
eod_data_resolution_final_production_service_runtime_bridge_v17.py,"DATA_RESOLUTION,RUNTIME,CONNECTOR"
eod_data_resolution_final_production_service_start_v17.py,"DATA_RESOLUTION,RUNTIME"
eod_data_resolution_final_production_service_status_v17.py,"DATA_RESOLUTION,RUNTIME"
eod_data_resolution_final_production_service_stop_v17.py,"DATA_RESOLUTION,TRADE_VALIDATION,RUNTIME"
eod_data_resolution_final_production_status_v17.py,DATA_RESOLUTION
eod_data_resolution_final_production_validation_v17.py,"DATA_RESOLUTION,VALIDATION"
eod_data_resolution_final_refresh_control_v17.py,"DATA_RESOLUTION,RUNTIME"
eod_data_resolution_final_replay_bridge_v17.py,"DATA_RESOLUTION,CONNECTOR"
eod_data_resolution_final_replay_checker_v17.py,"DATA_RESOLUTION,VALIDATION"
eod_data_resolution_final_report_checker_v17.py,"DATA_RESOLUTION,DASHBOARD,VALIDATION"
eod_data_resolution_final_runtime_alert_v17.py,"DATA_RESOLUTION,RUNTIME"
eod_data_resolution_final_runtime_audit_v17.py,"DATA_RESOLUTION,RUNTIME,GOVERNANCE"
eod_data_resolution_final_runtime_bridge_v17.py,"DATA_RESOLUTION,RUNTIME,CONNECTOR"
eod_data_resolution_final_runtime_checkpoint_v17.py,"DATA_RESOLUTION,RUNTIME,VALIDATION"
eod_data_resolution_final_runtime_control_manager_v17.py,"DATA_RESOLUTION,RUNTIME"
eod_data_resolution_final_runtime_execution_v17.py,"DATA_RESOLUTION,RUNTIME"
eod_data_resolution_final_runtime_history_v17.py,"DATA_RESOLUTION,RUNTIME"
eod_data_resolution_final_runtime_monitor_v17.py,"DATA_RESOLUTION,RUNTIME"
eod_data_resolution_final_runtime_refresh_v17.py,"DATA_RESOLUTION,RUNTIME"
eod_data_resolution_final_runtime_status_v17.py,"DATA_RESOLUTION,RUNTIME"
eod_data_resolution_final_runtime_tracker_v17.py,"DATA_RESOLUTION,RUNTIME"
eod_data_resolution_final_service_alert_bridge_v17.py,"DATA_RESOLUTION,RUNTIME,CONNECTOR"
eod_data_resolution_final_service_alert_v17.py,"DATA_RESOLUTION,RUNTIME"
eod_data_resolution_final_service_audit_bridge_v17.py,"DATA_RESOLUTION,RUNTIME,GOVERNANCE,CONNECTOR"
eod_data_resolution_final_service_audit_v17.py,"DATA_RESOLUTION,RUNTIME,GOVERNANCE"
eod_data_resolution_final_service_checkpoint_v17.py,"DATA_RESOLUTION,RUNTIME,VALIDATION"
eod_data_resolution_final_service_control_manager_v17.py,"DATA_RESOLUTION,RUNTIME"
eod_data_resolution_final_service_dashboard_bridge_v17.py,"DATA_RESOLUTION,DASHBOARD,RUNTIME,CONNECTOR"
eod_data_resolution_final_service_data_bridge_v17.py,"DATA_RESOLUTION,RUNTIME,CONNECTOR"
eod_data_resolution_final_service_execution_v17.py,"DATA_RESOLUTION,RUNTIME"
eod_data_resolution_final_service_integration_checkpoint_v17.py,"DATA_RESOLUTION,RUNTIME,VALIDATION"
eod_data_resolution_final_service_integration_control_manager_v17.py,"DATA_RESOLUTION,RUNTIME"
eod_data_resolution_final_service_monitor_bridge_v17.py,"DATA_RESOLUTION,RUNTIME,CONNECTOR"
eod_data_resolution_final_service_monitor_v17.py,"DATA_RESOLUTION,RUNTIME"
eod_data_resolution_final_service_refresh_v17.py,"DATA_RESOLUTION,RUNTIME"
eod_data_resolution_final_service_replay_bridge_v17.py,"DATA_RESOLUTION,RUNTIME,CONNECTOR"
eod_data_resolution_final_service_runtime_bridge_v17.py,"DATA_RESOLUTION,RUNTIME,CONNECTOR"
eod_data_resolution_final_service_start_v17.py,"DATA_RESOLUTION,RUNTIME"
eod_data_resolution_final_service_status_bridge_v17.py,"DATA_RESOLUTION,RUNTIME,CONNECTOR"
eod_data_resolution_final_service_status_v17.py,"DATA_RESOLUTION,RUNTIME"
eod_data_resolution_final_service_stop_v17.py,"DATA_RESOLUTION,TRADE_VALIDATION,RUNTIME"
eod_data_resolution_final_snapshot_bridge_v17.py,"DATA_RESOLUTION,CONNECTOR"
eod_data_resolution_final_snapshot_checker_v17.py,"DATA_RESOLUTION,VALIDATION"
eod_data_resolution_final_status_bridge_v17.py,"DATA_RESOLUTION,CONNECTOR"
eod_data_resolution_final_status_control_v17.py,"DATA_RESOLUTION,RUNTIME"
eod_data_resolution_final_validation_manager_v17.py,"DATA_RESOLUTION,VALIDATION"
eod_data_resolution_history_manager_v17.py,DATA_RESOLUTION
eod_data_resolution_input_output_tracker_v17.py,DATA_RESOLUTION
eod_data_resolution_loader_v17.py,DATA_RESOLUTION
eod_data_resolution_migration_adapter_v17.py,"DATA_RESOLUTION,CONNECTOR"
eod_data_resolution_missing_data_view_v17.py,"DATA_RESOLUTION,DASHBOARD"
eod_data_resolution_operational_checkpoint_v17.py,"DATA_RESOLUTION,VALIDATION"
eod_data_resolution_operational_history_v17.py,DATA_RESOLUTION
eod_data_resolution_operational_manager_v17.py,DATA_RESOLUTION
eod_data_resolution_processing_alert_v17.py,DATA_RESOLUTION
eod_data_resolution_processing_monitor_v17.py,"DATA_RESOLUTION,RUNTIME"
eod_data_resolution_production_alert_v17.py,DATA_RESOLUTION
eod_data_resolution_production_checkpoint_v17.py,"DATA_RESOLUTION,VALIDATION"
eod_data_resolution_production_history_v17.py,DATA_RESOLUTION
eod_data_resolution_production_manager_v17.py,DATA_RESOLUTION
eod_data_resolution_production_metrics_v17.py,DATA_RESOLUTION
eod_data_resolution_production_monitor_v17.py,"DATA_RESOLUTION,RUNTIME"
eod_data_resolution_production_report_v17.py,"DATA_RESOLUTION,DASHBOARD"
eod_data_resolution_production_status_v17.py,DATA_RESOLUTION
eod_data_resolution_production_tracker_v17.py,DATA_RESOLUTION
eod_data_resolution_production_validation_v17.py,"DATA_RESOLUTION,VALIDATION"
eod_data_resolution_refresh_hook_v17.py,DATA_RESOLUTION
eod_data_resolution_replay_alert_v17.py,DATA_RESOLUTION
eod_data_resolution_replay_audit_v17.py,"DATA_RESOLUTION,GOVERNANCE"
eod_data_resolution_replay_checkpoint_v17.py,"DATA_RESOLUTION,VALIDATION"
eod_data_resolution_replay_comparison_engine_v17.py,DATA_RESOLUTION
eod_data_resolution_replay_dashboard_view_v17.py,"DATA_RESOLUTION,DASHBOARD"
eod_data_resolution_replay_date_controller_v17.py,"DATA_RESOLUTION,RUNTIME"
eod_data_resolution_replay_history_bridge_v17.py,"DATA_RESOLUTION,CONNECTOR"
eod_data_resolution_replay_manager_v17.py,DATA_RESOLUTION
eod_data_resolution_replay_range_selector_v17.py,DATA_RESOLUTION
eod_data_resolution_replay_snapshot_loader_v17.py,DATA_RESOLUTION
eod_data_resolution_report_status_v17.py,"DATA_RESOLUTION,DASHBOARD"
eod_data_resolution_runtime_manager_v17.py,"DATA_RESOLUTION,RUNTIME"
eod_data_resolution_runtime_status_v17.py,"DATA_RESOLUTION,RUNTIME"
eod_data_resolution_scope_filter_v17.py,DATA_RESOLUTION
eod_data_resolution_shadow_validation_v17.py,"DATA_RESOLUTION,VALIDATION"
eod_data_resolution_snapshot_bridge_v17.py,"DATA_RESOLUTION,CONNECTOR"
eod_data_resolution_snapshot_view_v17.py,"DATA_RESOLUTION,DASHBOARD"
eod_data_resolution_source_indicator_v17.py,DATA_RESOLUTION
eod_data_resolution_status_panel_v17.py,DATA_RESOLUTION
eod_data_resolution_switch_controller_v17.py,"DATA_RESOLUTION,RUNTIME"
eod_data_source_status_v17.py,DATA_RESOLUTION
eod_date_resolver_v17.py,DATA_RESOLUTION
eod_dependency_registry_v17.py,UNKNOWN
eod_duplicate_scan_manager_v17.py,UNKNOWN
eod_exception_router_v17.py,UNKNOWN
eod_fallback_data_manager_v17.py,DATA_RESOLUTION
eod_file_age_tracker_v17.py,UNKNOWN
eod_final_integration_bridge_v17.py,CONNECTOR
eod_final_integration_core_v17.py,UNKNOWN
eod_final_runtime_orchestrator_v17.py,RUNTIME
eod_governance_audit_core_v17.py,GOVERNANCE
eod_governance_bridge_connector_v17.py,"GOVERNANCE,CONNECTOR"
eod_governance_dashboard_connector_v17.py,"DASHBOARD,GOVERNANCE,CONNECTOR"
eod_health_monitor_v17.py,RUNTIME
eod_historical_loader_v17.py,DATA_RESOLUTION
eod_holiday_detector_v17.py,UNKNOWN
eod_intelligence_context_engine_v17.py,UNKNOWN
eod_intelligence_engine_v17.py,UNKNOWN
eod_intelligence_output_v17.py,UNKNOWN
eod_intelligence_pipeline_v17.py,UNKNOWN
eod_latest_data_resolver_v17.py,DATA_RESOLUTION
eod_manual_cleanup_workflow_v17.py,UNKNOWN
eod_market_calendar_handler_v17.py,UNKNOWN
eod_market_data_loader_v17.py,DATA_RESOLUTION
eod_missing_data_alert_manager_v17.py,DATA_RESOLUTION
eod_pattern_data_connector_v17.py,"DATA_RESOLUTION,PATTERN,CONNECTOR"
eod_pipeline_connector_v17.py,CONNECTOR
eod_previous_snapshot_locator_v17.py,UNKNOWN
eod_probability_data_connector_v17.py,"DATA_RESOLUTION,PROBABILITY,CONNECTOR"
eod_process_manager_v17.py,UNKNOWN
eod_production_control_core_v17.py,RUNTIME
eod_refresh_manager_v17.py,UNKNOWN
eod_refresh_scheduler_v17.py,UNKNOWN
eod_replay_analytics_manager_v17.py,UNKNOWN
eod_replay_bridge_connector_v17.py,CONNECTOR
eod_replay_comparison_engine_v17.py,UNKNOWN
eod_replay_dashboard_connector_v17.py,"DASHBOARD,CONNECTOR"
eod_replay_dashboard_core_v17.py,DASHBOARD
eod_replay_date_selector_v17.py,UNKNOWN
eod_replay_execution_engine_v17.py,UNKNOWN
eod_replay_export_manager_v17.py,DASHBOARD
eod_replay_history_manager_v17.py,UNKNOWN
eod_replay_manager_v17.py,UNKNOWN
eod_replay_metrics_engine_v17.py,UNKNOWN
eod_replay_outcome_tracker_hook_v17.py,PROBABILITY
eod_replay_pattern_comparator_v17.py,PATTERN
eod_replay_performance_summary_v17.py,UNKNOWN
eod_replay_probability_comparator_v17.py,PROBABILITY
eod_replay_range_selector_v17.py,UNKNOWN
eod_replay_report_builder_v17.py,DASHBOARD
eod_replay_result_view_v17.py,DASHBOARD
eod_replay_scope_filter_v17.py,UNKNOWN
eod_replay_signal_comparator_v17.py,PATTERN
eod_replay_status_tracker_v17.py,UNKNOWN
eod_report_loader_v17.py,"DATA_RESOLUTION,DASHBOARD"
eod_runtime_access_compliance_v17.py,"RUNTIME,GOVERNANCE"
eod_runtime_activity_tracker_v17.py,RUNTIME
eod_runtime_alert_service_v17.py,RUNTIME
eod_runtime_alert_validation_v17.py,"RUNTIME,VALIDATION"
eod_runtime_audit_checkpoint_v17.py,"RUNTIME,GOVERNANCE,VALIDATION"
eod_runtime_audit_manager_v17.py,"RUNTIME,GOVERNANCE"
eod_runtime_audit_report_v17.py,"DASHBOARD,RUNTIME,GOVERNANCE"
eod_runtime_audit_service_v17.py,"RUNTIME,GOVERNANCE"
eod_runtime_backup_control_v17.py,RUNTIME
eod_runtime_backup_recovery_v17.py,RUNTIME
eod_runtime_backup_validator_v17.py,RUNTIME
eod_runtime_bridge_manager_v17.py,"RUNTIME,CONNECTOR"
eod_runtime_change_compliance_v17.py,"RUNTIME,GOVERNANCE"
eod_runtime_change_tracker_v17.py,RUNTIME
eod_runtime_command_audit_v17.py,"RUNTIME,GOVERNANCE"
eod_runtime_command_history_v17.py,RUNTIME
eod_runtime_command_registry_v17.py,RUNTIME
eod_runtime_compliance_checkpoint_v17.py,"RUNTIME,GOVERNANCE,VALIDATION"
eod_runtime_compliance_manager_v17.py,"RUNTIME,GOVERNANCE"
eod_runtime_compliance_report_v17.py,"DASHBOARD,RUNTIME,GOVERNANCE"
eod_runtime_compliance_tracker_v17.py,"RUNTIME,GOVERNANCE"
eod_runtime_config_manager_v17.py,RUNTIME
eod_runtime_config_validator_v17.py,RUNTIME
eod_runtime_configuration_audit_v17.py,"RUNTIME,GOVERNANCE"
eod_runtime_control_actions_v17.py,RUNTIME
eod_runtime_control_alerts_v17.py,RUNTIME
eod_runtime_control_checkpoint_v17.py,"RUNTIME,VALIDATION"
eod_runtime_control_core_v17.py,RUNTIME
eod_runtime_control_history_v17.py,RUNTIME
eod_runtime_control_metrics_v17.py,RUNTIME
eod_runtime_control_monitor_v17.py,RUNTIME
eod_runtime_control_orchestrator_v17.py,RUNTIME
eod_runtime_control_panel_v17.py,RUNTIME
eod_runtime_control_reporting_v17.py,"DASHBOARD,RUNTIME"
eod_runtime_control_validation_v17.py,"RUNTIME,VALIDATION"
eod_runtime_controller_v17.py,RUNTIME
eod_runtime_daily_control_v17.py,RUNTIME
eod_runtime_dashboard_validation_v17.py,"DASHBOARD,RUNTIME,VALIDATION"
eod_runtime_data_change_audit_v17.py,"DATA_RESOLUTION,RUNTIME,GOVERNANCE"
eod_runtime_data_compliance_v17.py,"DATA_RESOLUTION,RUNTIME,GOVERNANCE"
eod_runtime_data_flow_validation_v17.py,"DATA_RESOLUTION,RUNTIME,VALIDATION"
eod_runtime_data_policy_v17.py,"DATA_RESOLUTION,RUNTIME"
eod_runtime_data_recovery_v17.py,"DATA_RESOLUTION,RUNTIME"
eod_runtime_data_watchdog_v17.py,"DATA_RESOLUTION,RUNTIME"
eod_runtime_dependency_checker_v17.py,"RUNTIME,VALIDATION"
eod_runtime_deployment_manager_v17.py,RUNTIME
eod_runtime_deployment_orchestrator_v17.py,RUNTIME
eod_runtime_deployment_status_v17.py,RUNTIME
eod_runtime_environment_checker_v17.py,"RUNTIME,VALIDATION"
eod_runtime_error_recovery_v17.py,RUNTIME
eod_runtime_event_audit_v17.py,"RUNTIME,GOVERNANCE"
eod_runtime_event_manager_v17.py,RUNTIME
eod_runtime_execution_history_v17.py,RUNTIME
eod_runtime_failover_manager_v17.py,RUNTIME
eod_runtime_failure_manager_v17.py,RUNTIME
eod_runtime_file_watchdog_v17.py,RUNTIME
eod_runtime_final_checkpoint_v17.py,"RUNTIME,VALIDATION"
eod_runtime_final_control_manager_v17.py,RUNTIME
eod_runtime_final_governance_controller_v17.py,"RUNTIME,GOVERNANCE"
eod_runtime_final_readiness_manager_v17.py,RUNTIME
eod_runtime_final_service_checkpoint_v17.py,"RUNTIME,VALIDATION"
eod_runtime_final_service_command_v17.py,RUNTIME
eod_runtime_final_service_health_v17.py,RUNTIME
eod_runtime_final_service_logger_v17.py,RUNTIME
eod_runtime_final_service_manager_v17.py,RUNTIME
eod_runtime_final_service_refresh_v17.py,RUNTIME
eod_runtime_final_service_restart_v17.py,RUNTIME
eod_runtime_final_service_start_v17.py,RUNTIME
eod_runtime_final_service_status_v17.py,RUNTIME
eod_runtime_final_service_stop_v17.py,"TRADE_VALIDATION,RUNTIME"
eod_runtime_go_live_checker_v17.py,"RUNTIME,VALIDATION"
eod_runtime_golive_checkpoint_v17.py,"RUNTIME,VALIDATION"
eod_runtime_golive_control_manager_v17.py,RUNTIME
eod_runtime_governance_action_manager_v17.py,"RUNTIME,GOVERNANCE"
eod_runtime_governance_alert_manager_v17.py,"RUNTIME,GOVERNANCE"
eod_runtime_governance_checkpoint_v17.py,"RUNTIME,GOVERNANCE,VALIDATION"
eod_runtime_governance_final_checkpoint_v17.py,"RUNTIME,GOVERNANCE,VALIDATION"
eod_runtime_governance_history_v17.py,"RUNTIME,GOVERNANCE"
eod_runtime_governance_manager_v17.py,"RUNTIME,GOVERNANCE"
eod_runtime_governance_metrics_v17.py,"RUNTIME,GOVERNANCE"
eod_runtime_governance_monitor_v17.py,"RUNTIME,GOVERNANCE"
eod_runtime_governance_report_v17.py,"DASHBOARD,RUNTIME,GOVERNANCE"
eod_runtime_governance_reporting_v17.py,"DASHBOARD,RUNTIME,GOVERNANCE"
eod_runtime_governance_scheduler_v17.py,"RUNTIME,GOVERNANCE"
eod_runtime_governance_tracker_v17.py,"RUNTIME,GOVERNANCE"
eod_runtime_governance_validation_v17.py,"RUNTIME,GOVERNANCE,VALIDATION"
eod_runtime_health_alert_bridge_v17.py,"RUNTIME,CONNECTOR"
eod_runtime_health_control_alerts_v17.py,RUNTIME
eod_runtime_health_control_checkpoint_v17.py,"RUNTIME,VALIDATION"
eod_runtime_health_control_history_v17.py,RUNTIME
eod_runtime_health_control_manager_v17.py,RUNTIME
eod_runtime_health_control_metrics_v17.py,RUNTIME
eod_runtime_health_control_monitor_v17.py,RUNTIME
eod_runtime_health_control_panel_v17.py,RUNTIME
eod_runtime_health_control_report_v17.py,"DASHBOARD,RUNTIME"
eod_runtime_health_control_tracker_v17.py,RUNTIME
eod_runtime_health_control_validation_v17.py,"RUNTIME,VALIDATION"
eod_runtime_health_dashboard_bridge_v17.py,"DASHBOARD,RUNTIME,CONNECTOR"
eod_runtime_health_history_bridge_v17.py,"RUNTIME,CONNECTOR"
eod_runtime_health_integration_checkpoint_v17.py,"RUNTIME,VALIDATION"
eod_runtime_health_integration_manager_v17.py,RUNTIME
eod_runtime_health_metrics_bridge_v17.py,"RUNTIME,CONNECTOR"
eod_runtime_health_monitor_bridge_v17.py,"RUNTIME,CONNECTOR"
eod_runtime_health_report_bridge_v17.py,"DASHBOARD,RUNTIME,CONNECTOR"
eod_runtime_health_service_bridge_v17.py,"RUNTIME,CONNECTOR"
eod_runtime_health_service_v17.py,RUNTIME
eod_runtime_health_validation_bridge_v17.py,"RUNTIME,CONNECTOR,VALIDATION"
eod_runtime_health_validator_v17.py,RUNTIME
eod_runtime_incident_manager_v17.py,RUNTIME
eod_runtime_launcher_controller_v17.py,RUNTIME
eod_runtime_log_manager_v17.py,RUNTIME
eod_runtime_log_validator_v17.py,RUNTIME
eod_runtime_memory_monitor_v17.py,RUNTIME
eod_runtime_metrics_service_v17.py,RUNTIME
eod_runtime_module_loader_v17.py,"DATA_RESOLUTION,RUNTIME"
eod_runtime_monitor_v17.py,RUNTIME
eod_runtime_monitoring_service_v17.py,RUNTIME
eod_runtime_operation_alerts_v17.py,RUNTIME
eod_runtime_operation_policy_v17.py,RUNTIME
eod_runtime_operational_checker_v17.py,"RUNTIME,VALIDATION"
eod_runtime_operations_checkpoint_v17.py,"RUNTIME,VALIDATION"
eod_runtime_operations_manager_v17.py,RUNTIME
eod_runtime_operator_actions_v17.py,RUNTIME
eod_runtime_operator_console_v17.py,RUNTIME
eod_runtime_orchestrator_v17.py,RUNTIME
eod_runtime_performance_tracker_v17.py,RUNTIME
eod_runtime_permission_manager_v17.py,RUNTIME
eod_runtime_policy_checker_v17.py,"RUNTIME,VALIDATION"
eod_runtime_port_manager_v17.py,RUNTIME
eod_runtime_port_validator_v17.py,RUNTIME
eod_runtime_process_compliance_v17.py,"RUNTIME,GOVERNANCE"
eod_runtime_process_validator_v17.py,RUNTIME
eod_runtime_production_manager_v17.py,RUNTIME
eod_runtime_production_validation_v17.py,"RUNTIME,VALIDATION"
eod_runtime_readiness_checker_v17.py,"RUNTIME,VALIDATION"
eod_runtime_recovery_log_v17.py,RUNTIME
eod_runtime_recovery_manager_v17.py,RUNTIME
eod_runtime_refresh_controller_v17.py,RUNTIME
eod_runtime_refresh_validation_v17.py,"RUNTIME,VALIDATION"
eod_runtime_release_compliance_v17.py,"RUNTIME,GOVERNANCE"
eod_runtime_release_marker_v17.py,RUNTIME
eod_runtime_replay_validation_v17.py,"RUNTIME,VALIDATION"
eod_runtime_resilience_checkpoint_v17.py,"RUNTIME,VALIDATION"
eod_runtime_resilience_manager_v17.py,RUNTIME
eod_runtime_resource_monitor_v17.py,RUNTIME
eod_runtime_resource_policy_v17.py,RUNTIME
eod_runtime_restart_policy_v17.py,RUNTIME
eod_runtime_role_manager_v17.py,RUNTIME
eod_runtime_security_audit_v17.py,"RUNTIME,GOVERNANCE"
eod_runtime_security_validator_v17.py,RUNTIME
eod_runtime_service_audit_v17.py,"RUNTIME,GOVERNANCE"
eod_runtime_service_binding_v17.py,RUNTIME
eod_runtime_service_command_bridge_v17.py,"RUNTIME,CONNECTOR"
eod_runtime_service_command_handler_v17.py,RUNTIME
eod_runtime_service_dashboard_bridge_v17.py,"DASHBOARD,RUNTIME,CONNECTOR"
eod_runtime_service_data_bridge_v17.py,"DATA_RESOLUTION,RUNTIME,CONNECTOR"
eod_runtime_service_dependency_bridge_v17.py,"RUNTIME,CONNECTOR"
eod_runtime_service_health_alert_v17.py,RUNTIME
eod_runtime_service_health_checkpoint_v17.py,"RUNTIME,VALIDATION"
eod_runtime_service_health_dashboard_v17.py,"DASHBOARD,RUNTIME"
eod_runtime_service_health_history_v17.py,RUNTIME
eod_runtime_service_health_manager_v17.py,RUNTIME
eod_runtime_service_health_metrics_v17.py,RUNTIME
eod_runtime_service_health_monitor_v17.py,RUNTIME
eod_runtime_service_health_report_v17.py,"DASHBOARD,RUNTIME"
eod_runtime_service_health_tracker_v17.py,RUNTIME
eod_runtime_service_health_validator_v17.py,RUNTIME
eod_runtime_service_integration_checkpoint_v17.py,"RUNTIME,VALIDATION"
eod_runtime_service_integration_manager_v17.py,RUNTIME
eod_runtime_service_metrics_v17.py,RUNTIME
eod_runtime_service_monitor_bridge_v17.py,"RUNTIME,CONNECTOR"
eod_runtime_service_policy_v17.py,RUNTIME
eod_runtime_service_replay_bridge_v17.py,"RUNTIME,CONNECTOR"
eod_runtime_service_router_v17.py,RUNTIME
eod_runtime_service_runtime_bridge_v17.py,"RUNTIME,CONNECTOR"
eod_runtime_service_validator_v17.py,RUNTIME
eod_runtime_service_watchdog_v17.py,RUNTIME
eod_runtime_session_recovery_v17.py,RUNTIME
eod_runtime_stability_alert_v17.py,RUNTIME
eod_runtime_stability_checkpoint_v17.py,"RUNTIME,VALIDATION"
eod_runtime_stability_manager_v17.py,RUNTIME
eod_runtime_start_stop_controller_v17.py,"TRADE_VALIDATION,RUNTIME"
eod_runtime_startup_report_v17.py,"DASHBOARD,RUNTIME"
eod_runtime_state_manager_v17.py,RUNTIME
eod_runtime_state_recovery_v17.py,RUNTIME
eod_runtime_status_dashboard_v17.py,"DASHBOARD,RUNTIME"
eod_runtime_status_reporter_v17.py,"DASHBOARD,RUNTIME"
eod_runtime_task_executor_v17.py,RUNTIME
eod_runtime_tracker_v17.py,RUNTIME
eod_runtime_uptime_tracker_v17.py,RUNTIME
eod_runtime_user_acceptance_checker_v17.py,"RUNTIME,VALIDATION"
eod_runtime_user_action_audit_v17.py,"RUNTIME,GOVERNANCE"
eod_runtime_validation_manager_v17.py,"RUNTIME,VALIDATION"
eod_score_data_connector_v17.py,"DATA_RESOLUTION,SCORING,CONNECTOR"
eod_service_bridge_connector_v17.py,"RUNTIME,CONNECTOR"
eod_service_management_core_v17.py,RUNTIME
eod_service_manager_v17.py,RUNTIME
eod_service_status_v17.py,RUNTIME
eod_shutdown_manager_v17.py,UNKNOWN
eod_snapshot_priority_manager_v17.py,UNKNOWN
eod_startup_validation_engine_v17.py,VALIDATION
eod_storage_monitor_v17.py,RUNTIME
eod_system_status_panel_v17.py,UNKNOWN
eod_trade_validation_connector_v17.py,"TRADE_VALIDATION,CONNECTOR,VALIDATION"
eod_trading_date_detector_v17.py,UNKNOWN
eod_validation_bridge_connector_v17.py,"CONNECTOR,VALIDATION"
eod_view_bridge_connector_v17.py,"DASHBOARD,CONNECTOR"
hmme_calibration_context_v17.py,UNKNOWN
hmme_eod_feature_builder_v17.py,UNKNOWN
hmme_eod_history_builder_v17.py,UNKNOWN
hmme_feature_engine_v17.py,UNKNOWN
hmme_learning_context_v17.py,UNKNOWN
hmme_learning_input_builder_v17.py,UNKNOWN
hmme_learning_pipeline_v17.py,UNKNOWN
hmme_master_dataset_builder_v17.py,DATA_RESOLUTION
hmme_ohlc_importer_v17.py,DATA_RESOLUTION
hmme_pattern_memory_v17.py,PATTERN
hmme_probability_adjuster_v17.py,PROBABILITY
ntis_dashboard_ports_v17.py,DASHBOARD
ntis_dashboard_service_registry_v17.py,"DASHBOARD,RUNTIME"
ntis_portal_alert_manager_v17.py,UNKNOWN
ntis_portal_audit_manager_v17.py,GOVERNANCE
ntis_portal_backup_scheduler_v17.py,UNKNOWN
ntis_portal_backup_validation_v17.py,VALIDATION
ntis_portal_checkpoint_manager_v17.py,VALIDATION
ntis_portal_closure_manager_v17.py,UNKNOWN
ntis_portal_config_manager_v17.py,UNKNOWN
ntis_portal_config_v17.py,UNKNOWN
ntis_portal_configuration_validator_v17.py,UNKNOWN
ntis_portal_connector_v17.py,CONNECTOR
ntis_portal_control_manager_v17.py,RUNTIME
ntis_portal_dashboard_bridge_v17.py,"DASHBOARD,CONNECTOR"
ntis_portal_data_integrity_checker_v17.py,"DATA_RESOLUTION,VALIDATION"
ntis_portal_dependency_checker_v17.py,VALIDATION
ntis_portal_deployment_validator_v17.py,UNKNOWN
ntis_portal_documentation_manager_v17.py,UNKNOWN
ntis_portal_dynamic_config_validator_v17.py,UNKNOWN
ntis_portal_environment_check_v17.py,VALIDATION
ntis_portal_error_recovery_v17.py,UNKNOWN
ntis_portal_feedback_manager_v17.py,UNKNOWN
ntis_portal_file_monitor_v17.py,RUNTIME
ntis_portal_final_monitor_v17.py,RUNTIME
ntis_portal_final_registry_v17.py,UNKNOWN
ntis_portal_final_status_v17.py,UNKNOWN
ntis_portal_future_module_registry_v17.py,UNKNOWN
ntis_portal_health_check_v17.py,"RUNTIME,VALIDATION"
ntis_portal_input_output_validator_v17.py,UNKNOWN
ntis_portal_integration_health_v17.py,RUNTIME
ntis_portal_launch_manager_v17.py,UNKNOWN
ntis_portal_maintenance_manager_v17.py,UNKNOWN
ntis_portal_module_health_v17.py,RUNTIME
ntis_portal_module_launcher_v17.py,UNKNOWN
ntis_portal_module_registry_v17.py,UNKNOWN
ntis_portal_navigation_v17.py,UNKNOWN
ntis_portal_operation_manager_v17.py,UNKNOWN
ntis_portal_operational_summary_v17.py,UNKNOWN
ntis_portal_path_validator_v17.py,UNKNOWN
ntis_portal_performance_monitor_v17.py,RUNTIME
ntis_portal_post_deployment_monitor_v17.py,RUNTIME
ntis_portal_quality_checker_v17.py,"SCORING,VALIDATION"
ntis_portal_readiness_check_v17.py,VALIDATION
ntis_portal_readiness_report_v17.py,DASHBOARD
ntis_portal_release_checkpoint_v17.py,VALIDATION
ntis_portal_release_manager_v17.py,UNKNOWN
ntis_portal_report_manager_v17.py,DASHBOARD
ntis_portal_runtime_v17.py,RUNTIME
ntis_portal_scheduler_v17.py,UNKNOWN
ntis_portal_security_manager_v17.py,UNKNOWN
ntis_portal_service_manager_v17.py,RUNTIME
ntis_portal_service_status_v17.py,RUNTIME
ntis_portal_session_manager_v17.py,UNKNOWN
ntis_portal_task_manager_v17.py,UNKNOWN
ntis_portal_upgrade_manager_v17.py,UNKNOWN
ntis_probability_engine_v17.py,PROBABILITY
ntis_probability_metrics_v17.py,PROBABILITY
ntis_probability_pipeline_v17.py,PROBABILITY
ntis_probability_reporting_pipeline_v17.py,"PROBABILITY,DASHBOARD"
ntis_rank_engine_v17.py,SCORING
ntis_ranking_summary_v17.py,SCORING
ntis_signal_summary_v17.py,PATTERN
swing_confidence_engine_v17.py,PROBABILITY
swing_decision_engine_v17.py,UNKNOWN
swing_intelligence_scorer_v17.py,SCORING
swing_outcome_engine_v17.py,PROBABILITY
swing_performance_tracker_v17.py,UNKNOWN
swing_replay_evaluator_v17.py,UNKNOWN
swing_replay_manager_v17.py,UNKNOWN
swing_replay_metrics_v17.py,UNKNOWN
swing_replay_summary_v17.py,UNKNOWN
swing_risk_reward_engine_v17.py,TRADE_VALIDATION
swing_setup_context_v17.py,UNKNOWN
swing_trade_report_v17.py,"TRADE_VALIDATION,DASHBOARD"
swing_validation_engine_v17.py,VALIDATION
