File,Category,Size(Bytes)
__init__.py,UNKNOWN,0
eod_alert_center_v17.py,UNKNOWN,189
eod_archive_planner_v17.py,UNKNOWN,90
eod_background_executor_v17.py,UNKNOWN,95
eod_cleanup_audit_manager_v17.py,"RUNTIME_OPERATIONS,GOVERNANCE",97
eod_cleanup_report_builder_v17.py,DASHBOARD_REPORTING,99
eod_consolidation_validation_v17.py,TRADE_VALIDATION,2114
eod_dashboard_access_manager_v17.py,"DASHBOARD_REPORTING,RUNTIME_OPERATIONS",93
eod_dashboard_action_manager_v17.py,"DASHBOARD_REPORTING,RUNTIME_OPERATIONS",96
eod_dashboard_alert_engine_v17.py,DASHBOARD_REPORTING,169
eod_dashboard_alert_view_connector_v17.py,DASHBOARD_REPORTING,97
eod_dashboard_api_bridge_v17.py,DASHBOARD_REPORTING,119
eod_dashboard_app_v17.py,DASHBOARD_REPORTING,308
eod_dashboard_backup_manager_v17.py,"DASHBOARD_REPORTING,RUNTIME_OPERATIONS",173
eod_dashboard_bridge_manager_v17.py,"DASHBOARD_REPORTING,RUNTIME_OPERATIONS",202
eod_dashboard_card_builder_v17.py,DASHBOARD_REPORTING,277
eod_dashboard_card_data_provider_v17.py,"DATA_RESOLUTION,DASHBOARD_REPORTING",94
eod_dashboard_chart_data_provider_v17.py,"DATA_RESOLUTION,DASHBOARD_REPORTING",96
eod_dashboard_chart_registry_v17.py,DASHBOARD_REPORTING,226
eod_dashboard_component_registry_v17.py,DASHBOARD_REPORTING,256
eod_dashboard_connector_v17.py,DASHBOARD_REPORTING,171
eod_dashboard_control_panel_v17.py,"DASHBOARD_REPORTING,RUNTIME_OPERATIONS",101
eod_dashboard_data_binding_v17.py,"DATA_RESOLUTION,DASHBOARD_REPORTING",122
eod_dashboard_data_cache_v17.py,"DATA_RESOLUTION,DASHBOARD_REPORTING",94
eod_dashboard_data_provider_v17.py,"DATA_RESOLUTION,DASHBOARD_REPORTING",175
eod_dashboard_deployment_manager_v17.py,"DASHBOARD_REPORTING,RUNTIME_OPERATIONS",173
eod_dashboard_error_handler_v17.py,DASHBOARD_REPORTING,200
eod_dashboard_export_v17.py,DASHBOARD_REPORTING,162
eod_dashboard_feature_flag_manager_v17.py,"DASHBOARD_REPORTING,RUNTIME_OPERATIONS",100
eod_dashboard_filter_manager_v17.py,"DASHBOARD_REPORTING,RUNTIME_OPERATIONS",96
eod_dashboard_gateway_v17.py,DASHBOARD_REPORTING,216
eod_dashboard_health_check_v17.py,DASHBOARD_REPORTING,161
eod_dashboard_kpi_engine_v17.py,DASHBOARD_REPORTING,243
eod_dashboard_launcher_v17.py,DASHBOARD_REPORTING,276
eod_dashboard_layout_manager_v17.py,"DASHBOARD_REPORTING,RUNTIME_OPERATIONS",197
eod_dashboard_log_manager_v17.py,"DASHBOARD_REPORTING,RUNTIME_OPERATIONS",192
eod_dashboard_metrics_v17.py,DASHBOARD_REPORTING,464
eod_dashboard_module_loader_v17.py,"DATA_RESOLUTION,DASHBOARD_REPORTING",155
eod_dashboard_module_registry_v17.py,DASHBOARD_REPORTING,243
eod_dashboard_module_router_v17.py,DASHBOARD_REPORTING,195
eod_dashboard_monitor_v17.py,"DASHBOARD_REPORTING,RUNTIME_OPERATIONS",149
eod_dashboard_navigation_controller_v17.py,"DASHBOARD_REPORTING,RUNTIME_OPERATIONS",107
eod_dashboard_navigation_v17.py,DASHBOARD_REPORTING,241
eod_dashboard_notification_manager_v17.py,"DASHBOARD_REPORTING,RUNTIME_OPERATIONS",107
eod_dashboard_operational_logger_v17.py,DASHBOARD_REPORTING,96
eod_dashboard_output_manager_v17.py,"DASHBOARD_REPORTING,RUNTIME_OPERATIONS",129
eod_dashboard_page_manager_v17.py,"DASHBOARD_REPORTING,RUNTIME_OPERATIONS",221
eod_dashboard_pipeline_v17.py,DASHBOARD_REPORTING,196
eod_dashboard_port_check_v17.py,DASHBOARD_REPORTING,180
eod_dashboard_production_config_v17.py,DASHBOARD_REPORTING,228
eod_dashboard_ranking_view_v17.py,"SCORING,DASHBOARD_REPORTING",98
eod_dashboard_refresh_manager_v17.py,"DASHBOARD_REPORTING,RUNTIME_OPERATIONS",162
eod_dashboard_render_context_v17.py,DASHBOARD_REPORTING,251
eod_dashboard_replay_view_hook_v17.py,DASHBOARD_REPORTING,101
eod_dashboard_runtime_config_v17.py,"DASHBOARD_REPORTING,RUNTIME_OPERATIONS",100
eod_dashboard_runtime_context_v17.py,"DASHBOARD_REPORTING,RUNTIME_OPERATIONS",194
eod_dashboard_runtime_manager_v17.py,"DASHBOARD_REPORTING,RUNTIME_OPERATIONS",227
eod_dashboard_runtime_monitor_v17.py,"DASHBOARD_REPORTING,RUNTIME_OPERATIONS",202
eod_dashboard_service_adapter_v17.py,"DASHBOARD_REPORTING,RUNTIME_OPERATIONS",129
eod_dashboard_service_config_v17.py,"DASHBOARD_REPORTING,RUNTIME_OPERATIONS",237
eod_dashboard_service_health_v17.py,"DASHBOARD_REPORTING,RUNTIME_OPERATIONS",195
eod_dashboard_session_manager_v17.py,"DASHBOARD_REPORTING,RUNTIME_OPERATIONS",96
eod_dashboard_shutdown_manager_v17.py,"DASHBOARD_REPORTING,RUNTIME_OPERATIONS",167
eod_dashboard_signal_view_connector_v17.py,"PATTERN,DASHBOARD_REPORTING",106
eod_dashboard_signal_view_v17.py,"PATTERN,DASHBOARD_REPORTING",413
eod_dashboard_startup_manager_v17.py,"DASHBOARD_REPORTING,RUNTIME_OPERATIONS",206
eod_dashboard_startup_validator_v17.py,DASHBOARD_REPORTING,172
eod_dashboard_state_manager_v17.py,"DASHBOARD_REPORTING,RUNTIME_OPERATIONS",194
eod_dashboard_summary_v17.py,DASHBOARD_REPORTING,171
eod_dashboard_summary_view_v17.py,DASHBOARD_REPORTING,98
eod_dashboard_table_builder_v17.py,DASHBOARD_REPORTING,175
eod_dashboard_table_data_provider_v17.py,"DATA_RESOLUTION,DASHBOARD_REPORTING",96
eod_dashboard_theme_manager_v17.py,"DASHBOARD_REPORTING,RUNTIME_OPERATIONS",185
eod_dashboard_ui_config_v17.py,DASHBOARD_REPORTING,209
eod_dashboard_user_preference_manager_v17.py,"DASHBOARD_REPORTING,RUNTIME_OPERATIONS",105
eod_dashboard_view_cache_manager_v17.py,"DASHBOARD_REPORTING,RUNTIME_OPERATIONS",106
eod_dashboard_widget_manager_v17.py,"DASHBOARD_REPORTING,RUNTIME_OPERATIONS",230
eod_data_availability_checker_v17.py,DATA_RESOLUTION,201
eod_data_bridge_connector_v17.py,DATA_RESOLUTION,97
eod_data_connection_manager_v17.py,"DATA_RESOLUTION,RUNTIME_OPERATIONS",98
eod_data_fallback_selector_v17.py,DATA_RESOLUTION,94
eod_data_flow_monitor_v17.py,"DATA_RESOLUTION,RUNTIME_OPERATIONS",86
eod_data_inventory_manager_v17.py,"DATA_RESOLUTION,RUNTIME_OPERATIONS",93
eod_data_quality_score_v17.py,"DATA_RESOLUTION,SCORING",98
eod_data_resolution_activation_check_v17.py,"DATA_RESOLUTION,MIGRATION_CHECKPOINT",1547
eod_data_resolution_activation_checkpoint_v17.py,"DATA_RESOLUTION,MIGRATION_CHECKPOINT",1042
eod_data_resolution_activation_executor_v17.py,"DATA_RESOLUTION,MIGRATION_CHECKPOINT",992
eod_data_resolution_alert_bridge_v17.py,DATA_RESOLUTION,103
eod_data_resolution_audit_tracker_v17.py,"DATA_RESOLUTION,GOVERNANCE",96
eod_data_resolution_checkpoint_v17.py,"DATA_RESOLUTION,MIGRATION_CHECKPOINT",104
eod_data_resolution_compatibility_validation_v17.py,"DATA_RESOLUTION,TRADE_VALIDATION",1416
eod_data_resolution_context_v17.py,DATA_RESOLUTION,95
eod_data_resolution_core_v17.py,DATA_RESOLUTION,1390
eod_data_resolution_dashboard_alert_v17.py,"DATA_RESOLUTION,DASHBOARD_REPORTING",108
eod_data_resolution_dashboard_bridge_v17.py,"DATA_RESOLUTION,DASHBOARD_REPORTING",111
eod_data_resolution_dashboard_checkpoint_v17.py,"DATA_RESOLUTION,DASHBOARD_REPORTING,MIGRATION_CHECKPOINT",113
eod_data_resolution_dashboard_manager_v17.py,"DATA_RESOLUTION,DASHBOARD_REPORTING,RUNTIME_OPERATIONS",116
eod_data_resolution_dashboard_status_v17.py,"DATA_RESOLUTION,DASHBOARD_REPORTING",101
eod_data_resolution_date_selector_v17.py,DATA_RESOLUTION,105
eod_data_resolution_dry_run_activation_v17.py,"DATA_RESOLUTION,MIGRATION_CHECKPOINT",1477
eod_data_resolution_execution_tracker_v17.py,DATA_RESOLUTION,113
eod_data_resolution_file_path_validator_v17.py,DATA_RESOLUTION,114
eod_data_resolution_final_alert_bridge_v17.py,DATA_RESOLUTION,108
eod_data_resolution_final_alert_control_v17.py,"DATA_RESOLUTION,RUNTIME_OPERATIONS",108
eod_data_resolution_final_audit_bridge_v17.py,"DATA_RESOLUTION,GOVERNANCE",108
eod_data_resolution_final_audit_checker_v17.py,"DATA_RESOLUTION,GOVERNANCE",107
eod_data_resolution_final_checkpoint_v17.py,"DATA_RESOLUTION,MIGRATION_CHECKPOINT",109
eod_data_resolution_final_dashboard_bridge_v17.py,"DATA_RESOLUTION,DASHBOARD_REPORTING",116
eod_data_resolution_final_dashboard_checker_v17.py,"DATA_RESOLUTION,DASHBOARD_REPORTING",115
eod_data_resolution_final_execution_control_v17.py,"DATA_RESOLUTION,RUNTIME_OPERATIONS",118
eod_data_resolution_final_fallback_checker_v17.py,DATA_RESOLUTION,113
eod_data_resolution_final_file_control_v17.py,"DATA_RESOLUTION,RUNTIME_OPERATIONS",108
eod_data_resolution_final_history_bridge_v17.py,DATA_RESOLUTION,112
eod_data_resolution_final_input_control_v17.py,"DATA_RESOLUTION,RUNTIME_OPERATIONS",110
eod_data_resolution_final_integration_checkpoint_v17.py,"DATA_RESOLUTION,MIGRATION_CHECKPOINT",120
eod_data_resolution_final_integration_manager_v17.py,"DATA_RESOLUTION,RUNTIME_OPERATIONS",117
eod_data_resolution_final_integrity_checker_v17.py,DATA_RESOLUTION,109
eod_data_resolution_final_operational_checkpoint_v17.py,"DATA_RESOLUTION,MIGRATION_CHECKPOINT",119
eod_data_resolution_final_operational_manager_v17.py,"DATA_RESOLUTION,RUNTIME_OPERATIONS",113
eod_data_resolution_final_output_control_v17.py,"DATA_RESOLUTION,RUNTIME_OPERATIONS",112
eod_data_resolution_final_path_checker_v17.py,DATA_RESOLUTION,105
eod_data_resolution_final_processing_control_v17.py,"DATA_RESOLUTION,RUNTIME_OPERATIONS",120
eod_data_resolution_final_production_alert_bridge_v17.py,DATA_RESOLUTION,117
eod_data_resolution_final_production_alert_v17.py,DATA_RESOLUTION,103
eod_data_resolution_final_production_audit_bridge_v17.py,"DATA_RESOLUTION,GOVERNANCE",117
eod_data_resolution_final_production_audit_v17.py,"DATA_RESOLUTION,GOVERNANCE",103
eod_data_resolution_final_production_checkpoint_v17.py,"DATA_RESOLUTION,MIGRATION_CHECKPOINT",118
eod_data_resolution_final_production_control_manager_v17.py,"DATA_RESOLUTION,RUNTIME_OPERATIONS",127
eod_data_resolution_final_production_dashboard_bridge_v17.py,"DATA_RESOLUTION,DASHBOARD_REPORTING",125
eod_data_resolution_final_production_data_bridge_v17.py,DATA_RESOLUTION,115
eod_data_resolution_final_production_governance_alert_bridge_v17.py,"DATA_RESOLUTION,GOVERNANCE",127
eod_data_resolution_final_production_governance_alert_v17.py,"DATA_RESOLUTION,GOVERNANCE",113
eod_data_resolution_final_production_governance_audit_bridge_v17.py,"DATA_RESOLUTION,GOVERNANCE",127
eod_data_resolution_final_production_governance_audit_v17.py,"DATA_RESOLUTION,GOVERNANCE",113
eod_data_resolution_final_production_governance_checkpoint_v17.py,"DATA_RESOLUTION,GOVERNANCE,MIGRATION_CHECKPOINT",128
eod_data_resolution_final_production_governance_dashboard_bridge_v17.py,"DATA_RESOLUTION,DASHBOARD_REPORTING,GOVERNANCE",135
eod_data_resolution_final_production_governance_data_bridge_v17.py,"DATA_RESOLUTION,GOVERNANCE",125
eod_data_resolution_final_production_governance_history_v17.py,"DATA_RESOLUTION,GOVERNANCE",119
eod_data_resolution_final_production_governance_integration_checkpoint_v17.py,"DATA_RESOLUTION,GOVERNANCE,MIGRATION_CHECKPOINT",139
eod_data_resolution_final_production_governance_integration_manager_v17.py,"DATA_RESOLUTION,RUNTIME_OPERATIONS,GOVERNANCE",147
eod_data_resolution_final_production_governance_manager_v17.py,"DATA_RESOLUTION,RUNTIME_OPERATIONS,GOVERNANCE",121
eod_data_resolution_final_production_governance_monitor_bridge_v17.py,"DATA_RESOLUTION,RUNTIME_OPERATIONS,GOVERNANCE",131
eod_data_resolution_final_production_governance_monitor_v17.py,"DATA_RESOLUTION,RUNTIME_OPERATIONS,GOVERNANCE",119
eod_data_resolution_final_production_governance_policy_v17.py,"DATA_RESOLUTION,GOVERNANCE",115
eod_data_resolution_final_production_governance_replay_bridge_v17.py,"DATA_RESOLUTION,GOVERNANCE",129
eod_data_resolution_final_production_governance_runtime_alert_v17.py,"DATA_RESOLUTION,RUNTIME_OPERATIONS,GOVERNANCE",120
eod_data_resolution_final_production_governance_runtime_audit_v17.py,"DATA_RESOLUTION,RUNTIME_OPERATIONS,GOVERNANCE",120
eod_data_resolution_final_production_governance_runtime_bridge_v17.py,"DATA_RESOLUTION,RUNTIME_OPERATIONS,GOVERNANCE",131
eod_data_resolution_final_production_governance_runtime_checkpoint_v17.py,"DATA_RESOLUTION,RUNTIME_OPERATIONS,GOVERNANCE,MIGRATION_CHECKPOINT",135
eod_data_resolution_final_production_governance_runtime_execution_v17.py,"DATA_RESOLUTION,RUNTIME_OPERATIONS,GOVERNANCE",130
eod_data_resolution_final_production_governance_runtime_history_v17.py,"DATA_RESOLUTION,RUNTIME_OPERATIONS,GOVERNANCE",126
eod_data_resolution_final_production_governance_runtime_manager_v17.py,"DATA_RESOLUTION,RUNTIME_OPERATIONS,GOVERNANCE",136
eod_data_resolution_final_production_governance_runtime_monitor_v17.py,"DATA_RESOLUTION,RUNTIME_OPERATIONS,GOVERNANCE",126
eod_data_resolution_final_production_governance_runtime_refresh_v17.py,"DATA_RESOLUTION,RUNTIME_OPERATIONS,GOVERNANCE",126
eod_data_resolution_final_production_governance_runtime_status_v17.py,"DATA_RESOLUTION,RUNTIME_OPERATIONS,GOVERNANCE",123
eod_data_resolution_final_production_governance_runtime_tracker_v17.py,"DATA_RESOLUTION,RUNTIME_OPERATIONS,GOVERNANCE",124
eod_data_resolution_final_production_governance_service_alert_bridge_v17.py,"DATA_RESOLUTION,RUNTIME_OPERATIONS,GOVERNANCE",128
eod_data_resolution_final_production_governance_service_alert_v17.py,"DATA_RESOLUTION,RUNTIME_OPERATIONS,GOVERNANCE",123
eod_data_resolution_final_production_governance_service_audit_bridge_v17.py,"DATA_RESOLUTION,RUNTIME_OPERATIONS,GOVERNANCE",128
eod_data_resolution_final_production_governance_service_audit_v17.py,"DATA_RESOLUTION,RUNTIME_OPERATIONS,GOVERNANCE",123
eod_data_resolution_final_production_governance_service_bridge_v17.py,"DATA_RESOLUTION,RUNTIME_OPERATIONS,GOVERNANCE",131
eod_data_resolution_final_production_governance_service_checkpoint_v17.py,"DATA_RESOLUTION,RUNTIME_OPERATIONS,GOVERNANCE,MIGRATION_CHECKPOINT",128
eod_data_resolution_final_production_governance_service_control_bridge_v17.py,"DATA_RESOLUTION,RUNTIME_OPERATIONS,GOVERNANCE",130
eod_data_resolution_final_production_governance_service_dashboard_bridge_v17.py,"DATA_RESOLUTION,DASHBOARD_REPORTING,RUNTIME_OPERATIONS,GOVERNANCE",132
eod_data_resolution_final_production_governance_service_data_bridge_v17.py,"DATA_RESOLUTION,RUNTIME_OPERATIONS,GOVERNANCE",127
eod_data_resolution_final_production_governance_service_execution_v17.py,"DATA_RESOLUTION,RUNTIME_OPERATIONS,GOVERNANCE",127
eod_data_resolution_final_production_governance_service_integration_checkpoint_v17.py,"DATA_RESOLUTION,RUNTIME_OPERATIONS,GOVERNANCE,MIGRATION_CHECKPOINT",138
eod_data_resolution_final_production_governance_service_integration_manager_v17.py,"DATA_RESOLUTION,RUNTIME_OPERATIONS,GOVERNANCE",135
eod_data_resolution_final_production_governance_service_manager_v17.py,"DATA_RESOLUTION,RUNTIME_OPERATIONS,GOVERNANCE",125
eod_data_resolution_final_production_governance_service_monitor_bridge_v17.py,"DATA_RESOLUTION,RUNTIME_OPERATIONS,GOVERNANCE",130
eod_data_resolution_final_production_governance_service_monitor_v17.py,"DATA_RESOLUTION,RUNTIME_OPERATIONS,GOVERNANCE",125
eod_data_resolution_final_production_governance_service_operations_alert_bridge_v17.py,"DATA_RESOLUTION,RUNTIME_OPERATIONS,GOVERNANCE",138
eod_data_resolution_final_production_governance_service_operations_alert_v17.py,"DATA_RESOLUTION,RUNTIME_OPERATIONS,GOVERNANCE",133
eod_data_resolution_final_production_governance_service_operations_audit_bridge_v17.py,"DATA_RESOLUTION,RUNTIME_OPERATIONS,GOVERNANCE",138
eod_data_resolution_final_production_governance_service_operations_audit_v17.py,"DATA_RESOLUTION,RUNTIME_OPERATIONS,GOVERNANCE",133
eod_data_resolution_final_production_governance_service_operations_checkpoint_v17.py,"DATA_RESOLUTION,RUNTIME_OPERATIONS,GOVERNANCE,MIGRATION_CHECKPOINT",138
eod_data_resolution_final_production_governance_service_operations_control_bridge_v17.py,"DATA_RESOLUTION,RUNTIME_OPERATIONS,GOVERNANCE",140
eod_data_resolution_final_production_governance_service_operations_dashboard_bridge_v17.py,"DATA_RESOLUTION,DASHBOARD_REPORTING,RUNTIME_OPERATIONS,GOVERNANCE",142
eod_data_resolution_final_production_governance_service_operations_data_bridge_v17.py,"DATA_RESOLUTION,RUNTIME_OPERATIONS,GOVERNANCE",137
eod_data_resolution_final_production_governance_service_operations_execution_v17.py,"DATA_RESOLUTION,RUNTIME_OPERATIONS,GOVERNANCE",137
eod_data_resolution_final_production_governance_service_operations_history_v17.py,"DATA_RESOLUTION,RUNTIME_OPERATIONS,GOVERNANCE",135
eod_data_resolution_final_production_governance_service_operations_integration_checkpoint_v17.py,"DATA_RESOLUTION,RUNTIME_OPERATIONS,GOVERNANCE,MIGRATION_CHECKPOINT",148
eod_data_resolution_final_production_governance_service_operations_integration_manager_v17.py,"DATA_RESOLUTION,RUNTIME_OPERATIONS,GOVERNANCE",145
eod_data_resolution_final_production_governance_service_operations_manager_v17.py,"DATA_RESOLUTION,RUNTIME_OPERATIONS,GOVERNANCE",135
eod_data_resolution_final_production_governance_service_operations_monitor_bridge_v17.py,"DATA_RESOLUTION,RUNTIME_OPERATIONS,GOVERNANCE",140
eod_data_resolution_final_production_governance_service_operations_monitor_v17.py,"DATA_RESOLUTION,RUNTIME_OPERATIONS,GOVERNANCE",135
eod_data_resolution_final_production_governance_service_operations_refresh_v17.py,"DATA_RESOLUTION,RUNTIME_OPERATIONS,GOVERNANCE",135
eod_data_resolution_final_production_governance_service_operations_replay_bridge_v17.py,"DATA_RESOLUTION,RUNTIME_OPERATIONS,GOVERNANCE",139
eod_data_resolution_final_production_governance_service_operations_runtime_bridge_v17.py,"DATA_RESOLUTION,RUNTIME_OPERATIONS,GOVERNANCE",140
eod_data_resolution_final_production_governance_service_operations_status_v17.py,"DATA_RESOLUTION,RUNTIME_OPERATIONS,GOVERNANCE",134
eod_data_resolution_final_production_governance_service_operations_tracker_v17.py,"DATA_RESOLUTION,RUNTIME_OPERATIONS,GOVERNANCE",135
eod_data_resolution_final_production_governance_service_refresh_v17.py,"DATA_RESOLUTION,RUNTIME_OPERATIONS,GOVERNANCE",125
eod_data_resolution_final_production_governance_service_replay_bridge_v17.py,"DATA_RESOLUTION,RUNTIME_OPERATIONS,GOVERNANCE",129
eod_data_resolution_final_production_governance_service_runtime_alert_v17.py,"DATA_RESOLUTION,RUNTIME_OPERATIONS,GOVERNANCE",130
eod_data_resolution_final_production_governance_service_runtime_audit_v17.py,"DATA_RESOLUTION,RUNTIME_OPERATIONS,GOVERNANCE",130
eod_data_resolution_final_production_governance_service_runtime_bridge_v17.py,"DATA_RESOLUTION,RUNTIME_OPERATIONS,GOVERNANCE",130
eod_data_resolution_final_production_governance_service_runtime_checkpoint_v17.py,"DATA_RESOLUTION,RUNTIME_OPERATIONS,GOVERNANCE,MIGRATION_CHECKPOINT",135
eod_data_resolution_final_production_governance_service_runtime_execution_v17.py,"DATA_RESOLUTION,RUNTIME_OPERATIONS,GOVERNANCE",134
eod_data_resolution_final_production_governance_service_runtime_history_v17.py,"DATA_RESOLUTION,RUNTIME_OPERATIONS,GOVERNANCE",132
eod_data_resolution_final_production_governance_service_runtime_manager_v17.py,"DATA_RESOLUTION,RUNTIME_OPERATIONS,GOVERNANCE",132
eod_data_resolution_final_production_governance_service_runtime_monitor_v17.py,"DATA_RESOLUTION,RUNTIME_OPERATIONS,GOVERNANCE",132
eod_data_resolution_final_production_governance_service_runtime_refresh_v17.py,"DATA_RESOLUTION,RUNTIME_OPERATIONS,GOVERNANCE",132
eod_data_resolution_final_production_governance_service_runtime_status_v17.py,"DATA_RESOLUTION,RUNTIME_OPERATIONS,GOVERNANCE",131
eod_data_resolution_final_production_governance_service_runtime_tracker_v17.py,"DATA_RESOLUTION,RUNTIME_OPERATIONS,GOVERNANCE",132
eod_data_resolution_final_production_governance_service_start_v17.py,"DATA_RESOLUTION,RUNTIME_OPERATIONS,GOVERNANCE",123
eod_data_resolution_final_production_governance_service_status_v17.py,"DATA_RESOLUTION,RUNTIME_OPERATIONS,GOVERNANCE",124
eod_data_resolution_final_production_governance_service_stop_v17.py,"DATA_RESOLUTION,TRADE_VALIDATION,RUNTIME_OPERATIONS,GOVERNANCE",122
eod_data_resolution_final_production_governance_status_v17.py,"DATA_RESOLUTION,GOVERNANCE",116
eod_data_resolution_final_production_governance_tracker_v17.py,"DATA_RESOLUTION,GOVERNANCE",117
eod_data_resolution_final_production_governance_validation_v17.py,"DATA_RESOLUTION,TRADE_VALIDATION,GOVERNANCE",126
eod_data_resolution_final_production_history_v17.py,DATA_RESOLUTION,109
eod_data_resolution_final_production_integration_checkpoint_v17.py,"DATA_RESOLUTION,MIGRATION_CHECKPOINT",129
eod_data_resolution_final_production_integration_manager_v17.py,"DATA_RESOLUTION,RUNTIME_OPERATIONS",137
eod_data_resolution_final_production_metrics_v17.py,DATA_RESOLUTION,109
eod_data_resolution_final_production_monitor_bridge_v17.py,"DATA_RESOLUTION,RUNTIME_OPERATIONS",121
eod_data_resolution_final_production_monitor_v17.py,"DATA_RESOLUTION,RUNTIME_OPERATIONS",109
eod_data_resolution_final_production_replay_bridge_v17.py,DATA_RESOLUTION,119
eod_data_resolution_final_production_runtime_alert_v17.py,"DATA_RESOLUTION,RUNTIME_OPERATIONS",110
eod_data_resolution_final_production_runtime_audit_v17.py,"DATA_RESOLUTION,RUNTIME_OPERATIONS,GOVERNANCE",110
eod_data_resolution_final_production_runtime_bridge_v17.py,"DATA_RESOLUTION,RUNTIME_OPERATIONS",121
eod_data_resolution_final_production_runtime_checkpoint_v17.py,"DATA_RESOLUTION,RUNTIME_OPERATIONS,MIGRATION_CHECKPOINT",125
eod_data_resolution_final_production_runtime_execution_v17.py,"DATA_RESOLUTION,RUNTIME_OPERATIONS",120
eod_data_resolution_final_production_runtime_history_v17.py,"DATA_RESOLUTION,RUNTIME_OPERATIONS",116
eod_data_resolution_final_production_runtime_manager_v17.py,"DATA_RESOLUTION,RUNTIME_OPERATIONS",123
eod_data_resolution_final_production_runtime_monitor_v17.py,"DATA_RESOLUTION,RUNTIME_OPERATIONS",116
eod_data_resolution_final_production_runtime_refresh_v17.py,"DATA_RESOLUTION,RUNTIME_OPERATIONS",116
eod_data_resolution_final_production_runtime_status_v17.py,"DATA_RESOLUTION,RUNTIME_OPERATIONS",113
eod_data_resolution_final_production_runtime_tracker_v17.py,"DATA_RESOLUTION,RUNTIME_OPERATIONS",114
eod_data_resolution_final_production_runtime_v17.py,"DATA_RESOLUTION,RUNTIME_OPERATIONS",105
eod_data_resolution_final_production_service_alert_bridge_v17.py,"DATA_RESOLUTION,RUNTIME_OPERATIONS",124
eod_data_resolution_final_production_service_alert_v17.py,"DATA_RESOLUTION,RUNTIME_OPERATIONS",110
eod_data_resolution_final_production_service_audit_bridge_v17.py,"DATA_RESOLUTION,RUNTIME_OPERATIONS,GOVERNANCE",124
eod_data_resolution_final_production_service_audit_v17.py,"DATA_RESOLUTION,RUNTIME_OPERATIONS,GOVERNANCE",110
eod_data_resolution_final_production_service_bridge_v17.py,"DATA_RESOLUTION,RUNTIME_OPERATIONS",121
eod_data_resolution_final_production_service_checkpoint_v17.py,"DATA_RESOLUTION,RUNTIME_OPERATIONS,MIGRATION_CHECKPOINT",125
eod_data_resolution_final_production_service_control_bridge_v17.py,"DATA_RESOLUTION,RUNTIME_OPERATIONS",128
eod_data_resolution_final_production_service_dashboard_bridge_v17.py,"DATA_RESOLUTION,DASHBOARD_REPORTING,RUNTIME_OPERATIONS",132
eod_data_resolution_final_production_service_data_bridge_v17.py,"DATA_RESOLUTION,RUNTIME_OPERATIONS",122
eod_data_resolution_final_production_service_execution_v17.py,"DATA_RESOLUTION,RUNTIME_OPERATIONS",120
eod_data_resolution_final_production_service_integration_checkpoint_v17.py,"DATA_RESOLUTION,RUNTIME_OPERATIONS,MIGRATION_CHECKPOINT",136
eod_data_resolution_final_production_service_integration_manager_v17.py,"DATA_RESOLUTION,RUNTIME_OPERATIONS",133
eod_data_resolution_final_production_service_manager_v17.py,"DATA_RESOLUTION,RUNTIME_OPERATIONS",123
eod_data_resolution_final_production_service_monitor_bridge_v17.py,"DATA_RESOLUTION,RUNTIME_OPERATIONS",128
eod_data_resolution_final_production_service_monitor_v17.py,"DATA_RESOLUTION,RUNTIME_OPERATIONS",116
eod_data_resolution_final_production_service_refresh_v17.py,"DATA_RESOLUTION,RUNTIME_OPERATIONS",116
eod_data_resolution_final_production_service_replay_bridge_v17.py,"DATA_RESOLUTION,RUNTIME_OPERATIONS",126
eod_data_resolution_final_production_service_runtime_bridge_v17.py,"DATA_RESOLUTION,RUNTIME_OPERATIONS",128
eod_data_resolution_final_production_service_start_v17.py,"DATA_RESOLUTION,RUNTIME_OPERATIONS",110
eod_data_resolution_final_production_service_status_v17.py,"DATA_RESOLUTION,RUNTIME_OPERATIONS",113
eod_data_resolution_final_production_service_stop_v17.py,"DATA_RESOLUTION,TRADE_VALIDATION,RUNTIME_OPERATIONS",107
eod_data_resolution_final_production_status_v17.py,DATA_RESOLUTION,106
eod_data_resolution_final_production_validation_v17.py,"DATA_RESOLUTION,TRADE_VALIDATION",116
eod_data_resolution_final_refresh_control_v17.py,"DATA_RESOLUTION,RUNTIME_OPERATIONS",114
eod_data_resolution_final_replay_bridge_v17.py,DATA_RESOLUTION,110
eod_data_resolution_final_replay_checker_v17.py,DATA_RESOLUTION,109
eod_data_resolution_final_report_checker_v17.py,"DATA_RESOLUTION,DASHBOARD_REPORTING",109
eod_data_resolution_final_runtime_alert_v17.py,"DATA_RESOLUTION,RUNTIME_OPERATIONS",100
eod_data_resolution_final_runtime_audit_v17.py,"DATA_RESOLUTION,RUNTIME_OPERATIONS,GOVERNANCE",100
eod_data_resolution_final_runtime_bridge_v17.py,"DATA_RESOLUTION,RUNTIME_OPERATIONS",112
eod_data_resolution_final_runtime_checkpoint_v17.py,"DATA_RESOLUTION,RUNTIME_OPERATIONS,MIGRATION_CHECKPOINT",115
eod_data_resolution_final_runtime_control_manager_v17.py,"DATA_RESOLUTION,RUNTIME_OPERATIONS",121
eod_data_resolution_final_runtime_execution_v17.py,"DATA_RESOLUTION,RUNTIME_OPERATIONS",110
eod_data_resolution_final_runtime_history_v17.py,"DATA_RESOLUTION,RUNTIME_OPERATIONS",106
eod_data_resolution_final_runtime_monitor_v17.py,"DATA_RESOLUTION,RUNTIME_OPERATIONS",106
eod_data_resolution_final_runtime_refresh_v17.py,"DATA_RESOLUTION,RUNTIME_OPERATIONS",106
eod_data_resolution_final_runtime_status_v17.py,"DATA_RESOLUTION,RUNTIME_OPERATIONS",103
eod_data_resolution_final_runtime_tracker_v17.py,"DATA_RESOLUTION,RUNTIME_OPERATIONS",104
eod_data_resolution_final_service_alert_bridge_v17.py,"DATA_RESOLUTION,RUNTIME_OPERATIONS",114
eod_data_resolution_final_service_alert_v17.py,"DATA_RESOLUTION,RUNTIME_OPERATIONS",100
eod_data_resolution_final_service_audit_bridge_v17.py,"DATA_RESOLUTION,RUNTIME_OPERATIONS,GOVERNANCE",114
eod_data_resolution_final_service_audit_v17.py,"DATA_RESOLUTION,RUNTIME_OPERATIONS,GOVERNANCE",100
eod_data_resolution_final_service_checkpoint_v17.py,"DATA_RESOLUTION,RUNTIME_OPERATIONS,MIGRATION_CHECKPOINT",115
eod_data_resolution_final_service_control_manager_v17.py,"DATA_RESOLUTION,RUNTIME_OPERATIONS",121
eod_data_resolution_final_service_dashboard_bridge_v17.py,"DATA_RESOLUTION,DASHBOARD_REPORTING,RUNTIME_OPERATIONS",122
eod_data_resolution_final_service_data_bridge_v17.py,"DATA_RESOLUTION,RUNTIME_OPERATIONS",112
eod_data_resolution_final_service_execution_v17.py,"DATA_RESOLUTION,RUNTIME_OPERATIONS",110
eod_data_resolution_final_service_integration_checkpoint_v17.py,"DATA_RESOLUTION,RUNTIME_OPERATIONS,MIGRATION_CHECKPOINT",126
eod_data_resolution_final_service_integration_control_manager_v17.py,"DATA_RESOLUTION,RUNTIME_OPERATIONS",136
eod_data_resolution_final_service_monitor_bridge_v17.py,"DATA_RESOLUTION,RUNTIME_OPERATIONS",118
eod_data_resolution_final_service_monitor_v17.py,"DATA_RESOLUTION,RUNTIME_OPERATIONS",106
eod_data_resolution_final_service_refresh_v17.py,"DATA_RESOLUTION,RUNTIME_OPERATIONS",106
eod_data_resolution_final_service_replay_bridge_v17.py,"DATA_RESOLUTION,RUNTIME_OPERATIONS",116
eod_data_resolution_final_service_runtime_bridge_v17.py,"DATA_RESOLUTION,RUNTIME_OPERATIONS",118
eod_data_resolution_final_service_start_v17.py,"DATA_RESOLUTION,RUNTIME_OPERATIONS",100
eod_data_resolution_final_service_status_bridge_v17.py,"DATA_RESOLUTION,RUNTIME_OPERATIONS",116
eod_data_resolution_final_service_status_v17.py,"DATA_RESOLUTION,RUNTIME_OPERATIONS",103
eod_data_resolution_final_service_stop_v17.py,"DATA_RESOLUTION,TRADE_VALIDATION,RUNTIME_OPERATIONS",97
eod_data_resolution_final_snapshot_bridge_v17.py,DATA_RESOLUTION,114
eod_data_resolution_final_snapshot_checker_v17.py,DATA_RESOLUTION,113
eod_data_resolution_final_status_bridge_v17.py,DATA_RESOLUTION,110
eod_data_resolution_final_status_control_v17.py,"DATA_RESOLUTION,RUNTIME_OPERATIONS",111
eod_data_resolution_final_validation_manager_v17.py,"DATA_RESOLUTION,TRADE_VALIDATION,RUNTIME_OPERATIONS",120
eod_data_resolution_history_manager_v17.py,"DATA_RESOLUTION,RUNTIME_OPERATIONS",102
eod_data_resolution_input_output_tracker_v17.py,DATA_RESOLUTION,118
eod_data_resolution_loader_v17.py,DATA_RESOLUTION,90
eod_data_resolution_migration_adapter_v17.py,DATA_RESOLUTION,597
eod_data_resolution_missing_data_view_v17.py,"DATA_RESOLUTION,DASHBOARD_REPORTING",110
eod_data_resolution_operational_checkpoint_v17.py,"DATA_RESOLUTION,MIGRATION_CHECKPOINT",115
eod_data_resolution_operational_history_v17.py,DATA_RESOLUTION,106
eod_data_resolution_operational_manager_v17.py,"DATA_RESOLUTION,RUNTIME_OPERATIONS",109
eod_data_resolution_processing_alert_v17.py,DATA_RESOLUTION,110
eod_data_resolution_processing_monitor_v17.py,"DATA_RESOLUTION,RUNTIME_OPERATIONS",116
eod_data_resolution_production_alert_v17.py,DATA_RESOLUTION,110
eod_data_resolution_production_checkpoint_v17.py,"DATA_RESOLUTION,MIGRATION_CHECKPOINT",114
eod_data_resolution_production_history_v17.py,DATA_RESOLUTION,116
eod_data_resolution_production_manager_v17.py,"DATA_RESOLUTION,RUNTIME_OPERATIONS",107
eod_data_resolution_production_metrics_v17.py,DATA_RESOLUTION,116
eod_data_resolution_production_monitor_v17.py,"DATA_RESOLUTION,RUNTIME_OPERATIONS",116
eod_data_resolution_production_report_v17.py,"DATA_RESOLUTION,DASHBOARD_REPORTING",113
eod_data_resolution_production_status_v17.py,DATA_RESOLUTION,113
eod_data_resolution_production_tracker_v17.py,DATA_RESOLUTION,114
eod_data_resolution_production_validation_v17.py,"DATA_RESOLUTION,TRADE_VALIDATION",123
eod_data_resolution_refresh_hook_v17.py,DATA_RESOLUTION,104
eod_data_resolution_replay_alert_v17.py,DATA_RESOLUTION,95
eod_data_resolution_replay_audit_v17.py,"DATA_RESOLUTION,GOVERNANCE",95
eod_data_resolution_replay_checkpoint_v17.py,"DATA_RESOLUTION,MIGRATION_CHECKPOINT",110
eod_data_resolution_replay_comparison_engine_v17.py,DATA_RESOLUTION,113
eod_data_resolution_replay_dashboard_view_v17.py,"DATA_RESOLUTION,DASHBOARD_REPORTING",111
eod_data_resolution_replay_date_controller_v17.py,"DATA_RESOLUTION,RUNTIME_OPERATIONS",113
eod_data_resolution_replay_history_bridge_v17.py,DATA_RESOLUTION,113
eod_data_resolution_replay_manager_v17.py,"DATA_RESOLUTION,RUNTIME_OPERATIONS",110
eod_data_resolution_replay_range_selector_v17.py,DATA_RESOLUTION,113
eod_data_resolution_replay_snapshot_loader_v17.py,DATA_RESOLUTION,113
eod_data_resolution_report_status_v17.py,"DATA_RESOLUTION,DASHBOARD_REPORTING",105
eod_data_resolution_runtime_manager_v17.py,"DATA_RESOLUTION,RUNTIME_OPERATIONS",112
eod_data_resolution_runtime_status_v17.py,"DATA_RESOLUTION,RUNTIME_OPERATIONS",107
eod_data_resolution_scope_filter_v17.py,DATA_RESOLUTION,103
eod_data_resolution_shadow_validation_v17.py,"DATA_RESOLUTION,TRADE_VALIDATION,MIGRATION_CHECKPOINT",1366
eod_data_resolution_snapshot_bridge_v17.py,DATA_RESOLUTION,109
eod_data_resolution_snapshot_view_v17.py,"DATA_RESOLUTION,DASHBOARD_REPORTING",103
eod_data_resolution_source_indicator_v17.py,DATA_RESOLUTION,113
eod_data_resolution_status_panel_v17.py,DATA_RESOLUTION,103
eod_data_resolution_switch_controller_v17.py,"DATA_RESOLUTION,RUNTIME_OPERATIONS,MIGRATION_CHECKPOINT",1001
eod_data_source_status_v17.py,DATA_RESOLUTION,95
eod_date_resolver_v17.py,DATA_RESOLUTION,995
eod_dependency_registry_v17.py,UNKNOWN,98
eod_duplicate_scan_manager_v17.py,RUNTIME_OPERATIONS,98
eod_exception_router_v17.py,UNKNOWN,96
eod_fallback_data_manager_v17.py,"DATA_RESOLUTION,RUNTIME_OPERATIONS",166
eod_file_age_tracker_v17.py,UNKNOWN,91
eod_final_integration_bridge_v17.py,UNKNOWN,100
eod_final_integration_core_v17.py,UNKNOWN,854
eod_final_runtime_orchestrator_v17.py,RUNTIME_OPERATIONS,99
eod_governance_audit_core_v17.py,GOVERNANCE,949
eod_governance_bridge_connector_v17.py,GOVERNANCE,109
eod_governance_dashboard_connector_v17.py,"DASHBOARD_REPORTING,GOVERNANCE",115
eod_health_monitor_v17.py,RUNTIME_OPERATIONS,141
eod_historical_loader_v17.py,DATA_RESOLUTION,95
eod_holiday_detector_v17.py,UNKNOWN,94
eod_intelligence_context_engine_v17.py,UNKNOWN,1019
eod_intelligence_engine_v17.py,UNKNOWN,1312
eod_intelligence_engine_v17_v2.py,UNKNOWN,2081
eod_intelligence_engine_v17_v3.py,UNKNOWN,1484
eod_intelligence_output_v17.py,UNKNOWN,609
eod_intelligence_pipeline_v17.py,UNKNOWN,636
eod_latest_data_resolver_v17.py,DATA_RESOLUTION,100
eod_manual_cleanup_workflow_v17.py,UNKNOWN,101
eod_market_calendar_handler_v17.py,UNKNOWN,94
eod_market_data_loader_v17.py,DATA_RESOLUTION,91
eod_missing_data_alert_manager_v17.py,"DATA_RESOLUTION,RUNTIME_OPERATIONS",106
eod_pattern_data_connector_v17.py,"DATA_RESOLUTION,PATTERN",95
eod_pipeline_connector_v17.py,UNKNOWN,96
eod_previous_snapshot_locator_v17.py,UNKNOWN,97
eod_probability_data_connector_v17.py,"DATA_RESOLUTION,PROBABILITY",102
eod_process_manager_v17.py,RUNTIME_OPERATIONS,147
eod_production_control_core_v17.py,RUNTIME_OPERATIONS,797
eod_refresh_manager_v17.py,RUNTIME_OPERATIONS,153
eod_refresh_scheduler_v17.py,UNKNOWN,93
eod_replay_analytics_manager_v17.py,RUNTIME_OPERATIONS,98
eod_replay_bridge_connector_v17.py,UNKNOWN,101
eod_replay_comparison_engine_v17.py,UNKNOWN,99
eod_replay_dashboard_connector_v17.py,DASHBOARD_REPORTING,110
eod_replay_dashboard_core_v17.py,DASHBOARD_REPORTING,952
eod_replay_date_selector_v17.py,UNKNOWN,97
eod_replay_execution_engine_v17.py,UNKNOWN,97
eod_replay_export_manager_v17.py,"DASHBOARD_REPORTING,RUNTIME_OPERATIONS",91
eod_replay_history_manager_v17.py,RUNTIME_OPERATIONS,92
eod_replay_manager_v17.py,RUNTIME_OPERATIONS,84
eod_replay_metrics_engine_v17.py,UNKNOWN,95
eod_replay_outcome_tracker_hook_v17.py,PROBABILITY,105
eod_replay_pattern_comparator_v17.py,PATTERN,108
eod_replay_performance_summary_v17.py,UNKNOWN,111
eod_replay_probability_comparator_v17.py,PROBABILITY,116
eod_replay_range_selector_v17.py,UNKNOWN,99
eod_replay_report_builder_v17.py,DASHBOARD_REPORTING,90
eod_replay_result_view_v17.py,DASHBOARD_REPORTING,93
eod_replay_scope_filter_v17.py,UNKNOWN,95
eod_replay_signal_comparator_v17.py,PATTERN,106
eod_replay_status_tracker_v17.py,UNKNOWN,98
eod_report_loader_v17.py,"DATA_RESOLUTION,DASHBOARD_REPORTING",83
eod_runtime_access_compliance_v17.py,"RUNTIME_OPERATIONS,GOVERNANCE",105
eod_runtime_activity_tracker_v17.py,RUNTIME_OPERATIONS,104
eod_runtime_alert_service_v17.py,RUNTIME_OPERATIONS,90
eod_runtime_alert_validation_v17.py,"TRADE_VALIDATION,RUNTIME_OPERATIONS",106
eod_runtime_audit_checkpoint_v17.py,"RUNTIME_OPERATIONS,GOVERNANCE,MIGRATION_CHECKPOINT",102
eod_runtime_audit_manager_v17.py,"RUNTIME_OPERATIONS,GOVERNANCE",89
eod_runtime_audit_report_v17.py,"DASHBOARD_REPORTING,RUNTIME_OPERATIONS,GOVERNANCE",98
eod_runtime_audit_service_v17.py,"RUNTIME_OPERATIONS,GOVERNANCE",89
eod_runtime_backup_control_v17.py,RUNTIME_OPERATIONS,92
eod_runtime_backup_recovery_v17.py,RUNTIME_OPERATIONS,103
eod_runtime_backup_validator_v17.py,RUNTIME_OPERATIONS,107
eod_runtime_bridge_manager_v17.py,RUNTIME_OPERATIONS,100
eod_runtime_change_compliance_v17.py,"RUNTIME_OPERATIONS,GOVERNANCE",105
eod_runtime_change_tracker_v17.py,RUNTIME_OPERATIONS,92
eod_runtime_command_audit_v17.py,"RUNTIME_OPERATIONS,GOVERNANCE",97
eod_runtime_command_history_v17.py,RUNTIME_OPERATIONS,103
eod_runtime_command_registry_v17.py,RUNTIME_OPERATIONS,98
eod_runtime_compliance_checkpoint_v17.py,"RUNTIME_OPERATIONS,GOVERNANCE,MIGRATION_CHECKPOINT",107
eod_runtime_compliance_manager_v17.py,"RUNTIME_OPERATIONS,GOVERNANCE",99
eod_runtime_compliance_report_v17.py,"DASHBOARD_REPORTING,RUNTIME_OPERATIONS,GOVERNANCE",97
eod_runtime_compliance_tracker_v17.py,"RUNTIME_OPERATIONS,GOVERNANCE",96
eod_runtime_config_manager_v17.py,RUNTIME_OPERATIONS,92
eod_runtime_config_validator_v17.py,RUNTIME_OPERATIONS,96
eod_runtime_configuration_audit_v17.py,"RUNTIME_OPERATIONS,GOVERNANCE",109
eod_runtime_control_actions_v17.py,RUNTIME_OPERATIONS,94
eod_runtime_control_alerts_v17.py,RUNTIME_OPERATIONS,91
eod_runtime_control_checkpoint_v17.py,"RUNTIME_OPERATIONS,MIGRATION_CHECKPOINT",104
eod_runtime_control_core_v17.py,RUNTIME_OPERATIONS,849
eod_runtime_control_history_v17.py,RUNTIME_OPERATIONS,95
eod_runtime_control_metrics_v17.py,RUNTIME_OPERATIONS,95
eod_runtime_control_monitor_v17.py,RUNTIME_OPERATIONS,95
eod_runtime_control_orchestrator_v17.py,RUNTIME_OPERATIONS,104
eod_runtime_control_panel_v17.py,RUNTIME_OPERATIONS,89
eod_runtime_control_reporting_v17.py,"DASHBOARD_REPORTING,RUNTIME_OPERATIONS",95
eod_runtime_control_validation_v17.py,"TRADE_VALIDATION,RUNTIME_OPERATIONS",102
eod_runtime_controller_v17.py,RUNTIME_OPERATIONS,87
eod_runtime_daily_control_v17.py,RUNTIME_OPERATIONS,99
eod_runtime_dashboard_validation_v17.py,"TRADE_VALIDATION,DASHBOARD_REPORTING,RUNTIME_OPERATIONS",114
eod_runtime_data_change_audit_v17.py,"DATA_RESOLUTION,RUNTIME_OPERATIONS,GOVERNANCE",99
eod_runtime_data_compliance_v17.py,"DATA_RESOLUTION,RUNTIME_OPERATIONS,GOVERNANCE",101
eod_runtime_data_flow_validation_v17.py,"DATA_RESOLUTION,TRADE_VALIDATION,RUNTIME_OPERATIONS",113
eod_runtime_data_policy_v17.py,"DATA_RESOLUTION,RUNTIME_OPERATIONS",93
eod_runtime_data_recovery_v17.py,"DATA_RESOLUTION,RUNTIME_OPERATIONS",99
eod_runtime_data_watchdog_v17.py,"DATA_RESOLUTION,RUNTIME_OPERATIONS",94
eod_runtime_dependency_checker_v17.py,RUNTIME_OPERATIONS,101
eod_runtime_deployment_manager_v17.py,RUNTIME_OPERATIONS,100
eod_runtime_deployment_orchestrator_v17.py,RUNTIME_OPERATIONS,113
eod_runtime_deployment_status_v17.py,RUNTIME_OPERATIONS,106
eod_runtime_environment_checker_v17.py,RUNTIME_OPERATIONS,101
eod_runtime_error_recovery_v17.py,RUNTIME_OPERATIONS,101
eod_runtime_event_audit_v17.py,"RUNTIME_OPERATIONS,GOVERNANCE",88
eod_runtime_event_manager_v17.py,RUNTIME_OPERATIONS,90
eod_runtime_execution_history_v17.py,RUNTIME_OPERATIONS,106
eod_runtime_failover_manager_v17.py,RUNTIME_OPERATIONS,98
eod_runtime_failure_manager_v17.py,RUNTIME_OPERATIONS,103
eod_runtime_file_watchdog_v17.py,RUNTIME_OPERATIONS,94
eod_runtime_final_checkpoint_v17.py,"RUNTIME_OPERATIONS,MIGRATION_CHECKPOINT",102
eod_runtime_final_control_manager_v17.py,RUNTIME_OPERATIONS,100
eod_runtime_final_governance_controller_v17.py,"RUNTIME_OPERATIONS,GOVERNANCE",115
eod_runtime_final_readiness_manager_v17.py,RUNTIME_OPERATIONS,111
eod_runtime_final_service_checkpoint_v17.py,"RUNTIME_OPERATIONS,MIGRATION_CHECKPOINT",109
eod_runtime_final_service_command_v17.py,RUNTIME_OPERATIONS,100
eod_runtime_final_service_health_v17.py,RUNTIME_OPERATIONS,97
eod_runtime_final_service_logger_v17.py,RUNTIME_OPERATIONS,91
eod_runtime_final_service_manager_v17.py,RUNTIME_OPERATIONS,99
eod_runtime_final_service_refresh_v17.py,RUNTIME_OPERATIONS,100
eod_runtime_final_service_restart_v17.py,RUNTIME_OPERATIONS,100
eod_runtime_final_service_start_v17.py,RUNTIME_OPERATIONS,94
eod_runtime_final_service_status_v17.py,RUNTIME_OPERATIONS,97
eod_runtime_final_service_stop_v17.py,"TRADE_VALIDATION,RUNTIME_OPERATIONS",91
eod_runtime_go_live_checker_v17.py,RUNTIME_OPERATIONS,92
eod_runtime_golive_checkpoint_v17.py,"RUNTIME_OPERATIONS,MIGRATION_CHECKPOINT",103
eod_runtime_golive_control_manager_v17.py,RUNTIME_OPERATIONS,108
eod_runtime_governance_action_manager_v17.py,"RUNTIME_OPERATIONS,GOVERNANCE",103
eod_runtime_governance_alert_manager_v17.py,"RUNTIME_OPERATIONS,GOVERNANCE",100
eod_runtime_governance_checkpoint_v17.py,"RUNTIME_OPERATIONS,GOVERNANCE,MIGRATION_CHECKPOINT",107
eod_runtime_governance_final_checkpoint_v17.py,"RUNTIME_OPERATIONS,GOVERNANCE,MIGRATION_CHECKPOINT",112
eod_runtime_governance_history_v17.py,"RUNTIME_OPERATIONS,GOVERNANCE",98
eod_runtime_governance_manager_v17.py,"RUNTIME_OPERATIONS,GOVERNANCE",100
eod_runtime_governance_metrics_v17.py,"RUNTIME_OPERATIONS,GOVERNANCE",98
eod_runtime_governance_monitor_v17.py,"RUNTIME_OPERATIONS,GOVERNANCE",98
eod_runtime_governance_report_v17.py,"DASHBOARD_REPORTING,RUNTIME_OPERATIONS,GOVERNANCE",108
eod_runtime_governance_reporting_v17.py,"DASHBOARD_REPORTING,RUNTIME_OPERATIONS,GOVERNANCE",101
eod_runtime_governance_scheduler_v17.py,"RUNTIME_OPERATIONS,GOVERNANCE",103
eod_runtime_governance_tracker_v17.py,"RUNTIME_OPERATIONS,GOVERNANCE",107
eod_runtime_governance_validation_v17.py,"TRADE_VALIDATION,RUNTIME_OPERATIONS,GOVERNANCE",105
eod_runtime_health_alert_bridge_v17.py,RUNTIME_OPERATIONS,102
eod_runtime_health_control_alerts_v17.py,RUNTIME_OPERATIONS,97
eod_runtime_health_control_checkpoint_v17.py,"RUNTIME_OPERATIONS,MIGRATION_CHECKPOINT",110
eod_runtime_health_control_history_v17.py,RUNTIME_OPERATIONS,101
eod_runtime_health_control_manager_v17.py,RUNTIME_OPERATIONS,108
eod_runtime_health_control_metrics_v17.py,RUNTIME_OPERATIONS,101
eod_runtime_health_control_monitor_v17.py,RUNTIME_OPERATIONS,101
eod_runtime_health_control_panel_v17.py,RUNTIME_OPERATIONS,95
eod_runtime_health_control_report_v17.py,"DASHBOARD_REPORTING,RUNTIME_OPERATIONS",98
eod_runtime_health_control_tracker_v17.py,RUNTIME_OPERATIONS,99
eod_runtime_health_control_validation_v17.py,"TRADE_VALIDATION,RUNTIME_OPERATIONS",108
eod_runtime_health_dashboard_bridge_v17.py,"DASHBOARD_REPORTING,RUNTIME_OPERATIONS",110
eod_runtime_health_history_bridge_v17.py,RUNTIME_OPERATIONS,106
eod_runtime_health_integration_checkpoint_v17.py,"RUNTIME_OPERATIONS,MIGRATION_CHECKPOINT",114
eod_runtime_health_integration_manager_v17.py,RUNTIME_OPERATIONS,118
eod_runtime_health_metrics_bridge_v17.py,RUNTIME_OPERATIONS,106
eod_runtime_health_monitor_bridge_v17.py,RUNTIME_OPERATIONS,106
eod_runtime_health_report_bridge_v17.py,"DASHBOARD_REPORTING,RUNTIME_OPERATIONS",104
eod_runtime_health_service_bridge_v17.py,RUNTIME_OPERATIONS,106
eod_runtime_health_service_v17.py,RUNTIME_OPERATIONS,92
eod_runtime_health_validation_bridge_v17.py,"TRADE_VALIDATION,RUNTIME_OPERATIONS",112
eod_runtime_health_validator_v17.py,RUNTIME_OPERATIONS,107
eod_runtime_incident_manager_v17.py,RUNTIME_OPERATIONS,96
eod_runtime_launcher_controller_v17.py,RUNTIME_OPERATIONS,99
eod_runtime_log_manager_v17.py,RUNTIME_OPERATIONS,84
eod_runtime_log_validator_v17.py,RUNTIME_OPERATIONS,101
eod_runtime_memory_monitor_v17.py,RUNTIME_OPERATIONS,93
eod_runtime_metrics_service_v17.py,RUNTIME_OPERATIONS,95
eod_runtime_module_loader_v17.py,"DATA_RESOLUTION,RUNTIME_OPERATIONS",90
eod_runtime_monitor_v17.py,RUNTIME_OPERATIONS,88
eod_runtime_monitoring_service_v17.py,RUNTIME_OPERATIONS,101
eod_runtime_operation_alerts_v17.py,RUNTIME_OPERATIONS,104
eod_runtime_operation_policy_v17.py,RUNTIME_OPERATIONS,103
eod_runtime_operational_checker_v17.py,RUNTIME_OPERATIONS,100
eod_runtime_operations_checkpoint_v17.py,"RUNTIME_OPERATIONS,MIGRATION_CHECKPOINT",107
eod_runtime_operations_manager_v17.py,RUNTIME_OPERATIONS,100
eod_runtime_operator_actions_v17.py,RUNTIME_OPERATIONS,105
eod_runtime_operator_console_v17.py,RUNTIME_OPERATIONS,96
eod_runtime_orchestrator_v17.py,RUNTIME_OPERATIONS,103
eod_runtime_performance_tracker_v17.py,RUNTIME_OPERATIONS,101
eod_runtime_permission_manager_v17.py,RUNTIME_OPERATIONS,101
eod_runtime_policy_checker_v17.py,RUNTIME_OPERATIONS,91
eod_runtime_port_manager_v17.py,RUNTIME_OPERATIONS,103
eod_runtime_port_validator_v17.py,RUNTIME_OPERATIONS,103
eod_runtime_process_compliance_v17.py,"RUNTIME_OPERATIONS,GOVERNANCE",107
eod_runtime_process_validator_v17.py,RUNTIME_OPERATIONS,109
eod_runtime_production_manager_v17.py,RUNTIME_OPERATIONS,100
eod_runtime_production_validation_v17.py,"TRADE_VALIDATION,RUNTIME_OPERATIONS",116
eod_runtime_readiness_checker_v17.py,RUNTIME_OPERATIONS,97
eod_runtime_recovery_log_v17.py,RUNTIME_OPERATIONS,93
eod_runtime_recovery_manager_v17.py,RUNTIME_OPERATIONS,97
eod_runtime_refresh_controller_v17.py,RUNTIME_OPERATIONS,98
eod_runtime_refresh_validation_v17.py,"TRADE_VALIDATION,RUNTIME_OPERATIONS",110
eod_runtime_release_compliance_v17.py,"RUNTIME_OPERATIONS,GOVERNANCE",107
eod_runtime_release_marker_v17.py,RUNTIME_OPERATIONS,91
eod_runtime_replay_validation_v17.py,"TRADE_VALIDATION,RUNTIME_OPERATIONS",108
eod_runtime_resilience_checkpoint_v17.py,"RUNTIME_OPERATIONS,MIGRATION_CHECKPOINT",107
eod_runtime_resilience_manager_v17.py,RUNTIME_OPERATIONS,101
eod_runtime_resource_monitor_v17.py,"DATA_RESOLUTION,RUNTIME_OPERATIONS",98
eod_runtime_resource_policy_v17.py,"DATA_RESOLUTION,RUNTIME_OPERATIONS",101
eod_runtime_restart_policy_v17.py,RUNTIME_OPERATIONS,100
eod_runtime_role_manager_v17.py,RUNTIME_OPERATIONS,89
eod_runtime_security_audit_v17.py,"RUNTIME_OPERATIONS,GOVERNANCE",99
eod_runtime_security_validator_v17.py,RUNTIME_OPERATIONS,111
eod_runtime_service_audit_v17.py,"RUNTIME_OPERATIONS,GOVERNANCE",97
eod_runtime_service_binding_v17.py,RUNTIME_OPERATIONS,92
eod_runtime_service_command_bridge_v17.py,RUNTIME_OPERATIONS,107
eod_runtime_service_command_handler_v17.py,RUNTIME_OPERATIONS,102
eod_runtime_service_dashboard_bridge_v17.py,"DASHBOARD_REPORTING,RUNTIME_OPERATIONS",111
eod_runtime_service_data_bridge_v17.py,"DATA_RESOLUTION,RUNTIME_OPERATIONS",101
eod_runtime_service_dependency_bridge_v17.py,RUNTIME_OPERATIONS,113
eod_runtime_service_health_alert_v17.py,RUNTIME_OPERATIONS,96
eod_runtime_service_health_checkpoint_v17.py,"RUNTIME_OPERATIONS,MIGRATION_CHECKPOINT",110
eod_runtime_service_health_dashboard_v17.py,"DASHBOARD_REPORTING,RUNTIME_OPERATIONS",104
eod_runtime_service_health_history_v17.py,RUNTIME_OPERATIONS,101
eod_runtime_service_health_manager_v17.py,RUNTIME_OPERATIONS,98
eod_runtime_service_health_metrics_v17.py,RUNTIME_OPERATIONS,101
eod_runtime_service_health_monitor_v17.py,RUNTIME_OPERATIONS,101
eod_runtime_service_health_report_v17.py,"DASHBOARD_REPORTING,RUNTIME_OPERATIONS",105
eod_runtime_service_health_tracker_v17.py,RUNTIME_OPERATIONS,100
eod_runtime_service_health_validator_v17.py,RUNTIME_OPERATIONS,107
eod_runtime_service_integration_checkpoint_v17.py,"RUNTIME_OPERATIONS,MIGRATION_CHECKPOINT",115
eod_runtime_service_integration_manager_v17.py,RUNTIME_OPERATIONS,112
eod_runtime_service_metrics_v17.py,RUNTIME_OPERATIONS,103
eod_runtime_service_monitor_bridge_v17.py,RUNTIME_OPERATIONS,107
eod_runtime_service_policy_v17.py,RUNTIME_OPERATIONS,99
eod_runtime_service_replay_bridge_v17.py,RUNTIME_OPERATIONS,105
eod_runtime_service_router_v17.py,RUNTIME_OPERATIONS,91
eod_runtime_service_runtime_bridge_v17.py,RUNTIME_OPERATIONS,107
eod_runtime_service_validator_v17.py,RUNTIME_OPERATIONS,109
eod_runtime_service_watchdog_v17.py,RUNTIME_OPERATIONS,100
eod_runtime_session_recovery_v17.py,RUNTIME_OPERATIONS,105
eod_runtime_stability_alert_v17.py,RUNTIME_OPERATIONS,92
eod_runtime_stability_checkpoint_v17.py,"RUNTIME_OPERATIONS,MIGRATION_CHECKPOINT",106
eod_runtime_stability_manager_v17.py,RUNTIME_OPERATIONS,101
eod_runtime_start_stop_controller_v17.py,"TRADE_VALIDATION,RUNTIME_OPERATIONS",103
eod_runtime_startup_report_v17.py,"DASHBOARD_REPORTING,RUNTIME_OPERATIONS",102
eod_runtime_state_manager_v17.py,RUNTIME_OPERATIONS,89
eod_runtime_state_recovery_v17.py,RUNTIME_OPERATIONS,101
eod_runtime_status_dashboard_v17.py,"DASHBOARD_REPORTING,RUNTIME_OPERATIONS",104
eod_runtime_status_reporter_v17.py,"DASHBOARD_REPORTING,RUNTIME_OPERATIONS",100
eod_runtime_task_executor_v17.py,RUNTIME_OPERATIONS,91
eod_runtime_tracker_v17.py,RUNTIME_OPERATIONS,155
eod_runtime_uptime_tracker_v17.py,RUNTIME_OPERATIONS,91
eod_runtime_user_acceptance_checker_v17.py,RUNTIME_OPERATIONS,108
eod_runtime_user_action_audit_v17.py,"RUNTIME_OPERATIONS,GOVERNANCE",99
eod_runtime_validation_manager_v17.py,"TRADE_VALIDATION,RUNTIME_OPERATIONS",110
eod_score_data_connector_v17.py,"DATA_RESOLUTION,SCORING",91
eod_service_bridge_connector_v17.py,RUNTIME_OPERATIONS,103
eod_service_management_core_v17.py,RUNTIME_OPERATIONS,847
eod_service_manager_v17.py,RUNTIME_OPERATIONS,455
eod_service_status_v17.py,RUNTIME_OPERATIONS,201
eod_shutdown_manager_v17.py,RUNTIME_OPERATIONS,91
eod_snapshot_priority_manager_v17.py,RUNTIME_OPERATIONS,106
eod_startup_validation_engine_v17.py,TRADE_VALIDATION,209
eod_storage_monitor_v17.py,RUNTIME_OPERATIONS,88
eod_system_status_panel_v17.py,UNKNOWN,212
eod_trade_validation_connector_v17.py,TRADE_VALIDATION,107
eod_trading_date_detector_v17.py,UNKNOWN,97
eod_v17_active_module_cross_check.py,UNKNOWN,2461
eod_v17_archive_plan_generator.py,UNKNOWN,1507
eod_v17_controlled_archive_move_tool.py,RUNTIME_OPERATIONS,1212
eod_v17_dependency_impact_analyzer.py,UNKNOWN,2452
eod_v17_file_classification_report.py,DASHBOARD_REPORTING,1830
eod_v17_final_archive_executor.py,UNKNOWN,1658
eod_validation_bridge_connector_v17.py,TRADE_VALIDATION,109
eod_view_bridge_connector_v17.py,DASHBOARD_REPORTING,97
execution_context.py,UNKNOWN,252
functional_gateway.py,UNKNOWN,837
hmme_calibration_context_v17.py,UNKNOWN,235
hmme_calibration_engine_v16.py,UNKNOWN,1084
hmme_dataset_importer.py,DATA_RESOLUTION,482
hmme_dataset_importer_1.py,DATA_RESOLUTION,482
hmme_eod_feature_builder_v17.py,UNKNOWN,1870
hmme_eod_feature_builder_v17_v2.py,UNKNOWN,2380
hmme_eod_history_builder_v17.py,UNKNOWN,1201
hmme_feature_engine_v17.py,UNKNOWN,1934
hmme_historical_data_loader.py,DATA_RESOLUTION,415
hmme_historical_data_loader_v16.py,DATA_RESOLUTION,1246
hmme_historical_replay_adapter.py,UNKNOWN,386
hmme_learning_bridge.py,UNKNOWN,404
hmme_learning_context_v17.py,UNKNOWN,225
hmme_learning_engine_v16.py,UNKNOWN,1345
hmme_learning_input_builder_v17.py,UNKNOWN,235
hmme_learning_pipeline_v17.py,UNKNOWN,233
hmme_master_dataset_builder_v17.py,DATA_RESOLUTION,1172
hmme_memory_manager_v16.py,RUNTIME_OPERATIONS,1209
hmme_ohlc_importer_v17.py,DATA_RESOLUTION,1721
hmme_outcome_calibration.py,PROBABILITY,419
hmme_pattern_memory_v17.py,PATTERN,217
hmme_probability_adapter_v16.py,PROBABILITY,892
hmme_probability_adjuster_v17.py,PROBABILITY,237
hmme_production_bridge_v16.py,UNKNOWN,487
hmme_production_runtime_adapter_v16.py,RUNTIME_OPERATIONS,527
hmme_real_replay_controller.py,RUNTIME_OPERATIONS,266
hmme_replay_dataset_builder_v16.py,DATA_RESOLUTION,1072
hmme_replay_engine.py,UNKNOWN,411
hmme_runtime.py,RUNTIME_OPERATIONS,76
hmme_runtime_executor.py,RUNTIME_OPERATIONS,226
hmme_runtime_integration_v16.py,RUNTIME_OPERATIONS,541
hmme_runtime_patch_v16.py,RUNTIME_OPERATIONS,459
hmme_service.py,RUNTIME_OPERATIONS,74
hmme_v16_master_controller.py,RUNTIME_OPERATIONS,1477
ntis_architecture_inventory.py,UNKNOWN,2260
ntis_bridge.py,UNKNOWN,76
ntis_dashboard_ports_v17.py,DASHBOARD_REPORTING,254
ntis_dashboard_service_registry_v17.py,"DASHBOARD_REPORTING,RUNTIME_OPERATIONS",220
ntis_data_bridge.py,DATA_RESOLUTION,724
ntis_portal_alert_manager_v17.py,RUNTIME_OPERATIONS,160
ntis_portal_audit_manager_v17.py,"RUNTIME_OPERATIONS,GOVERNANCE",155
ntis_portal_backup_scheduler_v17.py,UNKNOWN,170
ntis_portal_backup_validation_v17.py,TRADE_VALIDATION,108
ntis_portal_checkpoint_manager_v17.py,"RUNTIME_OPERATIONS,MIGRATION_CHECKPOINT",171
ntis_portal_closure_manager_v17.py,RUNTIME_OPERATIONS,163
ntis_portal_config_manager_v17.py,RUNTIME_OPERATIONS,219
ntis_portal_config_v17.py,UNKNOWN,193
ntis_portal_configuration_validator_v17.py,UNKNOWN,182
ntis_portal_connector_v17.py,UNKNOWN,189
ntis_portal_control_manager_v17.py,RUNTIME_OPERATIONS,188
ntis_portal_dashboard_bridge_v17.py,DASHBOARD_REPORTING,211
ntis_portal_data_integrity_checker_v17.py,DATA_RESOLUTION,186
ntis_portal_dependency_checker_v17.py,UNKNOWN,168
ntis_portal_deployment_validator_v17.py,UNKNOWN,177
ntis_portal_documentation_manager_v17.py,RUNTIME_OPERATIONS,176
ntis_portal_dynamic_config_validator_v17.py,UNKNOWN,184
ntis_portal_environment_check_v17.py,UNKNOWN,165
ntis_portal_error_recovery_v17.py,UNKNOWN,198
ntis_portal_feedback_manager_v17.py,RUNTIME_OPERATIONS,162
ntis_portal_file_monitor_v17.py,RUNTIME_OPERATIONS,219
ntis_portal_final_monitor_v17.py,RUNTIME_OPERATIONS,98
ntis_portal_final_registry_v17.py,UNKNOWN,241
ntis_portal_final_status_v17.py,UNKNOWN,149
ntis_portal_future_module_registry_v17.py,UNKNOWN,231
ntis_portal_health_check_v17.py,UNKNOWN,180
ntis_portal_input_output_validator_v17.py,UNKNOWN,196
ntis_portal_integration_health_v17.py,UNKNOWN,167
ntis_portal_launch_manager_v17.py,RUNTIME_OPERATIONS,186
ntis_portal_maintenance_manager_v17.py,RUNTIME_OPERATIONS,170
ntis_portal_module_health_v17.py,UNKNOWN,214
ntis_portal_module_launcher_v17.py,UNKNOWN,195
ntis_portal_module_registry_v17.py,UNKNOWN,272
ntis_portal_navigation_v17.py,UNKNOWN,280
ntis_portal_operation_manager_v17.py,RUNTIME_OPERATIONS,164
ntis_portal_operational_summary_v17.py,UNKNOWN,105
ntis_portal_path_validator_v17.py,UNKNOWN,189
ntis_portal_performance_monitor_v17.py,RUNTIME_OPERATIONS,171
ntis_portal_post_deployment_monitor_v17.py,RUNTIME_OPERATIONS,175
ntis_portal_quality_checker_v17.py,SCORING,157
ntis_portal_readiness_check_v17.py,UNKNOWN,156
ntis_portal_readiness_report_v17.py,DASHBOARD_REPORTING,194
ntis_portal_release_checkpoint_v17.py,MIGRATION_CHECKPOINT,112
ntis_portal_release_manager_v17.py,RUNTIME_OPERATIONS,159
ntis_portal_report_manager_v17.py,"DASHBOARD_REPORTING,RUNTIME_OPERATIONS",157
ntis_portal_runtime_v17.py,RUNTIME_OPERATIONS,173
ntis_portal_scheduler_v17.py,UNKNOWN,151
ntis_portal_security_manager_v17.py,RUNTIME_OPERATIONS,95
ntis_portal_service_manager_v17.py,RUNTIME_OPERATIONS,211
ntis_portal_service_status_v17.py,RUNTIME_OPERATIONS,215
ntis_portal_session_manager_v17.py,RUNTIME_OPERATIONS,159
ntis_portal_task_manager_v17.py,RUNTIME_OPERATIONS,207
ntis_portal_upgrade_manager_v17.py,RUNTIME_OPERATIONS,156
ntis_probability_engine_v17.py,PROBABILITY,368
ntis_probability_metrics_v17.py,PROBABILITY,434
ntis_probability_pipeline_v17.py,PROBABILITY,289
ntis_probability_reporting_pipeline_v17.py,"PROBABILITY,DASHBOARD_REPORTING",252
ntis_rank_engine_v17.py,SCORING,372
ntis_ranking_summary_v17.py,SCORING,226
ntis_signal_summary_v17.py,PATTERN,221
production_runner.py,UNKNOWN,84
production_runtime.py,RUNTIME_OPERATIONS,2095
production_runtime4.py,RUNTIME_OPERATIONS,2153
production_runtime_old.py,RUNTIME_OPERATIONS,754
production_runtime_Old2.py,RUNTIME_OPERATIONS,1228
production_runtime_old3.py,RUNTIME_OPERATIONS,1763
result_collector.py,UNKNOWN,145
swing_confidence_engine_v17.py,PROBABILITY,606
swing_decision_engine_v17.py,UNKNOWN,585
swing_intelligence_scorer_v17.py,SCORING,1168
swing_outcome_engine_v17.py,PROBABILITY,264
swing_performance_tracker_v17.py,UNKNOWN,237
swing_replay_evaluator_v17.py,UNKNOWN,315
swing_replay_manager_v17.py,RUNTIME_OPERATIONS,265
swing_replay_metrics_v17.py,UNKNOWN,274
swing_replay_summary_v17.py,UNKNOWN,225
swing_risk_reward_engine_v17.py,TRADE_VALIDATION,595
swing_setup_context_v17.py,UNKNOWN,785
swing_trade_report_v17.py,"TRADE_VALIDATION,DASHBOARD_REPORTING",542
swing_validation_engine_v17.py,TRADE_VALIDATION,503
validation_gateway.py,TRADE_VALIDATION,91
