trading_date,observation_timestamp,symbol,direction,open_price,current_price,opening_straddle_premium,approaching_level,breakout_level,distance_to_breakout,approach_progress_pct,matched_source_timestamp,matched_source_file,snapshot_lag_seconds,feature_atm_straddle_price,feature_atm_straddle_pct,feature_price_chg,feature_price_chg_pct,feature_iv_chg,feature_iv_chg_pct,feature_oi_chg,feature_oi_chg_pct,feature_pcr_chg,feature_pcr_chg_pct,feature_ce_oi_chg,feature_ce_oi_chg_pct,feature_pe_oi_chg,feature_pe_oi_chg_pct,feature_pe_minus_ce_oi_chg,feature_futures_oi,feature_futures_oi_chg,feature_futures_oi_chg_pct,feature_futures_buildup,feature_ivr,feature_ivp,feature_iv_hv10,feature_iv_hv20,feature_iv_hv30,feature_volume,feature_volume_chg_pct,outcome,first_later_100_timestamp,minutes_50_to_100
2026-08-12,2026-08-12 10:27:31.959841,ADANIENSOL,DOWN,1635.0,1580.1,82.24050000000001,1593.87975,1552.7595,27.34050000000002,66.75543071844174,2026-08-12 10:27:31.959841,D:\My-data\Share_P&L\Ichart Data\Screenshot\August26\2026-08-12\Daywise_Price_and_OI_Summary_25AUG26_Report_2026-08-12 (3).xlsx,0.0,85.8,5.42,-2.87,-2.87,7.07,7.07,0.29,0.29,0.0,0.0,5.76,5.76,4.92,4.92,-269,,,,,,,,,,,,unresolved_no_later_100,,
2026-08-12,2026-08-12 10:44:17.556980,ADANIGREEN,DOWN,1373.9,1334.0,75.97667000000001,1335.911665,1297.92333,36.07666999999992,52.51612106716455,2026-08-12 10:44:17.556980,D:\My-data\Share_P&L\Ichart Data\Screenshot\August26\2026-08-12\Daywise_Price_and_OI_Summary_25AUG26_Report_2026-08-12 (4).xlsx,0.0,73.85,5.53,-2.23,-2.23,1.23,1.23,-0.03,-0.03,-2.13,-2.13,5.18,5.18,2.62,2.62,-699,,,,,,,,,,,,unresolved_no_later_100,,
2026-08-12,2026-08-12 10:27:31.959841,BANKBARODA,UP,246.01,252.04,10.012607,251.0163035,256.022607,3.9826070000000016,60.22407550800706,2026-08-12 10:27:31.959841,D:\My-data\Share_P&L\Ichart Data\Screenshot\August26\2026-08-12\Daywise_Price_and_OI_Summary_25AUG26_Report_2026-08-12 (3).xlsx,0.0,10.47,4.15,1.92,1.92,3.35,3.35,0.04,0.04,-2.35,-2.35,-0.43,-0.43,-2.45,-2.45,-270,,,,,,,,,,,,unresolved_no_later_100,,
2026-08-12,2026-08-12 10:27:31.959841,BANKINDIA,UP,141.85,145.88,7.0925,145.39624999999998,148.9425,3.0625,56.8205851251322,2026-08-12 10:27:31.959841,D:\My-data\Share_P&L\Ichart Data\Screenshot\August26\2026-08-12\Daywise_Price_and_OI_Summary_25AUG26_Report_2026-08-12 (3).xlsx,0.0,7.19,4.93,2.7,2.7,12.99,12.99,-1.43,-1.43,-6.74,-6.74,6.37,6.37,0.24,0.24,-409,,,,,,,,,,,,unresolved_no_later_100,,
2026-08-12,2026-08-12 09:34:47.029140,BOSCHLTD,UP,45320.0,46385.0,2016.74,46328.37,47336.74,951.739999999998,52.80799706456956,2026-08-12 09:34:47.029140,D:\My-data\Share_P&L\Ichart Data\Screenshot\August26\2026-08-12\Daywise_Price_and_OI_Summary_25AUG26_Report_2026-08-12 (1).xlsx,0.0,2011.9,4.34,2.36,2.36,0.49,0.49,1.31,1.31,13.39,13.39,-0.94,-0.94,12.09,12.09,2274,,,,,,,,,,,,unresolved_no_later_100,,
2026-08-12,2026-08-12 10:27:31.959841,CANBK,UP,129.75,132.9,5.721975,132.6109875,135.471975,2.5719749999999806,55.050922102945336,2026-08-12 10:27:31.959841,D:\My-data\Share_P&L\Ichart Data\Screenshot\August26\2026-08-12\Daywise_Price_and_OI_Summary_25AUG26_Report_2026-08-12 (3).xlsx,0.0,6.18,4.65,2.27,2.27,7.72,7.72,0.12,0.12,1.37,1.37,1.81,1.81,3.16,3.16,63,,,,,,,,,,,,unresolved_no_later_100,,
2026-08-12,2026-08-12 09:34:47.029140,FORTIS,DOWN,944.85,913.8,37.794,925.953,907.056,6.7439999999999145,82.15589776154962,2026-08-12 09:34:47.029140,D:\My-data\Share_P&L\Ichart Data\Screenshot\August26\2026-08-12\Daywise_Price_and_OI_Summary_25AUG26_Report_2026-08-12 (1).xlsx,0.0,39.2,4.28,-2.62,-2.62,14.58,14.58,0.62,0.62,-4.05,-4.05,3.87,3.87,0.49,0.49,-232,,,,,,,,,,,,continued_to_100_after_50,2026-08-12 10:27:31.959841,52.74884501666667
2026-08-12,2026-08-12 09:34:47.029140,HINDALCO,UP,1064.9,1088.0,44.619310000000006,1087.209655,1109.51931,21.51931000000013,51.77130708655044,2026-08-12 09:34:47.029140,D:\My-data\Share_P&L\Ichart Data\Screenshot\August26\2026-08-12\Daywise_Price_and_OI_Summary_25AUG26_Report_2026-08-12 (1).xlsx,0.0,46.4,4.26,3.06,3.06,9.37,9.37,0.33,0.33,7.02,7.02,0.0,0.0,7.75,7.75,1175,,,,,,,,,,,,unresolved_no_later_100,,
2026-08-12,2026-08-12 10:27:31.959841,IDEA,UP,12.95,13.54,0.806785,13.3533925,13.756785,0.2167849999999997,73.12976815384519,2026-08-12 10:27:31.959841,D:\My-data\Share_P&L\Ichart Data\Screenshot\August26\2026-08-12\Daywise_Price_and_OI_Summary_25AUG26_Report_2026-08-12 (3).xlsx,0.0,0.92,6.79,5.12,5.12,-3.92,-3.92,-1.46,-1.46,5.77,5.77,0.27,0.27,7.53,7.53,678,,,,,,,,,,,,unresolved_no_later_100,,
2026-08-12,2026-08-12 10:27:31.959841,INDIANB,UP,873.5,895.4,38.7834,892.8917,912.2834,16.88340000000005,56.46745772675933,2026-08-12 10:27:31.959841,D:\My-data\Share_P&L\Ichart Data\Screenshot\August26\2026-08-12\Daywise_Price_and_OI_Summary_25AUG26_Report_2026-08-12 (3).xlsx,0.0,42.7,4.76,1.97,1.97,10.58,10.58,1.17,1.17,-8.14,-8.14,8.29,8.29,-0.55,-0.55,-627,,,,,,,,,,,,unresolved_no_later_100,,
2026-08-12,2026-08-12 09:20:02.133933,NATIONALUM,UP,398.4,414.55,24.06336,410.43168,422.46336,7.913359999999955,67.11448442777748,2026-08-12 09:20:02.133933,D:\My-data\Share_P&L\Ichart Data\Screenshot\August26\2026-08-12\Daywise_Price_and_OI_Summary_25AUG26_Report_2026-08-12.xlsx,0.0,25.05,6.04,7.01,7.01,9.76,9.76,3.83,3.83,24.19,24.19,-4.9,-4.9,18.63,18.63,2300,,,,,,,,,,,,unresolved_no_later_100,,
2026-08-12,2026-08-12 09:34:47.029140,PNB,UP,114.0,117.22,4.5144,116.2572,118.5144,1.294399999999996,71.3273081694134,2026-08-12 09:34:47.029140,D:\My-data\Share_P&L\Ichart Data\Screenshot\August26\2026-08-12\Daywise_Price_and_OI_Summary_25AUG26_Report_2026-08-12 (1).xlsx,0.0,5.06,4.31,2.84,2.84,11.09,11.09,0.42,0.42,1.18,1.18,1.29,1.29,1.34,1.34,-14,,,,,,,,,,,,continued_to_100_after_50,2026-08-12 10:27:31.959841,52.74884501666667
2026-08-12,2026-08-12 09:34:47.029140,UNIONBANK,UP,181.6,186.22,8.190159999999999,185.69508,189.79016,3.570159999999987,56.40915439991411,2026-08-12 09:34:47.029140,D:\My-data\Share_P&L\Ichart Data\Screenshot\August26\2026-08-12\Daywise_Price_and_OI_Summary_25AUG26_Report_2026-08-12 (1).xlsx,0.0,8.85,4.75,2.14,2.14,6.22,6.22,0.22,0.22,1.2,1.2,-1.33,-1.33,-0.14,-0.14,105,,,,,,,,,,,,unresolved_no_later_100,,
2026-08-12,2026-08-12 09:34:47.029140,ZYDUSLIFE,DOWN,1196.0,1160.3,50.59080000000001,1170.7046,1145.4092,14.8907999999999,70.56618990014002,2026-08-12 09:34:47.029140,D:\My-data\Share_P&L\Ichart Data\Screenshot\August26\2026-08-12\Daywise_Price_and_OI_Summary_25AUG26_Report_2026-08-12 (1).xlsx,0.0,47.0,4.04,-3.32,-3.32,-15.02,-15.02,-1.73,-1.73,-14.68,-14.68,-2.4,-2.4,-16.69,-16.69,-1232,,,,,,,,,,,,unresolved_no_later_100,,
2026-08-13,2026-08-13 10:24:25.977773,ADANIENSOL,DOWN,1618.9,1580.0,76.41208,1580.69396,1542.48792,37.51207999999997,50.90818101012312,2026-08-13 10:24:25.977773,D:\My-data\Share_P&L\Ichart Data\Screenshot\August26\2026-08-13\Daywise_Price_and_OI_Summary_25AUG26_Report_2026-08-13 (4).xlsx,0.0,84.8,5.36,-2.03,-2.03,14.51,14.51,1.13,1.13,-11.9,-11.9,16.68,16.68,2.94,2.94,-1216,,,,,,,,,,,,unresolved_no_later_100,,
2026-08-13,2026-08-13 12:30:46.431034,APLAPOLLO,UP,2009.5,2063.1,71.1363,2045.06815,2080.6363,17.53630000000021,75.34831021574064,2026-08-13 12:30:46.431034,D:\My-data\Share_P&L\Ichart Data\Screenshot\August26\2026-08-13\Daywise_Price_and_OI_Summary_25AUG26_Report_2026-08-13 (6).xlsx,0.0,74.85,3.63,2.87,2.87,2.74,2.74,3.09,3.09,7.94,7.94,-1.89,-1.89,6.67,6.67,360,,,,,,,,,,,,unresolved_no_later_100,,
2026-08-13,2026-08-13 09:18:06.016647,ASTRAL,UP,1491.0,1557.1,77.23379999999999,1529.6169,1568.2338,11.133800000000065,85.58429081567904,2026-08-13 09:18:06.016647,D:\My-data\Share_P&L\Ichart Data\Screenshot\August26\2026-08-13\Daywise_Price_and_OI_Summary_25AUG26_Report_2026-08-13 (1).xlsx,0.0,80.75,5.18,6.92,6.92,-2.2,-2.2,0.82,0.82,2.9,2.9,-0.14,-0.14,1.59,1.59,89,,,,,,,,,,,,continued_to_100_after_50,2026-08-13 12:30:46.431034,192.6735731166667
2026-08-13,2026-08-13 09:20:31.104516,BAJAJHLDNG,DOWN,11703.0,11459.0,462.2685,11471.86575,11240.7315,218.26850000000013,52.783176876642045,2026-08-13 09:20:31.104516,D:\My-data\Share_P&L\Ichart Data\Screenshot\August26\2026-08-13\Daywise_Price_and_OI_Summary_25AUG26_Report_2026-08-13 (2).xlsx,0.0,418.25,3.65,-0.56,-0.56,22.14,22.14,0.09,0.09,-0.88,-0.88,1.23,1.23,0.08,0.08,-12,,,,,,,,,,,,unresolved_no_later_100,,
2026-08-13,2026-08-13 10:24:25.977773,BRITANNIA,UP,5557.0,5690.0,176.7126,5645.3563,5733.7126,43.71259999999984,75.26345037082811,2026-08-13 10:24:25.977773,D:\My-data\Share_P&L\Ichart Data\Screenshot\August26\2026-08-13\Daywise_Price_and_OI_Summary_25AUG26_Report_2026-08-13 (4).xlsx,0.0,169.1,2.97,1.6,1.6,-3.07,-3.07,-0.93,-0.93,6.67,6.67,-7.28,-7.28,0.44,0.44,900,,,,,,,,,,,,unresolved_no_later_100,,
2026-08-13,2026-08-13 13:58:56.288968,CONCOR,UP,516.85,535.0,22.121180000000003,527.9105900000001,538.97118,3.971180000000004,82.04806434376455,2026-08-13 13:58:56.288968,D:\My-data\Share_P&L\Ichart Data\Screenshot\August26\2026-08-13\Daywise_Price_and_OI_Summary_25AUG26_Report_2026-08-13 (8).xlsx,0.0,22.9,4.28,3.78,3.78,8.16,8.16,1.65,1.65,1.82,1.82,13.72,13.72,16.88,16.88,-301,,,,,,,,,,,,unresolved_no_later_100,,
2026-08-13,2026-08-13 12:30:46.431034,FORCEMOT,DOWN,19498.0,18866.0,1113.3358,18941.3321,18384.6642,481.3358000000008,56.76634129613007,2026-08-13 12:30:46.431034,D:\My-data\Share_P&L\Ichart Data\Screenshot\August26\2026-08-13\Daywise_Price_and_OI_Summary_25AUG26_Report_2026-08-13 (6).xlsx,0.0,967.95,5.13,-2.34,-2.34,-8.87,-8.87,0.13,0.13,-15.07,-15.07,10.32,10.32,-6.92,-6.92,-1173,,,,,,,,,,,,unresolved_no_later_100,,
2026-08-13,2026-08-13 09:18:06.016647,GMRAIRPORT,DOWN,106.8,103.51,5.29728,104.15136,101.50272,2.0072800000000086,62.107345656638735,2026-08-13 09:18:06.016647,D:\My-data\Share_P&L\Ichart Data\Screenshot\August26\2026-08-13\Daywise_Price_and_OI_Summary_25AUG26_Report_2026-08-13 (1).xlsx,0.0,5.17,4.96,-1.33,-1.33,-8.37,-8.37,0.03,0.03,-2.47,-2.47,2.15,2.15,-0.9,-0.9,-204,,,,,,,,,,,,unresolved_no_later_100,,
2026-08-13,2026-08-13 13:58:56.288968,GODREJCP,UP,912.8,935.8,40.98472,933.29236,953.78472,17.98472000000004,56.11847537326107,2026-08-13 13:58:56.288968,D:\My-data\Share_P&L\Ichart Data\Screenshot\August26\2026-08-13\Daywise_Price_and_OI_Summary_25AUG26_Report_2026-08-13 (8).xlsx,0.0,37.15,3.97,2.81,2.81,-15.05,-15.05,-1.94,-1.94,6.38,6.38,-16.7,-16.7,-11.66,-11.66,4091,,,,,,,,,,,,unresolved_no_later_100,,
2026-08-13,2026-08-13 10:24:25.977773,GVT&D,DOWN,4429.0,4294.9,244.4808,4306.7596,4184.5192,110.38079999999992,54.85093307940762,2026-08-13 10:24:25.977773,D:\My-data\Share_P&L\Ichart Data\Screenshot\August26\2026-08-13\Daywise_Price_and_OI_Summary_25AUG26_Report_2026-08-13 (4).xlsx,0.0,243.9,5.68,-2.83,-2.83,1.45,1.45,2.05,2.05,-4.11,-4.11,5.87,5.87,1.97,1.97,-473,,,,,,,,,,,,unresolved_no_later_100,,
2026-08-13,2026-08-13 13:58:56.288968,HINDUNILVR,UP,2061.9,2089.6,53.40321,2088.6016050000003,2115.30321,25.703210000000126,51.86954117552075,2026-08-13 13:58:56.288968,D:\My-data\Share_P&L\Ichart Data\Screenshot\August26\2026-08-13\Daywise_Price_and_OI_Summary_25AUG26_Report_2026-08-13 (8).xlsx,0.0,53.0,2.54,1.26,1.26,-2.07,-2.07,-0.1,-0.1,0.0,0.0,-2.95,-2.95,-1.38,-1.38,930,,,,,,,,,,,,unresolved_no_later_100,,
2026-08-13,2026-08-13 12:30:46.431034,LODHA,UP,1201.4,1234.1,60.79084,1231.79542,1262.19084,28.09084000000007,53.79099877547312,2026-08-13 12:30:46.431034,D:\My-data\Share_P&L\Ichart Data\Screenshot\August26\2026-08-13\Daywise_Price_and_OI_Summary_25AUG26_Report_2026-08-13 (6).xlsx,0.0,62.65,5.08,2.71,2.71,1.38,1.38,0.9,0.9,0.0,0.0,2.48,2.48,3.54,3.54,2,,,,,,,,,,,,unresolved_no_later_100,,
2026-08-13,2026-08-13 13:58:56.288968,NYKAA,UP,322.3,331.6,13.47214,329.03607,335.77214000000004,4.172140000000013,69.0313491397804,2026-08-13 13:58:56.288968,D:\My-data\Share_P&L\Ichart Data\Screenshot\August26\2026-08-13\Daywise_Price_and_OI_Summary_25AUG26_Report_2026-08-13 (8).xlsx,0.0,13.0,3.92,1.62,1.62,-5.59,-5.59,0.23,0.23,2.44,2.44,-3.61,-3.61,-0.03,-0.03,300,,,,,,,,,,,,unresolved_no_later_100,,
2026-08-13,2026-08-13 10:24:25.977773,OBEROIRLTY,UP,1772.1,1805.2,65.03607,1804.618035,1837.13607,31.93606999999997,50.89483420508056,2026-08-13 10:24:25.977773,D:\My-data\Share_P&L\Ichart Data\Screenshot\August26\2026-08-13\Daywise_Price_and_OI_Summary_25AUG26_Report_2026-08-13 (4).xlsx,0.0,64.2,3.56,1.16,1.16,-2.01,-2.01,-0.61,-0.61,0.0,0.0,-1.5,-1.5,-0.8,-0.8,59,,,,,,,,,,,,continued_to_100_after_50,2026-08-13 12:30:46.431034,126.34088768333332
2026-08-13,2026-08-13 09:18:06.016647,PETRONET,UP,280.95,286.55,9.38373,285.641865,290.33373,3.783729999999992,59.67776140191611,2026-08-13 09:18:06.016647,D:\My-data\Share_P&L\Ichart Data\Screenshot\August26\2026-08-13\Daywise_Price_and_OI_Summary_25AUG26_Report_2026-08-13 (1).xlsx,0.0,9.55,3.34,1.99,1.99,8.84,8.84,-0.14,-0.14,-0.9,-0.9,0.13,0.13,-1.45,-1.45,-95,,,,,,,,,,,,unresolved_no_later_100,,
2026-08-13,2026-08-13 13:58:56.288968,SENSEX,UP,78185.05,78401.15,359.65123,78364.875615,78544.70123,143.55123000001186,60.08598941813469,2026-08-13 13:58:56.288968,D:\My-data\Share_P&L\Ichart Data\Screenshot\August26\2026-08-13\Daywise_Price_and_OI_Summary_25AUG26_Report_2026-08-13 (8).xlsx,0.0,179.8,0.23,0.08,0.08,-4.5,-4.5,3.03,3.03,-2.88,-2.88,18.93,18.93,15.63,15.63,-509,,,,,,,,,,,,unresolved_no_later_100,,
2026-08-13,2026-08-13 09:18:06.016647,SUPREMEIND,UP,3424.0,3504.4,148.6016,3498.3008,3572.6016,68.20159999999987,54.10439726086401,2026-08-13 09:18:06.016647,D:\My-data\Share_P&L\Ichart Data\Screenshot\August26\2026-08-13\Daywise_Price_and_OI_Summary_25AUG26_Report_2026-08-13 (1).xlsx,0.0,150.65,4.34,1.61,1.61,27.3,27.3,0.06,0.06,0.0,0.0,-0.39,-0.39,0.11,0.11,23,,,,,,,,,,,,unresolved_no_later_100,,
2026-08-13,2026-08-13 13:58:56.288968,TATACONSUM,UP,1062.1,1088.9,37.49213,1080.846065,1099.59213,10.692129999999906,71.48166828611814,2026-08-13 13:58:56.288968,D:\My-data\Share_P&L\Ichart Data\Screenshot\August26\2026-08-13\Daywise_Price_and_OI_Summary_25AUG26_Report_2026-08-13 (8).xlsx,0.0,36.3,3.33,2.61,2.61,-3.72,-3.72,0.27,0.27,8.93,8.93,-5.34,-5.34,2.78,2.78,740,,,,,,,,,,,,unresolved_no_later_100,,
2026-08-13,2026-08-13 12:30:46.431034,TIINDIA,DOWN,2855.0,2760.0,185.2895,2762.35525,2669.7105,90.28949999999986,51.27111897867931,2026-08-13 12:30:46.431034,D:\My-data\Share_P&L\Ichart Data\Screenshot\August26\2026-08-13\Daywise_Price_and_OI_Summary_25AUG26_Report_2026-08-13 (6).xlsx,0.0,184.95,6.7,-2.78,-2.78,7.5,7.5,1.54,1.54,-5.26,-5.26,12.0,12.0,5.54,5.54,-248,,,,,,,,,,,,unresolved_no_later_100,,
2026-08-13,2026-08-13 09:20:31.104516,ULTRACEMCO,DOWN,11898.0,11668.0,379.5462,11708.2269,11518.4538,149.54620000000068,60.59868337504104,2026-08-13 09:20:31.104516,D:\My-data\Share_P&L\Ichart Data\Screenshot\August26\2026-08-13\Daywise_Price_and_OI_Summary_25AUG26_Report_2026-08-13 (2).xlsx,0.0,288.2,2.47,-2.2,-2.2,12.45,12.45,2.68,2.68,2.33,2.33,2.22,2.22,4.58,4.58,-37,,,,,,,,,,,,unresolved_no_later_100,,
2026-08-13,2026-08-13 10:24:25.977773,ZYDUSLIFE,DOWN,1206.6,1178.4,49.4706,1181.8647,1157.1293999999998,21.27060000000029,57.00355362578949,2026-08-13 10:24:25.977773,D:\My-data\Share_P&L\Ichart Data\Screenshot\August26\2026-08-13\Daywise_Price_and_OI_Summary_25AUG26_Report_2026-08-13 (4).xlsx,0.0,44.75,3.8,-2.34,-2.34,-0.23,-0.23,0.47,0.47,-16.22,-16.22,3.26,3.26,-13.34,-13.34,-1265,,,,,,,,,,,,unresolved_no_later_100,,
2026-08-14,2026-08-14 12:03:35.760559,ADANIENT,UP,2967.1,3038.0,135.00304999999997,3034.601525,3102.10305,64.10304999999971,52.51733201583231,2026-08-14 12:03:35.760559,D:\My-data\Share_P&L\Ichart Data\Screenshot\August26\2026-08-14\Daywise_Price_and_OI_Summary_25AUG26_Report_2026-08-14 (6).xlsx,0.0,126.45,4.16,2.31,2.31,-8.67,-8.67,-1.47,-1.47,10.17,10.17,-7.88,-7.88,0.39,0.39,1554,,,,,,,,,,,,unresolved_no_later_100,,
2026-08-14,2026-08-14 10:16:02.948403,ADANIPORTS,UP,1656.6,1688.1,59.30628,1686.2531399999998,1715.90628,27.80628000000001,53.114105285308746,2026-08-14 10:16:02.948403,D:\My-data\Share_P&L\Ichart Data\Screenshot\August26\2026-08-14\Daywise_Price_and_OI_Summary_25AUG26_Report_2026-08-14 (5).xlsx,0.0,56.95,3.37,1.78,1.78,-2.23,-2.23,-0.29,-0.29,3.85,3.85,-3.21,-3.21,-0.42,-0.42,992,,,,,,,,,,,,unresolved_no_later_100,,
2026-08-14,2026-08-14 10:16:02.948403,APOLLOHOSP,UP,8622.0,8845.0,275.904,8759.952,8897.904,52.90400000000045,80.82521456738576,2026-08-14 10:16:02.948403,D:\My-data\Share_P&L\Ichart Data\Screenshot\August26\2026-08-14\Daywise_Price_and_OI_Summary_25AUG26_Report_2026-08-14 (5).xlsx,0.0,276.85,3.13,2.57,2.57,1.35,1.35,-4.32,-4.32,35.71,35.71,-6.36,-6.36,27.36,27.36,4600,,,,,,,,,,,,unresolved_no_later_100,,
2026-08-14,2026-08-14 12:03:35.760559,ASIANPAINT,DOWN,2760.1,2698.0,87.49517,2716.352415,2672.60483,25.395170000000235,70.97534641055033,2026-08-14 12:03:35.760559,D:\My-data\Share_P&L\Ichart Data\Screenshot\August26\2026-08-14\Daywise_Price_and_OI_Summary_25AUG26_Report_2026-08-14 (6).xlsx,0.0,83.4,3.09,-1.91,-1.91,6.18,6.18,2.1,2.1,-7.58,-7.58,9.78,9.78,1.38,1.38,-1784,,,,,,,,,,,,unresolved_no_later_100,,
2026-08-14,2026-08-14 09:20:57.594350,BAJAJHLDNG,DOWN,11703.0,11487.0,354.6009,11525.69955,11348.3991,138.60089999999946,60.91355098083508,2026-08-14 09:20:57.594350,D:\My-data\Share_P&L\Ichart Data\Screenshot\August26\2026-08-14\Daywise_Price_and_OI_Summary_25AUG26_Report_2026-08-14 (1).xlsx,0.0,384.75,3.36,-0.36,-0.36,-2.61,-2.61,-0.02,-0.02,0.93,0.93,-0.54,-0.54,0.25,0.25,9,,,,,,,,,,,,unresolved_no_later_100,,
2026-08-14,2026-08-14 12:03:35.760559,CAMS,DOWN,782.25,765.5,30.273075,767.1134625,751.976925,13.523074999999949,55.32969478653887,2026-08-14 12:03:35.760559,D:\My-data\Share_P&L\Ichart Data\Screenshot\August26\2026-08-14\Daywise_Price_and_OI_Summary_25AUG26_Report_2026-08-14 (6).xlsx,0.0,27.7,3.62,-1.15,-1.15,-3.81,-3.81,0.8,0.8,0.0,0.0,2.16,2.16,2.09,2.09,-99,,,,,,,,,,,,unresolved_no_later_100,,
2026-08-14,2026-08-14 09:33:00.551590,HINDZINC,DOWN,574.3,559.7,25.15434,561.7228299999999,549.1456599999999,10.554340000000138,58.04167392187555,2026-08-14 09:33:00.551590,D:\My-data\Share_P&L\Ichart Data\Screenshot\August26\2026-08-14\Daywise_Price_and_OI_Summary_25AUG26_Report_2026-08-14 (4).xlsx,0.0,25.3,4.52,-3.02,-3.02,-0.63,-0.63,0.19,0.19,0.0,0.0,2.36,2.36,1.12,1.12,-377,,,,,,,,,,,,unresolved_no_later_100,,
2026-08-14,2026-08-14 10:16:02.948403,IDEA,UP,13.61,14.06,0.861513,14.0407565,14.471513,0.4115129999999993,52.23368654912939,2026-08-14 10:16:02.948403,D:\My-data\Share_P&L\Ichart Data\Screenshot\August26\2026-08-14\Daywise_Price_and_OI_Summary_25AUG26_Report_2026-08-14 (5).xlsx,0.0,0.71,5.06,3.69,3.69,-11.66,-11.66,0.04,0.04,1.85,1.85,-1.0,-1.0,0.24,0.24,214,,,,,,,,,,,,unresolved_no_later_100,,
2026-08-14,2026-08-14 09:20:57.594350,JUBLFOOD,UP,493.0,513.85,34.9044,510.4522,527.9044,14.054399999999989,59.73458933544201,2026-08-14 09:20:57.594350,D:\My-data\Share_P&L\Ichart Data\Screenshot\August26\2026-08-14\Daywise_Price_and_OI_Summary_25AUG26_Report_2026-08-14 (1).xlsx,0.0,44.7,8.71,4.92,4.92,5.46,5.46,2.12,2.12,3.9,3.9,2.57,2.57,7.46,7.46,403,,,,,,,,,,,,unresolved_no_later_100,,
2026-08-14,2026-08-14 09:22:58.103407,LICI,DOWN,414.7,409.6,10.07721,409.661395,404.62279,4.977210000000014,50.60924601154452,2026-08-14 09:22:58.103407,D:\My-data\Share_P&L\Ichart Data\Screenshot\August26\2026-08-14\Daywise_Price_and_OI_Summary_25AUG26_Report_2026-08-14 (2).xlsx,0.0,9.2,2.24,-0.57,-0.57,-5.23,-5.23,-0.02,-0.02,0.0,0.0,0.0,0.0,0.16,0.16,-,,,,,,,,,,,,unresolved_no_later_100,,
2026-08-14,2026-08-14 09:20:57.594350,MAXHEALTH,DOWN,1019.0,991.5,44.0208,996.9896,974.9792,16.52080000000001,62.470468505797264,2026-08-14 09:20:57.594350,D:\My-data\Share_P&L\Ichart Data\Screenshot\August26\2026-08-14\Daywise_Price_and_OI_Summary_25AUG26_Report_2026-08-14 (1).xlsx,0.0,42.4,4.27,-2.28,-2.28,1.17,1.17,0.54,0.54,-3.23,-3.23,2.97,2.97,-1.17,-1.17,-435,,,,,,,,,,,,unresolved_no_later_100,,
2026-08-14,2026-08-14 12:03:35.760559,NBCC,DOWN,92.75,90.0,4.322150000000001,90.588925,88.42785,1.5721499999999935,63.625741818308015,2026-08-14 12:03:35.760559,D:\My-data\Share_P&L\Ichart Data\Screenshot\August26\2026-08-14\Daywise_Price_and_OI_Summary_25AUG26_Report_2026-08-14 (6).xlsx,0.0,3.98,4.42,-2.45,-2.45,-2.43,-2.43,1.17,1.17,0.0,0.0,0.31,0.31,0.0,0.0,-,,,,,,,,,,,,unresolved_no_later_100,,
2026-08-14,2026-08-14 09:22:58.103407,NHPC,UP,76.49,77.91,2.807183,77.8935915,79.29718299999999,1.3871829999999932,50.584518358796046,2026-08-14 09:22:58.103407,D:\My-data\Share_P&L\Ichart Data\Screenshot\August26\2026-08-14\Daywise_Price_and_OI_Summary_25AUG26_Report_2026-08-14 (2).xlsx,0.0,2.7,3.47,0.36,0.36,-1.18,-1.18,0.16,0.16,0.0,0.0,-0.36,-0.36,0.13,0.13,39,,,,,,,,,,,,unresolved_no_later_100,,
2026-08-14,2026-08-14 12:03:35.760559,NTPC,DOWN,344.5,339.5,8.888100000000001,340.05595,335.6119,3.888100000000009,56.25499263059596,2026-08-14 12:03:35.760559,D:\My-data\Share_P&L\Ichart Data\Screenshot\August26\2026-08-14\Daywise_Price_and_OI_Summary_25AUG26_Report_2026-08-14 (6).xlsx,0.0,9.25,2.72,-1.19,-1.19,7.83,7.83,0.14,0.14,-3.7,-3.7,2.36,2.36,-1.94,-1.94,-882,,,,,,,,,,,,unresolved_no_later_100,,
2026-08-14,2026-08-14 12:03:35.760559,PAGEIND,DOWN,37800.0,36690.0,1719.9,36940.05,36080.1,609.9000000000015,64.5386359672074,2026-08-14 12:03:35.760559,D:\My-data\Share_P&L\Ichart Data\Screenshot\August26\2026-08-14\Daywise_Price_and_OI_Summary_25AUG26_Report_2026-08-14 (6).xlsx,0.0,1482.95,4.04,0.48,0.48,-10.37,-10.37,5.24,5.24,-13.73,-13.73,69.35,69.35,45.15,45.15,-4890,,,,,,,,,,,,unresolved_no_later_100,,
2026-08-14,2026-08-14 09:20:57.594350,POWERINDIA,UP,35310.0,36290.0,1641.915,36130.9575,36951.915,661.9150000000009,59.68640276750015,2026-08-14 09:20:57.594350,D:\My-data\Share_P&L\Ichart Data\Screenshot\August26\2026-08-14\Daywise_Price_and_OI_Summary_25AUG26_Report_2026-08-14 (1).xlsx,0.0,1779.45,4.91,2.46,2.46,4.89,4.89,-0.13,-0.13,3.03,3.03,-2.72,-2.72,0.77,0.77,785,,,,,,,,,,,,unresolved_no_later_100,,
2026-08-14,2026-08-14 12:03:35.760559,RECLTD,DOWN,343.75,336.4,11.240625,338.1296875,332.509375,3.890625,65.38782318598852,2026-08-14 12:03:35.760559,D:\My-data\Share_P&L\Ichart Data\Screenshot\August26\2026-08-14\Daywise_Price_and_OI_Summary_25AUG26_Report_2026-08-14 (6).xlsx,0.0,10.8,3.21,-2.38,-2.38,3.71,3.71,0.08,0.08,-1.45,-1.45,9.31,9.31,6.97,6.97,-588,,,,,,,,,,,,unresolved_no_later_100,,
2026-08-14,2026-08-14 09:20:57.594350,SBICARD,DOWN,646.75,633.8,25.417275,634.0413625,621.332725,12.467274999999972,50.94960022268338,2026-08-14 09:20:57.594350,D:\My-data\Share_P&L\Ichart Data\Screenshot\August26\2026-08-14\Daywise_Price_and_OI_Summary_25AUG26_Report_2026-08-14 (1).xlsx,0.0,24.0,3.78,-1.71,-1.71,1.97,1.97,0.17,0.17,0.0,0.0,0.05,0.05,0.05,0.05,-2,,,,,,,,,,,,unresolved_no_later_100,,
2026-08-14,2026-08-14 09:32:24.410259,SBILIFE,DOWN,1829.9,1801.8,53.25009000000001,1803.274955,1776.64991,25.150089999999864,52.76986386314114,2026-08-14 09:32:24.410259,D:\My-data\Share_P&L\Ichart Data\Screenshot\August26\2026-08-14\Daywise_Price_and_OI_Summary_25AUG26_Report_2026-08-14 (3).xlsx,0.0,52.85,2.93,-0.96,-0.96,2.8,2.8,0.67,0.67,-3.77,-3.77,3.69,3.69,-0.22,-0.22,-260,,,,,,,,,,,,unresolved_no_later_100,,
2026-08-14,2026-08-14 12:03:35.760559,SHREECEM,DOWN,25240.0,24765.0,890.972,24794.514,24349.028,415.9720000000016,53.31256201092739,2026-08-14 12:03:35.760559,D:\My-data\Share_P&L\Ichart Data\Screenshot\August26\2026-08-14\Daywise_Price_and_OI_Summary_25AUG26_Report_2026-08-14 (6).xlsx,0.0,2630.45,10.61,-1.88,-1.88,2.1,2.1,-0.74,-0.74,-8.89,-8.89,12.47,12.47,2.93,2.93,-559,,,,,,,,,,,,unresolved_no_later_100,,
2026-08-14,2026-08-14 09:20:57.594350,SOLARINDS,DOWN,20380.0,19667.0,982.316,19888.842,19397.684,269.3159999999989,72.58356781320879,2026-08-14 09:20:57.594350,D:\My-data\Share_P&L\Ichart Data\Screenshot\August26\2026-08-14\Daywise_Price_and_OI_Summary_25AUG26_Report_2026-08-14 (1).xlsx,0.0,971.35,4.94,-3.67,-3.67,-7.25,-7.25,-2.33,-2.33,-3.06,-3.06,-1.28,-1.28,-3.73,-3.73,-346,,,,,,,,,,,,unresolved_no_later_100,,
2026-08-14,2026-08-14 12:03:35.760559,TATAPOWER,UP,382.4,389.95,11.70144,388.25072,394.10144,4.15143999999998,64.52197336396213,2026-08-14 12:03:35.760559,D:\My-data\Share_P&L\Ichart Data\Screenshot\August26\2026-08-14\Daywise_Price_and_OI_Summary_25AUG26_Report_2026-08-14 (6).xlsx,0.0,12.1,3.1,2.01,2.01,9.06,9.06,-0.1,-0.1,4.23,4.23,-4.31,-4.31,-0.25,-0.25,844,,,,,,,,,,,,unresolved_no_later_100,,
2026-08-14,2026-08-14 12:03:35.760559,TECHM,DOWN,1654.3,1621.5,57.9005,1625.34975,1596.3995,25.10050000000001,56.6489063134169,2026-08-14 12:03:35.760559,D:\My-data\Share_P&L\Ichart Data\Screenshot\August26\2026-08-14\Daywise_Price_and_OI_Summary_25AUG26_Report_2026-08-14 (6).xlsx,0.0,55.0,3.39,-1.62,-1.62,4.18,4.18,0.45,0.45,-2.08,-2.08,3.49,3.49,0.63,0.63,-389,,,,,,,,,,,,unresolved_no_later_100,,
2026-08-14,2026-08-14 09:17:07.288828,TMPV,UP,329.0,336.9,14.9366,336.4683,343.9366,7.036600000000021,52.89021597954003,2026-08-14 09:17:07.288828,D:\My-data\Share_P&L\Ichart Data\Screenshot\August26\2026-08-14\Daywise_Price_and_OI_Summary_25AUG26_Report_2026-08-14.xlsx,0.0,15.3,4.54,-4.0,-4.0,-,-,0.93,0.93,0.0,0.0,0.7,0.7,0.71,0.71,-70,,,,,,,,,,,,unresolved_no_later_100,,
2026-08-14,2026-08-14 09:17:07.288828,TRENT,UP,2925.0,3005.0,119.92499999999998,2984.9625,3044.925,39.92500000000018,66.70835939128624,2026-08-14 09:17:07.288828,D:\My-data\Share_P&L\Ichart Data\Screenshot\August26\2026-08-14\Daywise_Price_and_OI_Summary_25AUG26_Report_2026-08-14.xlsx,0.0,123.35,4.1,-0.08,-0.08,-,-,0.15,0.15,0.0,0.0,0.11,0.11,0.18,0.18,-14,,,,,,,,,,,,unresolved_no_later_100,,
2026-08-14,2026-08-14 12:03:35.760559,UNITDSPR,UP,1518.7,1544.6,46.16848,1541.78424,1564.86848,20.26848000000018,56.09887958191359,2026-08-14 12:03:35.760559,D:\My-data\Share_P&L\Ichart Data\Screenshot\August26\2026-08-14\Daywise_Price_and_OI_Summary_25AUG26_Report_2026-08-14 (6).xlsx,0.0,45.05,2.92,1.29,1.29,-0.71,-0.71,0.4,0.4,-1.32,-1.32,0.45,0.45,-1.37,-1.37,-86,,,,,,,,,,,,unresolved_no_later_100,,
