Symbol,CMP,ATM Straddle %,Price Chg,Price Chg %,IV Chg,IV Chg %,OI Chg,OI Chg %,PCR Chg,PCR Chg %,Tot CE OI Chg,Tot CE OI Chg %,Tot PE OI Chg,Tot PE OI Chg %,Tot PE-CE OI Chg,Price,Price chg,Price chg (%),OI,OI chg,OI chg (%),OI Chg (Value),Volume,Volume Chg (%),Price Chg (%),Total OI,Total OI Chg,Total OI Chg (%),PCR,IV,IV Chg (%),IV Range (1Yr),HV (10/20/30 Days),IVR,IVP,IV/HV10 %,IV/HV20 %,IV/HV30 %,Resistance Strike,Resistance Call OI,Resistance Call OI Chg,Resistance Distance %,Near Resistance,Support Strike,Support Put OI,Support Put OI Chg,Support Distance %,Near Support
360ONE,1116.7,4.74,34.2,3.16,-9.72,-22.26,-286.0,-2.65,0.14,18.67,-688,-11.4,233,5.15,921,1116.7,34.2,3.16,5245000.0,-143000.0,-2.65,-15.97 Cr,3338500.0,36.46,3.16,5245000,-143000,-2.65,0.89,33.95,-22.26,12.77 - 60.46,47.38 / 39.20 / 37.48,44.41,74.49,-28.35,-13.39,-9.42,1120.0,899.0,229.0,0.3,YES,,,,,
ABB,7540.0,4.33,-161.0,-2.09,-5.18,-14.17,-466.0,-2.37,-0.15,-15.15,767,4.96,-1661,-10.89,-2428,7540.0,-161.0,-2.09,2398500.0,-58250.0,-2.37,-43.92 Cr,543375.0,-85.27,-2.09,2398500,-58250,-2.37,0.84,31.37,-14.17,12.82 - 55.54,55.42 / 44.02 / 40.00,43.42,70.04,-43.4,-28.74,-21.58,,,,,,,,,,
ABCAPITAL,402.7,4.07,2.55,0.64,-2.88,-9.18,-129.0,-1.04,-0.02,-2.99,11,0.24,-69,-2.28,-80,402.7,2.55,0.64,37882000.0,-399900.0,-1.04,-16.10 Cr,4225300.0,62.65,0.64,37882000,-399900,-1.04,0.65,28.48,-9.18,17.61 - 49.88,46.33 / 42.23 / 46.39,33.68,36.03,-38.53,-32.56,-38.61,,,,,,,,,,
ADANIENSOL,1724.8,5.95,28.2,1.66,-5.89,-12.05,767.0,2.72,0.05,10.87,858,9.01,955,21.8,97,1724.8,28.2,1.66,19577700.0,517725.0,2.72,89.30 Cr,3590325.0,25.39,1.66,19577700,517725,2.72,0.51,42.98,-12.05,15.92 - 70.07,34.02 / 33.07 / 37.17,49.97,70.04,26.34,29.97,15.63,,,,,,,,,,
ADANIENT,3166.6,4.51,3.4,0.11,-1.72,-5.01,-975.0,-1.78,-0.01,-1.61,1,0,-353,-2.27,-354,3166.6,3.4,0.11,16650774.0,-301275.0,-1.78,-95.40 Cr,1420164.0,20.06,0.11,16650774,-301275,-1.78,0.61,32.58,-5.01,13.70 - 64.83,30.15 / 37.65 / 34.61,36.93,54.66,8.06,-13.47,-5.87,3200.0,6069.0,137.0,1.05,NO,3100.0,1970.0,-89.0,2.1,NO
ADANIGREEN,1517.4,7.09,-31.9,-2.06,1.26,2.52,1553.0,4.19,-0.03,-4.35,1192,10.14,507,6.26,-685,1517.4,-31.9,-2.06,23176200.0,931800.0,4.19,141.39 Cr,4243800.0,75.2,-2.06,23176200,931800,4.19,0.66,51.28,2.52,15.79 - 97.29,42.79 / 38.15 / 46.07,43.55,91.5,19.84,34.42,11.31,,,,,,1500.0,1472.0,46.0,1.15,NO
ADANIPORTS,1839.8,3.38,8.8,0.48,-1.52,-5.87,-1831.0,-4.6,0.04,6.78,-265,-1.8,283,3.23,548,1839.8,8.8,0.48,18028625.0,-869725.0,-4.6,-160.01 Cr,1979325.0,-4.43,0.48,18028625,-869725,-4.6,0.63,24.37,-5.87,12.26 - 48.61,22.44 / 26.10 / 24.73,33.31,47.77,8.6,-6.63,-1.46,,,,,,,,,,
ADANIPOWER,214.61,6.56,-2.5,-1.15,-6.07,-11.36,271.0,0.65,0.05,8.93,-1351,-6.65,146,1.27,1497,214.61,-2.5,-1.15,148961550.0,962050.0,0.65,20.65 Cr,19553400.0,-13.0,-1.15,148961550,962050,0.65,0.61,47.35,-11.36,22.32 - 78.01,40.68 / 30.82 / 36.92,44.95,47.95,16.4,53.63,28.25,220.0,4119.0,593.0,2.51,NO,,,,,
ALKEM,5565.0,3.43,-163.0,-2.85,-0.75,-2.96,-136.0,-1.09,-0.04,-10.53,923,25.83,180,13.3,-743,5565.0,-163.0,-2.85,1547250.0,-17000.0,-1.09,-9.46 Cr,150125.0,61.86,-2.85,1547250,-17000,-1.09,0.34,24.6,-2.96,13.41 - 40.78,25.36 / 22.72 / 20.25,40.88,58.7,-3,8.27,21.48,,,,,,5500.0,274.0,33.0,1.17,NO
AMBER,7792.0,5.03,-247.0,-3.07,-,-,557.0,4.65,-0.12,-12.5,1327,12.77,-124,-1.24,-1451,7792.0,-247.0,-3.07,1253000.0,55700.0,4.65,43.40 Cr,282500.0,-58.28,-3.07,1253000,55700,4.65,0.84,36.3,0,20.46 - 64.03,35.71 / 33.37 / 36.50,36.36,58.3,1.65,8.78,-0.55,8000.0,2907.0,712.0,2.67,NO,,,,,
AMBUJACEM,438.55,3.84,4.1,0.94,0.95,3.58,-1443.0,-2.13,-0.01,-2,-26,-0.2,-92,-1.44,-66,438.55,4.1,0.94,79566000.0,-1731600.0,-2.13,-75.94 Cr,6087600.0,121.34,0.94,79566000,-1731600,-2.13,0.49,27.5,3.58,15.18 - 45.11,31.23 / 34.82 / 33.89,41.16,65.99,-11.94,-21.02,-18.86,450.0,1617.0,66.0,2.61,NO,,,,,
ANGELONE,327.7,5.23,-6.2,-1.86,-2.22,-5.6,1024.0,10.74,-0.05,-10.64,1057,8.43,-151,-2.57,-1208,327.7,-6.2,-1.86,26397500.0,2560000.0,10.74,83.89 Cr,10135000.0,-61.35,-1.86,26397500,2560000,10.74,0.42,37.43,-5.6,19.10 - 57.96,42.77 / 39.62 / 43.85,47.17,44.94,-12.49,-5.53,-14.64,,,,,,,,,,
APLAPOLLO,1797.1,3.78,-0.1,-0.01,-2.37,-8.01,-128.0,-0.77,0.29,47.54,-177,-3.77,1186,41.21,1363,1797.1,-0.1,-0.01,5740000.0,-44800.0,-0.77,-8.05 Cr,232050.0,-18.65,-0.01,5740000,-44800,-0.77,0.9,27.21,-8.01,8.20 - 40.75,26.34 / 20.68 / 22.31,58.4,65.59,3.3,31.58,21.96,1800.0,792.0,0.0,0.16,YES,,,,,
APOLLOHOSP,8838.5,2.55,-77.5,-0.87,-0.45,-2.39,-765.0,-4.52,-0.07,-7.87,482,5.18,-295,-3.56,-777,8838.5,-77.5,-0.87,2018375.0,-95625.0,-4.52,-84.52 Cr,247625.0,93.65,-0.87,2018375,-95625,-4.52,0.82,18.35,-2.39,9.79 - 47.61,14.83 / 16.08 / 15.57,22.63,44.53,23.74,14.12,17.85,9000.0,2460.0,38.0,1.83,NO,8700.0,879.0,219.0,1.57,NO
ASHOKLEY,155.61,4.87,0.22,0.14,-1.52,-4.14,156.0,0.54,0.01,1.49,-434,-2.42,-115,-0.96,319,155.61,0.22,0.14,145665000.0,780000.0,0.54,12.14 Cr,8965000.0,-9.85,0.14,145665000,780000,0.54,0.68,35.18,-4.14,14.12 - 47.87,37.70 / 40.85 / 52.34,62.4,73.68,-6.68,-13.88,-32.79,,,,,,,,,,
ASIANPAINT,2689.4,2.88,7.9,0.29,-1.05,-4.84,-574.0,-2.01,0.05,5.81,166,1.08,926,6.97,760,2689.4,7.9,0.29,6992750.0,-143500.0,-2.01,-38.59 Cr,566000.0,89.61,0.29,6992750,-143500,-2.01,0.91,20.65,-4.84,8.53 - 37.24,19.41 / 22.75 / 22.00,42.22,51.01,6.39,-9.23,-6.14,,,,,,,,,,
ASTRAL,1365.2,4.02,-12.1,-0.88,-0.17,-0.58,804.0,4.81,-0.06,-8.7,233,2.8,-280,-4.91,-513,1365.2,-12.1,-0.88,7447275.0,341700.0,4.81,46.65 Cr,894625.0,-38.9,-0.88,7447275,341700,4.81,0.63,29.05,-0.58,13.79 - 52.12,26.36 / 44.96 / 39.77,39.81,66.8,10.2,-35.39,-26.95,,,,,,,,,,
AUBANK,1029.8,4.56,-6.9,-0.67,-0.68,-2.02,146.0,0.68,0.02,3.03,40,0.61,166,3.84,126,1029.8,-6.9,-0.67,21767000.0,146000.0,0.68,15.04 Cr,2815000.0,111.5,-0.67,21767000,146000,0.68,0.68,32.92,-2.02,16.29 - 74.08,27.73 / 31.93 / 34.60,28.78,84.62,18.72,3.1,-4.86,,,,,,,,,,
AUROPHARMA,1533.4,3.63,-18.4,-1.19,-2.35,-8.26,169.0,0.82,-0.03,-5.66,308,3.91,-85,-2.03,-393,1533.4,-18.4,-1.19,11492800.0,92950.0,0.82,14.25 Cr,1027950.0,57.46,-1.19,11492800,92950,0.82,0.5,26.11,-8.26,16.22 - 48.20,20.62 / 33.44 / 32.97,30.93,43.32,26.62,-21.92,-20.81,,,,,,,,,,
AXISBANK,1332.1,4.65,21.9,1.67,2.8,9.1,-115.0,-0.11,0.11,17.74,743,2.1,4597,21.11,3854,1332.1,21.9,1.67,63648750.0,-71875.0,-0.11,-9.57 Cr,14730625.0,156.58,1.67,63648750,-71875,-0.11,0.73,33.56,9.1,12.00 - 40.40,23.24 / 21.57 / 23.40,75.92,95.55,44.41,55.59,43.42,,,,,,1300.0,5744.0,1936.0,2.41,NO
BAJAJ-AUTO,10485.5,3.91,109.5,1.06,-0.83,-2.86,-855.0,-2.32,0.01,1.33,273,1.48,424,3.07,151,10485.5,109.5,1.06,2696625.0,-64125.0,-2.32,-67.24 Cr,387150.0,8.9,1.06,2696625,-64125,-2.32,0.76,28.21,-2.86,13.51 - 35.33,25.31 / 27.65 / 23.80,67.37,89.07,11.46,2.03,18.53,10500.0,2672.0,389.0,0.14,YES,,,,,
BAJAJFINSV,1858.3,2.95,18.8,1.02,-0.55,-2.51,34.0,0.1,0,0,-549,-2.3,-279,-1.99,270,1858.3,18.8,1.02,10743000.0,10200.0,0.1,1.90 Cr,935400.0,-40.25,1.02,10743000,10200,0.1,0.59,21.32,-2.51,12.73 - 35.42,26.15 / 26.58 / 29.77,37.86,53.44,-18.47,-19.79,-28.38,1900.0,3481.0,-226.0,2.24,NO,,,,,
BAJAJHLDNG,10428.0,4.28,-24.0,-0.23,2.59,9.22,32.0,0.78,-0.01,-1.92,-14,-0.91,-29,-3.6,-15,10428.0,-24.0,-0.23,308625.0,2400.0,0.78,2.50 Cr,41925.0,75.79,-0.23,308625,2400,0.78,0.51,30.69,9.22,21.22 - 54.65,35.98 / 32.02 / 36.11,28.33,50.75,-14.7,-4.15,-15.01,,,,,,,,,,
BAJFINANCE,1056.1,3.51,17.4,1.68,-0.34,-1.33,-2839.0,-3.22,0.02,2.3,506,2.53,1024,5.92,518,1056.1,17.4,1.68,64088250.0,-2129250.0,-3.22,-224.87 Cr,8466750.0,43.72,1.68,64088250,-2129250,-3.22,0.89,25.29,-1.33,16.72 - 42.85,31.33 / 27.35 / 32.62,32.8,51.42,-19.28,-7.53,-22.47,,,,,,,,,,
BANDHANBNK,213.27,6.41,-1.13,-0.53,0.61,1.33,-291.0,-1.13,-0.06,-8.22,598,5.83,-227,-3.02,-825,213.27,-1.13,-0.53,91476000.0,-1047600.0,-1.13,-22.34 Cr,11642400.0,-11.59,-0.53,91476000,-1047600,-1.13,0.67,46.35,1.33,12.67 - 79.07,58.50 / 50.09 / 50.93,50.72,93.52,-20.77,-7.47,-8.99,,,,,,,,,,
BANKBARODA,247.4,4.94,-1.25,-0.5,0.01,0.03,-673.0,-1.64,0,0,233,0.95,175,1,-58,247.4,-1.25,-0.5,117763425.0,-1968525.0,-1.64,-48.70 Cr,10661625.0,67.43,-0.5,117763425,-1968525,-1.64,0.72,34.78,0.03,13.00 - 46.94,30.61 / 33.86 / 39.53,64.17,88.66,13.62,2.72,-12.02,255.0,2579.0,61.0,3.07,NO,,,,,
BANKEX,65723.75,2.36,224.65,0.34,0.14,0.88,0.0,0,0.12,9.92,-46,-5.53,36,3.56,82,65723.75,,,,,,,,,0.34,90,0,0,1.33,16.13,0.88,6.35 - 47.51,21.28 / 18.65 / 20.06,23.76,67.21,-24.2,-13.51,-19.59,,,,,,,,,,
BANKINDIA,143.66,5.02,-0.26,-0.18,-1.22,-3.26,-156.0,-0.83,0.02,2.6,5,0.07,128,2.22,123,143.66,-0.26,-0.18,96584800.0,-811200.0,-0.83,-11.65 Cr,6084000.0,-7.22,-0.18,96584800,-811200,-0.83,0.79,36.21,-3.26,14.29 - 59.98,56.92 / 42.22 / 42.77,47.98,72.87,-36.38,-14.23,-15.34,,,,,,,,,,
BANKNIFTY,58533.8,2.09,742.8,1.29,-0.2,-1.31,-641.0,-0.95,0.22,27.85,-35783,-6.47,84675,19.27,120458,58533.8,742.8,1.29,2006670.0,-19230.0,-0.95,-112.56 Cr,1078110.0,166.79,1.29,2006670,-19230,-0.95,1.01,15.07,-1.31,6.65 - 38.76,23.53 / 19.66 / 20.50,26.22,67.21,-35.95,-23.35,-26.49,59000.0,71677.0,-7054.0,0.8,NO,58000.0,45326.0,13098.0,0.91,NO
BDL,1253.2,5.02,-6.4,-0.51,-3,-7.66,-44.0,-0.25,0,0,146,0.81,-15,-0.2,-161,1253.2,-6.4,-0.51,7338050.0,-18700.0,-0.25,-2.34 Cr,618375.0,-16.81,-0.51,7338050,-18700,-0.25,0.42,36.14,-7.66,17.11 - 53.54,33.67 / 39.36 / 42.65,52.24,54.66,7.34,-8.18,-15.26,,,,,,,,,,
BEL,409.25,4.25,1.7,0.42,-0.91,-2.89,-2427.0,-3.58,0.02,3.45,-1181,-3.22,29,0.14,1210,409.25,1.7,0.42,93223500.0,-3458475.0,-3.58,-141.54 Cr,6767325.0,72.5,0.42,93223500,-3458475,-3.58,0.6,30.54,-2.89,15.33 - 49.55,28.17 / 25.96 / 26.54,44.45,74.9,8.41,17.64,15.07,,,,,,,,,,
BHARATFORG,2197.5,3.92,84.0,3.97,-2.35,-7.68,-442.0,-2.68,0.17,27.42,-553,-10.79,435,13.64,988,2197.5,84.0,3.97,8029500.0,-221000.0,-2.68,-48.56 Cr,2415000.0,185.97,3.97,8029500,-221000,-2.68,0.79,28.25,-7.68,16.12 - 46.76,31.48 / 31.00 / 30.40,39.59,50.2,-10.26,-8.87,-7.07,2200.0,585.0,-87.0,0.11,YES,,,,,
BHARTIARTL,1891.1,2.33,-13.5,-0.71,-0.68,-3.93,2136.0,3.16,-0.04,-8.51,3448,8.2,-184,-0.93,-3632,1891.1,-13.5,-0.71,33104175.0,1014600.0,3.16,191.87 Cr,3548725.0,140.69,-0.71,33104175,1014600,3.16,0.43,16.62,-3.93,8.38 - 28.10,25.16 / 23.50 / 22.61,41.78,44.53,-33.94,-29.28,-26.49,1940.0,8395.0,927.0,2.59,NO,,,,,
BHEL,423.0,4.94,-11.85,-2.73,-11.3,-24.07,-2714.0,-7.93,-0.11,-14.1,1778,8.11,-1191,-6.99,-2969,423.0,-11.85,-2.73,82747875.0,-7124250.0,-7.93,-301.36 Cr,42708750.0,-55.2,-2.73,82747875,-7124250,-7.93,0.67,35.64,-24.07,19.15 - 54.97,51.80 / 49.04 / 47.61,46.04,68.83,-31.2,-27.32,-25.14,,,,,,,,,,
BIOCON,437.55,3.71,-5.1,-1.15,-1.22,-4.3,-1430.0,-6.58,-0.06,-6.52,356,2.8,-513,-4.38,-869,437.55,-5.1,-1.15,50750000.0,-3575000.0,-6.58,-156.42 Cr,11315000.0,19.14,-1.15,50750000,-3575000,-6.58,0.86,27.12,-4.3,15.94 - 43.30,59.05 / 42.31 / 35.67,40.86,46.96,-54.07,-35.9,-23.97,450.0,2181.0,422.0,2.85,NO,,,,,
BLUESTARCO,1678.8,3.81,-49.8,-2.88,-1.52,-5.25,57.0,0.64,0.02,3.51,-426,-5.32,-89,-1.94,337,1678.8,-49.8,-2.88,2933125.0,18525.0,0.64,3.11 Cr,374075.0,22.71,-2.88,2933125,18525,0.64,0.59,27.41,-5.25,13.03 - 50.57,40.08 / 32.00 / 33.78,38.31,32.79,-31.61,-14.34,-18.86,,,,,,,,,,
BOSCHLTD,40900.0,3.37,-320.0,-0.78,-2.64,-9.81,-67.0,-0.76,-0.01,-1.72,11,0.16,-72,-1.8,-83,40900.0,-320.0,-0.78,219400.0,-1675.0,-0.76,-6.85 Cr,13700.0,-7.12,-0.78,219400,-1675,-0.76,0.57,24.27,-9.81,10.01 - 46.12,14.32 / 17.98 / 24.69,39.49,38.06,69.48,34.98,-1.7,,,,,,,,,,
BPCL,315.6,4.33,2.9,0.93,-0.66,-2.07,-424.0,-2.02,0.05,6.67,-156,-1.45,449,5.55,605,315.6,2.9,0.93,40675125.0,-837400.0,-2.02,-26.43 Cr,3438475.0,-47.53,0.93,40675125,-837400,-2.02,0.8,31.29,-2.07,15.82 - 56.01,29.42 / 32.42 / 37.07,38.49,71.26,6.36,-3.49,-15.59,320.0,1941.0,-206.0,1.39,NO,,,,,
BRITANNIA,5420.0,2.92,95.0,1.78,0.36,1.74,-136.0,-0.76,0,0,-55,-0.98,-23,-0.47,32,5420.0,95.0,1.78,2233500.0,-17000.0,-0.76,-9.21 Cr,232125.0,125.09,1.78,2233500,-17000,-0.76,0.87,21.05,1.74,12.58 - 32.26,23.91 / 24.90 / 21.69,43.04,56.68,-11.96,-15.46,-2.95,,,,,,,,,,
BSE,3594.4,5.14,-94.1,-2.55,-2.33,-5.92,1733.0,4.24,-0.04,-7.27,4539,12.47,710,3.52,-3829,3594.4,-94.1,-2.55,8523400.0,346600.0,4.24,124.58 Cr,1864600.0,12.5,-2.55,8523400,346600,4.24,0.51,37.02,-5.92,19.55 - 61.04,31.21 / 28.10 / 35.93,42.11,39.68,18.62,31.74,3.03,,,,,,3500.0,3273.0,363.0,2.63,NO
CAMS,751.7,4.11,-2.4,-0.32,-0.99,-3.23,-17.0,-0.19,0,0,199,3.12,118,3.77,-81,751.7,-2.4,-0.32,7348275.0,-14025.0,-0.19,-1.05 Cr,1598025.0,92.16,-0.32,7348275,-14025,-0.19,0.49,29.67,-3.23,17.15 - 80.12,38.99 / 29.38 / 37.91,19.88,55.87,-23.9,0.99,-21.74,,,,,,,,,,
CANBK,125.45,5.02,-0.94,-0.74,-0.36,-0.98,125.0,0.25,0.01,1.28,-183,-1.1,41,0.32,224,125.45,-0.94,-0.74,343548000.0,843750.0,0.25,10.58 Cr,20614500.0,11.62,-0.74,343548000,843750,0.25,0.79,36.24,-0.98,15.88 - 49.71,39.86 / 32.92 / 35.99,60.18,86.23,-9.08,10.09,0.69,,,,,,125.0,1386.0,-3.0,0.36,YES
CDSL,1420.4,4.62,21.0,1.5,-1.46,-4.2,472.0,2.54,0.03,5.17,-845,-4.89,-75,-0.74,770,1420.4,21.0,1.5,9054925.0,224200.0,2.54,31.85 Cr,2337950.0,37.18,1.5,9054925,224200,2.54,0.61,33.32,-4.2,18.00 - 52.52,51.34 / 39.84 / 40.28,44.38,72.87,-35.1,-16.37,-17.28,,,,,,1400.0,1310.0,-111.0,1.44,NO
CGPOWER,904.9,5.78,-19.95,-2.16,0.03,0.07,40.0,0.16,-0.04,-6.15,983,8.59,88,1.18,-895,904.9,-19.95,-2.16,20944850.0,34000.0,0.16,3.08 Cr,2974150.0,-44.41,-2.16,20944850,34000,0.16,0.61,41.75,0.07,16.26 - 48.00,31.94 / 44.72 / 41.15,80.31,95.95,30.71,-6.64,1.46,,,,,,900.0,1013.0,74.0,0.54,NO
CHOLAFIN,1809.1,4.37,14.1,0.79,-1.78,-5.34,24.0,0.1,-0.02,-2.63,281,4.81,140,3.17,-141,1809.1,14.1,0.79,14363125.0,15000.0,0.1,2.71 Cr,702500.0,-5.39,0.79,14363125,15000,0.1,0.74,31.55,-5.34,15.00 - 65.38,42.20 / 34.87 / 45.91,32.85,73.28,-25.24,-9.52,-31.28,1840.0,956.0,81.0,1.71,NO,1800.0,738.0,107.0,0.5,NO
CIPLA,1422.0,3.98,-11.4,-0.8,0.21,0.74,-186.0,-0.59,0.02,3.57,-355,-2.16,232,2.54,587,1422.0,-11.4,-0.8,13311000.0,-79050.0,-0.59,-11.24 Cr,1156000.0,51.87,-0.8,13311000,-79050,-0.59,0.58,28.77,0.74,7.76 - 46.04,16.65 / 24.97 / 22.15,54.89,93.52,72.79,15.22,29.89,,,,,,,,,,
COALINDIA,428.45,3,0.2,0.05,-0.34,-1.56,-421.0,-0.85,0.01,1.54,-166,-0.65,42,0.25,208,428.45,0.2,0.05,66538800.0,-568350.0,-0.85,-24.35 Cr,5908950.0,61.57,0.05,66538800,-568350,-0.85,0.66,21.47,-1.56,9.08 - 45.52,10.45 / 16.34 / 20.86,34.0,59.11,105.45,31.4,2.92,,,,,,,,,,
COCHINSHIP,1404.5,3.8,-5.9,-0.42,-4.71,-14.65,90.0,0.52,0,0,242,2.02,60,0.86,-182,1404.5,-5.9,-0.42,6930800.0,36000.0,0.52,5.06 Cr,719200.0,84.6,-0.42,6930800,36000,0.52,0.58,27.45,-14.65,23.38 - 61.29,31.60 / 37.66 / 41.20,10.74,5.48,-13.13,-27.11,-33.37,,,,,,1400.0,1527.0,17.0,0.32,YES
COFORGE,1506.7,6.06,-29.4,-1.91,1.11,2.6,599.0,1.55,-0.04,-7.41,1453,8.45,171,1.85,-1282,1506.7,-29.4,-1.91,18614300.0,284525.0,1.55,42.87 Cr,2861875.0,66.94,-1.91,18614300,284525,1.55,0.5,43.76,2.6,14.76 - 61.76,42.21 / 48.84 / 44.46,61.7,84.62,3.67,-10.4,-1.57,,,,,,,,,,
COLPAL,2049.5,3.17,44.6,2.22,-0.23,-1,649.0,3.82,0.01,1.49,-93,-1.36,-17,-0.37,76,2049.5,44.6,2.22,4856225.0,178475.0,3.82,36.58 Cr,917675.0,169.77,2.22,4856225,178475,3.82,0.68,22.68,-1,14.77 - 49.18,29.79 / 28.31 / 29.02,22.99,51.01,-23.87,-19.89,-21.85,2100.0,1377.0,244.0,2.46,NO,2000.0,848.0,54.0,2.42,NO
CONCOR,487.85,4.37,-2.7,-0.55,0.19,0.61,-174.0,-1.08,0,0,-93,-1.4,-62,-1.18,31,487.85,-2.7,-0.55,19885000.0,-217500.0,-1.08,-10.61 Cr,1067500.0,-26.7,-0.55,19885000,-217500,-1.08,0.79,31.36,0.61,14.61 - 80.26,53.14 / 39.33 / 35.38,25.51,81.38,-40.99,-20.26,-11.36,500.0,1640.0,96.0,2.49,NO,,,,,
CROMPTON,253.85,4.42,-4.3,-1.67,-1.21,-3.77,244.0,0.96,0.08,23.53,-578,-8.62,246,10.71,824,253.85,-4.3,-1.67,55390450.0,524600.0,0.96,13.32 Cr,2810050.0,4.48,-1.67,55390450,524600,0.96,0.42,30.9,-3.77,15.15 - 43.83,25.40 / 23.32 / 33.05,54.92,60.32,21.65,32.5,-6.51,,,,,,,,,,
CUMMINSIND,5446.0,4.12,-124.0,-2.23,-2.03,-6.93,273.0,1.14,-0.08,-11.76,1183,18.55,167,3.82,-1016,5446.0,-124.0,-2.23,4860000.0,54600.0,1.14,29.74 Cr,745000.0,-20.37,-2.23,4860000,54600,1.14,0.6,27.26,-6.93,15.05 - 37.75,29.06 / 30.07 / 29.58,53.79,59.92,-6.19,-9.34,-7.84,5600.0,1124.0,194.0,2.83,NO,,,,,
DABUR,428.5,3.27,2.9,0.68,-1.22,-4.95,-98.0,-0.39,0.03,5.17,-587,-5.06,-59,-0.87,528,428.5,2.9,0.68,31000000.0,-122500.0,-0.39,-5.25 Cr,2275000.0,105.88,0.68,31000000,-122500,-0.39,0.61,23.44,-4.95,13.58 - 33.00,28.52 / 32.46 / 28.93,50.77,66.8,-17.81,-27.79,-18.98,,,,,,,,,,
DALBHARAT,1830.2,4.49,-2.9,-0.16,0.85,2.69,541.0,3.67,0.03,3.8,471,13.68,491,18.1,20,1830.2,-2.9,-0.16,4966975.0,175825.0,3.67,32.18 Cr,624325.0,24.74,-0.16,4966975,175825,3.67,0.82,32.43,2.69,13.87 - 79.50,40.02 / 34.10 / 34.62,28.28,80.16,-18.97,-4.9,-6.33,,,,,,,,,,
DELHIVERY,492.2,4.9,-5.85,-1.17,0.54,1.55,173.0,1.34,-0.05,-8.2,868,7.47,-28,-0.4,-896,492.2,-5.85,-1.17,27163825.0,358975.0,1.34,17.67 Cr,10123925.0,132.44,-1.17,27163825,358975,1.34,0.56,35.4,1.55,18.50 - 49.76,36.95 / 50.24 / 43.82,54.06,83.81,-4.19,-29.54,-19.21,,,,,,,,,,
DIVISLAB,7242.0,2.84,-53.5,-0.73,-2.28,-10.34,39.0,0.09,-0.06,-5.13,192,1.15,-738,-3.79,-930,7242.0,-53.5,-0.73,4120800.0,3900.0,0.09,2.82 Cr,327900.0,-17.26,-0.73,4120800,3900,0.09,1.11,19.76,-10.34,6.18 - 50.03,26.62 / 25.07 / 26.52,30.97,17.0,-25.77,-21.18,-25.49,,,,,,,,,,
DIXON,14229.0,5.01,-162.0,-1.13,-2.72,-7,-384.0,-0.85,-0.07,-7.53,999,2.42,-1902,-4.95,-2901,14229.0,-162.0,-1.13,2228100.0,-19200.0,-0.85,-27.32 Cr,643150.0,-64.26,-1.13,2228100,-19200,-0.85,0.86,36.16,-7,19.33 - 61.85,62.09 / 51.98 / 48.08,39.58,46.56,-41.76,-30.43,-24.79,,,,,,14000.0,4299.0,119.0,1.61,NO
DLF,660.2,4.78,17.7,2.75,0.42,1.23,-1086.0,-2.44,0.03,4.69,-739,-4.67,-83,-0.82,656,660.2,17.7,2.75,41270850.0,-1031700.0,-2.44,-68.11 Cr,6842850.0,50.97,2.75,41270850,-1031700,-2.44,0.67,34.47,1.23,13.80 - 56.30,52.60 / 46.69 / 47.52,48.64,80.97,-34.47,-26.17,-27.46,680.0,2504.0,-107.0,3.0,NO,,,,,
DMART,3944.6,3.44,-3.4,-0.09,-2.23,-8.26,-186.0,-0.54,-0.04,-10.81,1664,5.85,-389,-3.72,-2053,3944.6,-3.4,-0.09,5149950.0,-27900.0,-0.54,-11.01 Cr,363450.0,-16.39,-0.09,5149950,-27900,-0.54,0.33,24.76,-8.26,14.71 - 49.03,23.37 / 31.52 / 31.71,29.28,45.34,5.95,-21.45,-21.92,,,,,,,,,,
DRREDDY,1215.2,4.18,-13.6,-1.11,-1.56,-4.91,-30.0,-0.13,0,0,362,1.09,314,2.17,-48,1215.2,-13.6,-1.11,14965000.0,-18750.0,-0.13,-2.28 Cr,2216250.0,87.62,-1.11,14965000,-18750,-0.13,0.44,30.18,-4.91,7.63 - 40.88,34.47 / 35.43 / 29.14,67.82,89.07,-12.45,-14.82,3.57,,,,,,1200.0,1388.0,102.0,1.25,NO
EICHERMOT,7564.5,3.32,140.5,1.89,-1.61,-6.29,12.0,0.03,0.02,2.25,-663,-3.07,-79,-0.41,584,7564.5,140.5,1.89,3847300.0,1200.0,0.03,90.77 L,443700.0,27.28,1.89,3847300,1200,0.03,0.91,24.0,-6.29,12.65 - 55.76,23.66 / 30.41 / 31.03,26.33,56.68,1.44,-21.08,-22.66,,,,,,,,,,
ETERNAL,286.95,6.36,0.45,0.16,-0.71,-1.52,-1635.0,-2.64,0.03,5.26,-1078,-3.45,29,0.16,1107,286.95,0.45,0.16,146246900.0,-3964875.0,-2.64,-113.77 Cr,22911400.0,-20.06,0.16,146246900,-3964875,-2.64,0.6,45.9,-1.52,16.25 - 76.78,34.85 / 37.67 / 39.57,48.98,93.93,31.71,21.85,16,,,,,,280.0,2614.0,-127.0,2.42,NO
EXIDEIND,436.75,4.33,14.8,3.51,-3.22,-9.51,-104.0,-0.82,0.09,17.65,197,1.77,1036,18.13,839,436.75,14.8,3.51,22546800.0,-187200.0,-0.82,-8.18 Cr,13199400.0,509.05,3.51,22546800,-187200,-0.82,0.6,30.65,-9.51,14.28 - 44.41,23.68 / 44.05 / 40.81,54.33,67.61,29.43,-30.42,-24.9,450.0,1128.0,12.0,3.03,NO,,,,,
FEDERALBNK,349.2,3.43,20.65,6.29,-8.81,-26.49,-406.0,-1.2,0.37,62.71,3036,24.2,7478,100.28,4442,349.2,20.65,6.29,83887500.0,-1015000.0,-1.2,-35.44 Cr,71680000.0,614.48,6.29,83887500,-1015000,-1.2,0.96,24.45,-26.49,14.33 - 39.41,44.74 / 33.93 / 31.20,40.35,53.04,-45.35,-27.94,-21.63,350.0,2265.0,1382.0,0.23,YES,,,,,
FINNIFTY,26923.1,2.2,259.5,0.97,0.37,2.38,-65.0,-13.03,0.33,57.89,-342,-5.68,1675,49.11,2017,26923.1,259.5,0.97,26040.0,-3900.0,-13.03,-10.50 Cr,11280.0,46.88,0.97,26040,-3900,-13.03,0.9,15.89,2.38,0.00 - 40.02,21.93 / 18.13 / 19.71,39.71,69.23,-27.54,-12.36,-19.38,27500.0,1022.0,17.0,2.14,NO,,,,,
FOCIT,35142.0,4.07,27.0,0.08,-2.5,-8.75,-22.0,-12.43,-0.11,-5.5,65,8.06,41,2.55,-24,35142.0,,,,,,,,,0.08,6975,-990,-12.43,1.89,26.06,-8.75,20.88 - 29.42,- / - / -,60.66,28.57,-,-,-,,,,,,,,,,
FORCEMOT,18271.0,5.7,-240.0,-1.3,-6.09,-13.16,-114.0,-1.22,-0.02,-3.45,12,0.17,-147,-3.64,-159,18271.0,-240.0,-1.3,231700.0,-2850.0,-1.22,-5.21 Cr,30325.0,1.85,-1.3,231700,-2850,-1.22,0.56,40.19,-13.16,27.58 - 72.76,45.63 / 51.16 / 51.89,27.91,4.11,-11.92,-21.44,-22.55,,,,,,,,,,
FORTIS,952.5,3.42,-11.3,-1.17,-0.57,-2.26,52.0,0.34,0.04,9.09,-393,-9.69,-15,-0.84,378,952.5,-11.3,-1.17,11955925.0,40300.0,0.34,3.84 Cr,1014475.0,107.78,-1.17,11955925,40300,0.34,0.48,24.62,-2.26,14.13 - 45.46,26.01 / 25.06 / 25.89,33.48,32.79,-5.34,-1.76,-4.91,,,,,,,,,,
GAIL,171.26,3.71,-0.46,-0.27,-2.13,-7.37,-110.0,-0.52,-0.01,-1.64,-52,-0.62,-75,-1.48,-23,171.26,-0.46,-0.27,74883700.0,-390500.0,-0.52,-6.69 Cr,4441050.0,3.82,-0.27,74883700,-390500,-0.52,0.6,26.78,-7.37,14.03 - 47.98,24.79 / 23.00 / 24.20,37.56,71.26,8.03,16.43,10.66,,,,,,,,,,
GLENMARK,2237.7,3.73,-57.7,-2.51,0.01,0.04,602.0,1.99,0.01,1.69,294,5.11,236,6.9,-58,2237.7,-57.7,-2.51,11586375.0,225750.0,1.99,50.52 Cr,916125.0,226.17,-2.51,11586375,225750,1.99,0.6,26.92,0.04,12.27 - 43.60,29.13 / 27.80 / 26.66,46.76,42.51,-7.59,-3.17,0.98,2300.0,1007.0,12.0,2.78,NO,2200.0,816.0,82.0,1.68,NO
GMRAIRPORT,110.84,3.97,-1.18,-1.05,-1.12,-3.76,52.0,0.3,0.01,1.85,-122,-1.39,-34,-0.72,88,110.84,-1.18,-1.05,120772125.0,362700.0,0.3,4.02 Cr,6751800.0,-50.96,-1.05,120772125,362700,0.3,0.55,28.63,-3.76,13.31 - 51.55,30.61 / 27.35 / 30.46,40.06,54.66,-6.47,4.68,-6.01,,,,,,110.0,789.0,17.0,0.76,NO
GODFRYPHLP,2116.0,4.08,-13.9,-0.65,-4.54,-13.38,13.0,0.2,0,0,33,1.28,38,2.61,5,2116.0,-13.9,-0.65,1798500.0,3575.0,0.2,75.65 L,102300.0,-55.77,-0.65,1798500,3575,0.2,0.57,29.38,-13.38,18.97 - 74.83,24.12 / 22.03 / 31.86,18.64,4.11,21.81,33.36,-7.78,,,,,,,,,,
GODREJCP,1072.6,3.28,13.8,1.3,-1.1,-4.45,-155.0,-0.72,0.02,3.23,-217,-3.96,-52,-1.53,165,1072.6,13.8,1.3,10742000.0,-77500.0,-0.72,-8.31 Cr,382500.0,-17.3,1.3,10742000,-77500,-0.72,0.64,23.64,-4.45,13.17 - 36.40,26.02 / 29.49 / 28.02,45.07,46.15,-9.15,-19.84,-15.63,1100.0,1150.0,-150.0,2.55,NO,,,,,
GODREJPROP,2091.1,4.52,3.2,0.15,-0.53,-1.6,-797.0,-3.33,0.04,4.88,-497,-4.3,102,1.08,599,2091.1,3.2,0.15,7522450.0,-259025.0,-3.33,-54.16 Cr,1104350.0,111.45,0.15,7522450,-259025,-3.33,0.86,32.52,-1.6,16.43 - 55.87,47.03 / 40.27 / 42.91,40.8,55.06,-30.85,-19.25,-24.21,,,,,,,,,,
GRASIM,3114.6,3.06,34.3,1.11,-1.49,-6.32,-1140.0,-2.35,0.03,7.14,-1575,-10.36,-250,-3.96,1325,3114.6,34.3,1.11,11853000.0,-285000.0,-2.35,-88.77 Cr,758500.0,52.46,1.11,11853000,-285000,-2.35,0.45,22.1,-6.32,11.82 - 35.51,25.39 / 21.25 / 20.41,43.39,65.99,-12.96,4,8.28,,,,,,3100.0,603.0,-128.0,0.47,YES
GVT&D,4390.9,5.63,-195.6,-4.26,-2.11,-4.94,804.0,6.51,-0.02,-3.39,1754,20.32,882,17.4,-872,4390.9,-195.6,-4.26,1643250.0,100500.0,6.51,44.13 Cr,427375.0,7.31,-4.26,1643250,100500,6.51,0.57,40.64,-4.94,40.45 - 59.36,60.13 / 66.82 / 68.39,1.0,2.78,-32.41,-39.18,-40.58,,,,,,4300.0,1053.0,37.0,2.07,NO
HAL,4506.0,3.8,70.2,1.58,-0.95,-3.34,-2521.0,-7.5,0.03,4.84,33,0.17,660,5.5,627,4506.0,70.2,1.58,4660950.0,-378150.0,-7.5,-170.39 Cr,825750.0,218.76,1.58,4660950,-378150,-7.5,0.65,27.48,-3.34,14.47 - 53.21,24.54 / 24.82 / 28.31,33.58,52.63,11.98,10.72,-2.93,,,,,,4400.0,2320.0,109.0,2.35,NO
HAVELLS,1190.2,3.93,15.6,1.33,-10.8,-27.6,-268.0,-1.37,0.08,13.11,1466,11.49,2043,26.29,577,1190.2,15.6,1.33,9637500.0,-134000.0,-1.37,-15.95 Cr,10568000.0,243.51,1.33,9637500,-134000,-1.37,0.69,28.33,-27.6,11.54 - 42.97,29.70 / 26.41 / 26.26,53.42,76.52,-4.61,7.27,7.88,1200.0,2882.0,117.0,0.82,NO,1180.0,1191.0,270.0,0.86,NO
HCLTECH,1202.7,3.55,29.1,2.48,-3.14,-10.91,-3978.0,-4.56,0.13,28.26,-9146,-18.02,1384,5.94,10530,1202.7,29.1,2.48,33276000.0,-1591200.0,-4.56,-191.37 Cr,5078400.0,7.02,2.48,33276000,-1591200,-4.56,0.59,25.64,-10.91,6.26 - 40.81,49.23 / 52.59 / 45.61,56.09,57.89,-47.92,-51.25,-43.78,,,,,,1200.0,2296.0,1121.0,0.22,YES
HDFCAMC,2659.5,4.24,55.4,2.13,-2.63,-7.92,-1539.0,-6.8,0.11,20.75,-3170,-19.36,-260,-2.98,2910,2659.5,55.4,2.13,6328500.0,-461700.0,-6.8,-122.79 Cr,1586100.0,-47.09,2.13,6328500,-461700,-6.8,0.64,30.58,-7.92,12.58 - 45.32,53.45 / 43.76 / 47.29,54.98,79.35,-42.79,-30.12,-35.34,,,,,,2600.0,1045.0,-25.0,2.24,NO
HDFCBANK,819.9,3.38,9.15,1.13,-0.33,-1.33,-5357.0,-1.26,0.01,1.85,4423,3.04,3568,4.56,-855,819.9,9.15,1.13,271893700.0,-3482050.0,-1.26,-285.49 Cr,24870950.0,88.71,1.13,271893700,-3482050,-1.26,0.55,24.41,-1.33,9.44 - 39.01,31.40 / 27.62 / 27.23,50.63,82.59,-22.26,-11.62,-10.36,820.0,19218.0,1381.0,0.01,YES,800.0,14008.0,95.0,2.43,NO
HDFCLIFE,563.75,3.4,-4.35,-0.77,-1.89,-7.17,-305.0,-0.8,0,0,-1920,-9.03,-1141,-8.79,779,563.75,-4.35,-0.77,41815400.0,-335500.0,-0.8,-18.91 Cr,5490100.0,-56.51,-0.77,41815400,-335500,-0.8,0.61,24.47,-7.17,8.35 - 36.02,38.92 / 28.56 / 32.28,58.26,78.54,-37.13,-14.32,-24.19,,,,,,,,,,
HEROMOTOCO,4835.2,3.71,9.7,0.2,-1.53,-5.41,28.0,0.08,-0.01,-2.13,515,1.97,47,0.38,-468,4835.2,9.7,0.2,5429700.0,4200.0,0.08,2.03 Cr,540600.0,43.24,0.2,5429700,4200,0.08,0.46,26.77,-5.41,12.96 - 41.20,22.31 / 19.50 / 20.66,48.9,63.56,19.99,37.28,29.57,,,,,,,,,,
HINDALCO,945.35,3.79,-17.75,-1.84,-1.94,-6.67,552.0,0.75,-0.02,-3.92,746,2.78,-191,-1.4,-937,945.35,-17.75,-1.84,52138800.0,386400.0,0.75,36.53 Cr,5397700.0,39.95,-1.84,52138800,386400,0.75,0.49,27.15,-6.67,10.16 - 46.60,26.31 / 26.12 / 31.13,46.62,57.49,3.19,3.94,-12.79,,,,,,,,,,
HINDPETRO,401.5,4.67,0.8,0.2,-1.76,-4.96,263.0,1.34,-0.01,-1.33,-70,-0.76,-70,-1.01,0,401.5,0.8,0.2,40277250.0,532575.0,1.34,21.38 Cr,6119550.0,22.9,0.2,40277250,532575,1.34,0.74,33.73,-4.96,16.66 - 55.76,38.20 / 41.21 / 45.56,43.66,70.85,-11.7,-18.15,-25.97,,,,,,,,,,
HINDUNILVR,2150.2,3.07,43.5,2.06,-1.53,-6.47,-276.0,-0.44,0.04,5.97,-2174,-8.04,-328,-1.81,1846,2150.2,43.5,2.06,18585300.0,-82800.0,-0.44,-17.80 Cr,1925400.0,42.09,2.06,18585300,-82800,-0.44,0.71,22.11,-6.47,0.36 - 32.27,26.36 / 25.91 / 25.75,68.16,78.14,-16.12,-14.67,-14.14,2200.0,4973.0,-209.0,2.32,NO,2100.0,2240.0,-41.0,2.33,NO
HINDZINC,518.15,4.51,-5.75,-1.1,-2.24,-6.45,-672.0,-2.76,0.01,2.13,-490,-2.58,-64,-0.72,426,518.15,-5.75,-1.1,29000650.0,-823200.0,-2.76,-42.65 Cr,2365475.0,47.74,-1.1,29000650,-823200,-2.76,0.48,32.49,-6.45,15.38 - 59.92,18.11 / 34.19 / 38.84,38.41,49.39,79.4,-4.97,-16.35,,,,,,,,,,
HYUNDAI,1980.4,3.88,-30.2,-1.5,-3.49,-11.09,-1118.0,-6.52,0.02,3.77,22,0.27,203,4.7,181,1980.4,-30.2,-1.5,4406325.0,-307450.0,-6.52,-60.89 Cr,2164525.0,13.11,-1.5,4406325,-307450,-6.52,0.55,27.97,-11.09,19.09 - 57.66,36.77 / 34.66 / 33.50,23.02,10.96,-23.93,-19.3,-16.51,,,,,,,,,,
ICICIBANK,1449.1,3.7,26.1,1.83,1.87,7.55,1464.0,0.98,0.02,2.22,5779,17.98,6099,21.14,320,1449.1,26.1,1.83,105081200.0,1024800.0,0.98,148.50 Cr,21343000.0,153.37,1.83,105081200,1024800,0.98,0.92,26.63,7.55,9.59 - 33.61,23.42 / 21.64 / 21.22,70.94,95.55,13.71,23.06,25.49,,,,,,,,,,
ICICIGI,1608.1,3.78,-12.5,-0.77,-3.62,-11.75,1086.0,5.8,-0.1,-15.15,-180,-1.2,-1620,-16.49,-1440,1608.1,-12.5,-0.77,6438250.0,352950.0,5.8,56.76 Cr,1804400.0,-74.89,-0.77,6438250,352950,5.8,0.56,27.2,-11.75,13.70 - 37.84,68.11 / 50.02 / 46.89,55.92,89.07,-60.06,-45.62,-41.99,,,,,,1600.0,902.0,-367.0,0.5,NO
ICICIPRULI,498.8,4,-10.3,-2.02,-0.41,-1.4,360.0,1.65,-0.12,-18.18,2022,17.74,-202,-2.7,-2224,498.8,-10.3,-2.02,20512800.0,333000.0,1.65,16.61 Cr,4127350.0,-42.93,-2.02,20512800,333000,1.65,0.54,28.81,-1.4,12.98 - 41.12,52.60 / 43.13 / 42.78,56.25,82.59,-45.23,-33.2,-32.66,,,,,,,,,,
IDEA,13.78,5.65,-0.17,-1.22,0.62,1.59,-2784.0,-3.53,0.01,2.33,-530,-2.43,13,0.14,543,13.78,-0.17,-1.22,5441320275.0,-198986400.0,-3.53,-274.20 Cr,439356825.0,65.69,-1.22,5441320275,-198986400,-3.53,0.44,39.66,1.59,19.52 - 105.00,23.46 / 25.70 / 34.89,23.56,14.17,69.05,54.32,13.67,,,,,,,,,,
IDFCFIRSTB,80.44,4.68,0.94,1.18,1.52,4.71,-42.0,-0.11,0.05,6.02,131,1.35,630,7.85,499,80.44,0.94,1.18,360343025.0,-389550.0,-0.11,-3.13 Cr,31822525.0,91.68,1.18,360343025,-389550,-0.11,0.88,33.77,4.71,13.50 - 90.98,31.27 / 28.96 / 32.51,26.16,80.16,7.99,16.61,3.88,,,,,,80.0,1742.0,115.0,0.55,NO
IEX,122.86,5.26,-2.2,-1.76,-1.09,-2.79,-77.0,-0.43,-0.01,-1.37,-165,-2.43,-177,-3.58,-12,122.86,-2.2,-1.76,78334800.0,-334950.0,-0.43,-4.12 Cr,7029600.0,-53.23,-1.76,78334800,-334950,-0.43,0.72,38.02,-2.79,19.27 - 213.32,48.09 / 35.34 / 34.19,9.66,78.95,-20.94,7.58,11.2,125.0,1103.0,-9.0,1.74,NO,120.0,969.0,-76.0,2.33,NO
INDHOTEL,728.0,4.51,-6.0,-0.82,0.91,2.88,1407.0,5.36,-0.05,-7.25,360,6.12,-44,-1.08,-404,728.0,-6.0,-0.82,27665000.0,1407000.0,5.36,102.43 Cr,4659000.0,29.27,-0.82,27665000,1407000,5.36,0.64,32.51,2.88,12.12 - 41.83,35.06 / 28.92 / 29.22,68.63,95.14,-7.27,12.41,11.26,750.0,813.0,82.0,3.02,NO,720.0,489.0,-36.0,1.1,NO
INDIANB,832.7,4.17,10.7,1.3,-1.61,-5.08,-285.0,-1.63,0.05,8.06,-1084,-8.25,-92,-1.13,992,832.7,10.7,1.3,17147000.0,-285000.0,-1.63,-23.73 Cr,2162000.0,41.68,1.3,17147000,-285000,-1.63,0.67,30.09,-5.08,17.18 - 45.58,70.22 / 51.57 / 49.03,45.46,52.23,-57.15,-41.65,-38.63,,,,,,,,,,
INDIGO,5249.0,4.42,-19.0,-0.36,2.22,7.48,-1303.0,-3.01,-0.07,-8.43,2085,10,171,0.99,-1914,5249.0,-19.0,-0.36,6290550.0,-195450.0,-3.01,-102.59 Cr,658650.0,31.23,-0.36,6290550,-195450,-3.01,0.76,31.91,7.48,11.28 - 86.94,42.22 / 43.74 / 44.90,27.27,78.54,-24.42,-27.05,-28.93,5300.0,3956.0,887.0,0.97,NO,5200.0,2381.0,113.0,0.93,NO
INDUSINDBK,1026.65,5.42,12.6,1.24,2.55,6.99,366.0,0.72,-0.11,-12.79,2326,18.67,360,3.37,-1966,1026.65,12.6,1.24,35821100.0,256200.0,0.72,26.30 Cr,5145700.0,172.26,1.24,35821100,256200,0.72,0.75,39.02,6.99,17.32 - 83.38,34.46 / 34.39 / 36.16,32.85,90.69,13.23,13.46,7.91,1030.0,3156.0,2460.0,0.33,YES,1000.0,1854.0,78.0,2.6,NO
INDUSTOWER,404.5,4.06,-2.75,-0.68,0.4,1.38,-201.0,-0.35,0.02,2.78,-152,-1.06,79,0.76,231,404.5,-2.75,-0.68,98300800.0,-341700.0,-0.35,-13.82 Cr,4863700.0,-23.65,-0.68,98300800,-341700,-0.35,0.74,29.33,1.38,15.67 - 75.07,23.55 / 24.82 / 23.65,23.0,63.97,24.54,18.17,24.02,410.0,2991.0,122.0,1.36,NO,,,,,
INFY,1090.0,4.75,8.4,0.78,0.53,1.57,-4651.0,-1.65,0.05,7.35,-762,-0.55,6483,6.93,7245,1090.0,8.4,0.78,110979600.0,-1860400.0,-1.65,-202.78 Cr,20316800.0,79.65,0.78,110979600,-1860400,-1.65,0.73,34.29,1.57,7.21 - 64.15,33.31 / 52.65 / 46.40,47.56,84.21,2.94,-34.87,-26.1,1100.0,28633.0,780.0,0.92,NO,,,,,
INOXWIND,78.36,4.81,-0.55,-0.7,-1.49,-4.12,-118.0,-0.72,0.05,12.5,-966,-9.87,122,3.15,1088,78.36,-0.55,-0.7,104672000.0,-755200.0,-0.72,-5.92 Cr,8595200.0,-6.93,-0.7,104672000,-755200,-0.72,0.45,34.65,-4.12,16.48 - 63.54,28.18 / 31.46 / 46.41,38.61,36.84,22.96,10.14,-25.34,,,,,,,,,,
IOC,141.86,3.4,-0.13,-0.09,-2.22,-8.31,359.0,1.19,-0.01,-1.54,153,1.1,-51,-0.57,-204,141.86,-0.13,-0.09,148741125.0,1750125.0,1.19,24.83 Cr,7624500.0,-51.49,-0.09,148741125,1750125,1.19,0.64,24.51,-8.31,11.74 - 55.58,30.07 / 29.85 / 33.71,29.13,45.75,-18.49,-17.89,-27.29,,,,,,140.0,1093.0,-37.0,1.31,NO
IREDA,119.76,4.63,-0.2,-0.17,-0.42,-1.24,229.0,1.67,0,0,-127,-1.79,-31,-0.74,96,119.76,-0.2,-0.17,63046825.0,1036225.0,1.67,12.41 Cr,6339525.0,30.45,-0.17,63046825,1036225,1.67,0.59,33.46,-1.24,18.63 - 52.88,36.36 / 31.60 / 33.23,43.3,46.15,-7.98,5.89,0.69,,,,,,,,,,
IRFC,88.54,4.25,0.29,0.33,-0.61,-1.96,-280.0,-1.68,0,0,-183,-1.25,-215,-2.56,-32,88.54,0.29,0.33,88948300.0,-1519000.0,-1.68,-13.45 Cr,9092300.0,24.7,0.33,88948300,-1519000,-1.68,0.57,30.59,-1.96,17.59 - 45.57,23.14 / 32.71 / 33.32,46.46,49.39,32.2,-6.48,-8.19,,,,,,,,,,
ITC,281.45,2.54,1.6,0.57,-1.22,-6.34,-707.0,-0.87,0.01,1.54,-1026,-2.07,-118,-0.37,908,281.45,1.6,0.57,138388125.0,-1219575.0,-0.87,-34.32 Cr,11305650.0,14.64,0.57,138388125,-1219575,-0.87,0.66,18.03,-6.34,6.61 - 30.11,21.64 / 17.33 / 16.68,48.6,63.56,-16.68,4.04,8.09,290.0,8625.0,81.0,3.04,NO,280.0,3609.0,387.0,0.52,NO
JINDALSTEL,1025.9,4.65,-5.1,-0.49,-0.4,-1.18,62.0,0.28,0.02,3.08,-267,-3.37,-23,-0.45,244,1025.9,-5.1,-0.49,13985000.0,38750.0,0.28,3.98 Cr,794375.0,-18.47,-0.49,13985000,38750,0.28,0.67,33.45,-1.18,16.51 - 43.23,27.99 / 32.83 / 30.26,63.4,91.5,19.51,1.89,10.54,,,,,,,,,,
JIOFIN,243.11,3.89,7.44,3.16,-5.58,-16.6,-3257.0,-4.87,-0.1,-15.62,12970,44.78,4148,22.5,-8822,243.11,7.44,3.16,149427100.0,-7653950.0,-4.87,-186.08 Cr,66770550.0,440.99,3.16,149427100,-7653950,-4.87,0.54,28.04,-16.6,16.26 - 47.21,49.77 / 36.86 / 36.71,38.06,58.3,-43.66,-23.93,-23.62,250.0,10476.0,5139.0,2.83,NO,240.0,3076.0,762.0,1.28,NO
JSWENERGY,541.75,4.8,-3.6,-0.66,0.43,1.26,110.0,0.46,0.04,6.78,780,8.5,860,15.79,80,541.75,-3.6,-0.66,25583925.0,118250.0,0.46,6.41 Cr,1845775.0,-31.27,-0.66,25583925,118250,0.46,0.63,34.67,1.26,13.33 - 46.66,28.72 / 30.57 / 28.96,64.03,83.81,20.72,13.41,19.72,,,,,,540.0,809.0,19.0,0.32,YES
JSWSTEEL,1239.9,3.78,14.3,1.17,-2.08,-7.1,-64.0,-0.11,-0.06,-8.33,3258,36.73,1587,24.85,-1671,1239.9,14.3,1.17,40296825.0,-43200.0,-0.11,-5.36 Cr,5108400.0,326.37,1.17,40296825,-43200,-0.11,0.66,27.22,-7.1,14.75 - 40.61,24.27 / 22.45 / 22.00,48.22,75.3,12.15,21.25,23.73,,,,,,,,,,
JUBLFOOD,419.0,4.48,-3.05,-0.72,-2.7,-7.71,217.0,1.43,0.03,4.92,-208,-2.13,167,2.82,375,419.0,-3.05,-0.72,19285000.0,271250.0,1.43,11.37 Cr,2431250.0,103.03,-0.72,19285000,271250,1.43,0.64,32.33,-7.71,13.88 - 59.12,52.79 / 42.95 / 38.72,40.78,71.26,-38.76,-24.73,-16.5,,,,,,,,,,
KALYANKJIL,573.75,7.86,26.65,4.87,-1.64,-2.81,-680.0,-2.75,0.04,2.58,19,0.07,1246,2.81,1227,573.75,26.65,4.87,32521500.0,-918000.0,-2.75,-52.67 Cr,18577350.0,22.86,4.87,32521500,-918000,-2.75,1.59,56.65,-2.81,17.49 - 72.39,125.52 / 98.27 / 94.78,71.33,97.17,-54.87,-42.35,-40.23,,,,,,,,,,
KAYNES,3372.5,4.72,-57.0,-1.66,-7.77,-25,-198.0,-0.75,0,0,-123,-1.43,-23,-0.48,100,3372.5,-57.0,-1.66,3916500.0,-29700.0,-0.75,-10.02 Cr,50850.0,-51.08,-1.66,3916500,-29700,-0.75,0.56,23.31,-25,19.42 - 91.42,57.03 / 53.60 / 50.34,5.4,2.02,-59.13,-56.51,-53.69,,,,,,,,,,
KEI,4876.0,5.3,-159.0,-3.16,-2.72,-6.99,397.0,3.32,-0.07,-14,1173,22.6,103,3.95,-1070,4876.0,-159.0,-3.16,2163700.0,69475.0,3.32,33.88 Cr,525525.0,11.97,-3.16,2163700,69475,3.32,0.43,36.19,-6.99,14.61 - 51.38,32.06 / 34.84 / 41.31,58.69,78.95,12.88,3.87,-12.39,,,,,,,,,,
KFINTECH,889.55,5.6,19.15,2.2,-1.87,-4.42,-238.0,-2.45,0.05,8.06,-531,-7.95,-28,-0.67,503,889.55,19.15,2.2,5447550.0,-136850.0,-2.45,-12.17 Cr,1285700.0,-16.6,2.2,5447550,-136850,-2.45,0.67,40.45,-4.42,18.49 - 90.49,46.61 / 35.53 / 40.25,30.5,78.14,-13.22,13.85,0.5,900.0,1072.0,-138.0,1.17,NO,,,,,
KOTAKBANK,390.9,3.98,13.2,3.49,-0.74,-2.51,-1365.0,-1.73,0.06,11.32,50,0.15,2156,11.96,2106,390.9,13.2,3.49,155298000.0,-2730000.0,-1.73,-106.72 Cr,37750000.0,354.05,3.49,155298000,-2730000,-1.73,0.59,28.73,-2.51,9.59 - 40.23,42.90 / 35.25 / 31.74,62.47,88.66,-33.03,-18.5,-9.48,400.0,6690.0,238.0,2.33,NO,390.0,2890.0,955.0,0.23,YES
KPITTECH,555.6,5.21,3.25,0.59,-3.59,-8.79,-236.0,-1.23,-0.01,-2.17,-960,-3.98,-622,-5.62,338,555.6,3.25,0.59,14636650.0,-182900.0,-1.23,-10.16 Cr,1680975.0,16.99,0.59,14636650,-182900,-1.23,0.45,37.24,-8.79,12.07 - 69.90,31.72 / 80.01 / 67.55,43.52,64.78,17.4,-53.46,-44.87,,,,,,,,,,
LAURUSLABS,1531.0,4.88,-28.8,-1.85,-0.02,-0.06,-257.0,-1.4,-0.03,-4.17,-430,-5.05,-514,-8.42,-84,1531.0,-28.8,-1.85,15337400.0,-218450.0,-1.4,-33.44 Cr,2010250.0,88.15,-1.85,15337400,-218450,-1.4,0.69,35.22,-0.06,14.20 - 46.75,34.02 / 36.76 / 34.80,64.58,80.57,3.53,-4.19,1.21,,,,,,1500.0,735.0,-127.0,2.02,NO
LICHSGFIN,550.9,3.26,3.9,0.71,-1.82,-7.17,-362.0,-1.65,0.04,6.9,-116,-1.68,211,5.28,327,550.9,3.9,0.71,21558000.0,-362000.0,-1.65,-19.94 Cr,1470000.0,22.3,0.71,21558000,-362000,-1.65,0.62,23.57,-7.17,11.15 - 45.09,24.24 / 22.61 / 27.57,36.59,49.39,-2.76,4.25,-14.51,,,,,,,,,,
LICI,432.9,3.73,-1.75,-0.4,-0.97,-3.48,-243.0,-1.59,0,0,93,1.15,55,1.02,-38,432.9,-1.75,-0.4,21056000.0,-340200.0,-1.59,-14.73 Cr,4509400.0,101.56,-0.4,21056000,-340200,-1.59,0.67,26.93,-3.48,11.05 - 49.26,26.08 / 26.76 / 28.10,41.56,74.9,3.26,0.64,-4.16,,,,,,430.0,862.0,-39.0,0.67,NO
LODHA,1177.95,5.29,5.8,0.49,0.3,0.79,428.0,1.76,0.04,4.65,-217,-2.64,137,1.94,354,1177.95,5.8,0.49,15485000.0,267500.0,1.76,31.51 Cr,1509375.0,-0.7,0.49,15485000,267500,1.76,0.9,38.15,0.79,19.11 - 64.99,56.91 / 48.25 / 46.81,41.5,74.49,-32.96,-20.93,-18.5,1200.0,857.0,-66.0,1.87,NO,,,,,
LT,3823.1,2.77,40.1,1.06,-1.98,-9.19,-386.0,-0.49,0,0,-250,-0.3,104,0.3,354,3823.1,40.1,1.06,13796125.0,-67550.0,-0.49,-25.83 Cr,1556975.0,-12.26,1.06,13796125,-67550,-0.49,0.42,19.56,-9.19,7.49 - 44.73,25.22 / 19.60 / 28.27,32.41,58.3,-22.44,-0.2,-30.81,,,,,,,,,,
LTF,308.35,4.74,-0.9,-0.29,-2.25,-6.23,29.0,0.13,-0.01,-2.04,-280,-1.82,-192,-2.55,88,308.35,-0.9,-0.29,49990500.0,65250.0,0.13,2.01 Cr,4164750.0,-21.83,-0.29,49990500,65250,0.13,0.48,33.89,-6.23,18.80 - 69.14,47.63 / 43.82 / 51.42,29.98,64.78,-28.85,-22.66,-34.09,,,,,,300.0,1349.0,196.0,2.71,NO
LTM,4092.0,4.39,12.6,0.31,-4.46,-12.35,5.0,0.02,0.08,13.11,-2609,-15.16,-563,-5.33,2046,4092.0,12.6,0.31,3590850.0,750.0,0.02,30.69 L,498750.0,24.07,0.31,3590850,750,0.02,0.69,31.64,-12.35,24.10 - 57.18,- / - / -,22.79,15.05,-,-,-,4200.0,1768.0,-57.0,2.64,NO,4000.0,1035.0,-28.0,2.25,NO
LUPIN,2448.9,2.91,-41.1,-1.65,0.26,1.26,207.0,1.72,-0.08,-10.13,457,8.41,-93,-2.16,-550,2448.9,-41.1,-1.65,5212200.0,87975.0,1.72,21.54 Cr,739075.0,65.94,-1.65,5212200,87975,1.72,0.71,20.89,1.26,12.85 - 37.30,22.34 / 25.30 / 23.21,32.88,27.13,-6.49,-17.43,-10,2500.0,1075.0,74.0,2.09,NO,,,,,
M&M,3179.2,3.24,55.2,1.77,-2.37,-9.19,-2314.0,-2.84,0.03,4.62,-874,-2.4,644,2.73,1518,3179.2,55.2,1.77,15829600.0,-462800.0,-2.84,-147.13 Cr,1988400.0,17.78,1.77,15829600,-462800,-2.84,0.68,23.41,-9.19,11.90 - 69.36,32.31 / 34.55 / 32.48,20.03,38.87,-27.55,-32.24,-27.92,3200.0,5812.0,233.0,0.65,NO,3100.0,3591.0,250.0,2.49,NO
MANAPPURAM,326.45,4.64,-0.15,-0.05,-1.12,-3.23,656.0,3.64,0,0,-13,-0.37,11,0.51,24,326.45,-0.15,-0.05,56037000.0,1968000.0,3.64,64.25 Cr,7851000.0,113.46,-0.05,56037000,1968000,3.64,0.62,33.54,-3.23,18.17 - 52.52,47.72 / 41.65 / 48.08,44.75,63.56,-29.72,-19.47,-30.24,330.0,664.0,148.0,1.09,NO,,,,,
MANKIND,2490.6,3.93,-65.4,-2.56,-1.47,-4.92,263.0,2.26,-0.09,-16.98,312,5.08,-421,-13.03,-733,2490.6,-65.4,-2.56,2979500.0,65750.0,2.26,16.38 Cr,497250.0,39.19,-2.56,2979500,65750,2.26,0.44,28.4,-4.92,16.24 - 89.23,22.59 / 33.13 / 28.56,16.66,55.06,25.72,-14.28,-0.56,,,,,,,,,,
MARICO,842.75,2.57,0.8,0.1,-0.3,-1.45,-213.0,-1.91,0.02,3.45,-480,-7.13,-117,-3.01,363,842.75,0.8,0.1,13149600.0,-255600.0,-1.91,-21.54 Cr,2872800.0,118.03,0.1,13149600,-255600,-1.91,0.6,20.34,-1.45,13.08 - 31.88,19.95 / 20.77 / 19.97,38.62,51.42,1.95,-2.07,1.85,,,,,,,,,,
MARUTI,13803.0,3.09,17.0,0.12,-1.63,-6.8,340.0,0.76,0,0,5,0.01,39,0.13,34,13803.0,17.0,0.12,2266550.0,17000.0,0.76,23.47 Cr,250150.0,-32.61,0.12,2266550,17000,0.76,0.49,22.33,-6.8,6.97 - 41.98,31.95 / 39.34 / 35.59,43.87,70.85,-30.11,-43.24,-37.26,,,,,,,,,,
MAXHEALTH,1088.7,3.57,-13.1,-1.19,-1.49,-5.48,200.0,1.01,0.03,7.14,-369,-3.4,168,3.69,537,1088.7,-13.1,-1.19,10492650.0,105000.0,1.01,11.43 Cr,1225875.0,53.11,-1.19,10492650,105000,1.01,0.45,25.72,-5.48,16.74 - 60.69,25.85 / 32.00 / 35.80,20.43,36.03,-0.5,-19.63,-28.16,,,,,,,,,,
MAZDOCK,2341.4,4.68,-7.5,-0.32,-1.77,-5.04,-4.0,-0.02,-0.02,-3.39,726,4.83,10,0.11,-716,2341.4,-7.5,-0.32,4990500.0,-900.0,-0.02,-21.07 L,421650.0,8.51,-0.32,4990500,-900,-0.02,0.57,33.37,-5.04,13.38 - 82.60,32.29 / 28.35 / 32.04,28.88,38.06,3.34,17.71,4.15,,,,,,2300.0,1613.0,-33.0,1.77,NO
MCX,2759.2,4.96,-68.9,-2.44,-1.25,-3.37,898.0,2.69,-0.07,-10.77,1983,7.01,-646,-3.53,-2629,2759.2,-68.9,-2.44,7704675.0,202050.0,2.69,55.75 Cr,1471050.0,-0.59,-2.44,7704675,202050,2.69,0.58,35.79,-3.37,15.54 - 62.68,50.90 / 48.55 / 44.47,42.96,50.61,-29.69,-26.28,-19.52,,,,,,,,,,
MFSL,1543.0,3.9,-36.3,-2.3,0.25,0.89,6.0,0.03,-0.01,-1.75,432,11.29,172,7.83,-260,1543.0,-36.3,-2.3,8708000.0,2400.0,0.03,37.03 L,622400.0,32.2,-2.3,8708000,2400,0.03,0.56,28.19,0.89,9.89 - 39.49,39.45 / 32.77 / 35.22,61.82,68.02,-28.54,-13.98,-19.96,,,,,,1500.0,635.0,-116.0,2.79,NO
MIDCPNIFTY,14740.6,2.08,-53.45,-0.36,0.45,3.09,482.0,2.99,-0.07,-6.8,5047,9.92,1206,2.3,-3841,14740.6,-53.45,-0.36,1990080.0,57840.0,2.99,85.26 Cr,330960.0,47.8,-0.36,1990080,57840,2.99,0.96,15.02,3.09,9.53 - 42.98,17.45 / 13.94 / 17.60,16.41,32.39,-13.93,7.75,-14.66,15000.0,6509.0,198.0,1.76,NO,,,,,
MOTHERSON,144.63,4.6,0.5,0.35,-2.78,-7.72,-205.0,-0.83,-0.01,-1.54,-140,-1.46,-202,-3.25,-62,144.63,0.5,0.35,149777100.0,-1260750.0,-0.83,-18.23 Cr,12976500.0,-50.47,0.35,149777100,-1260750,-0.83,0.64,33.23,-7.72,18.24 - 54.43,21.76 / 28.93 / 33.14,41.42,56.28,52.71,14.86,0.27,,,,,,,,,,
MOTILALOFS,970.3,5.35,12.9,1.35,3.68,10.69,69.0,1.01,0.09,25,284,10.06,378,36.91,94,970.3,12.9,1.35,5335100.0,53475.0,1.01,5.19 Cr,810650.0,9.53,1.35,5335100,53475,1.01,0.45,38.12,10.69,22.84 - 51.18,47.60 / 34.29 / 48.78,53.92,65.75,-19.92,11.17,-21.85,,,,,,950.0,280.0,149.0,2.09,NO
MPHASIS,2393.7,5.36,32.6,1.38,-1.9,-4.68,-343.0,-1.92,0.09,16.36,14,0.23,535,16.19,521,2393.7,32.6,1.38,4821300.0,-94325.0,-1.92,-22.58 Cr,694650.0,89.92,1.38,4821300,-94325,-1.92,0.64,38.7,-4.68,18.02 - 47.77,49.59 / 48.71 / 40.76,69.51,86.23,-21.96,-20.55,-5.05,2400.0,785.0,-82.0,0.26,YES,,,,,
MUTHOOTFIN,2988.7,4.5,-11.3,-0.38,-1.38,-4.1,313.0,1.3,0.06,11.54,-187,-1.89,480,9.36,667,2988.7,-11.3,-0.38,6704225.0,86075.0,1.3,25.73 Cr,780725.0,117.55,-0.38,6704225,86075,1.3,0.58,32.26,-4.1,11.92 - 66.80,30.27 / 38.02 / 45.70,37.06,62.35,6.57,-15.15,-29.41,,,,,,,,,,
NAM-INDIA,1184.4,5.24,30.6,2.65,-0.15,-0.4,-67.0,-0.7,0.12,23.53,-161,-4.98,297,18,458,1184.4,30.6,2.65,5941250.0,-41875.0,-0.7,-4.96 Cr,663750.0,-58.19,2.65,5941250,-41875,-0.7,0.63,37.82,-0.4,23.39 - 77.66,45.71 / 38.76 / 45.91,26.59,14.98,-17.26,-2.43,-17.62,1200.0,416.0,21.0,1.32,NO,,,,,
NATIONALUM,340.6,5.05,-15.3,-4.3,1.26,3.58,514.0,2.11,-0.06,-9.09,1072,7.54,-154,-1.64,-1226,340.6,-15.3,-4.3,46687500.0,963750.0,2.11,32.83 Cr,8265000.0,70.13,-4.3,46687500,963750,2.11,0.6,36.49,3.58,17.37 - 66.87,41.37 / 54.91 / 52.46,38.63,68.42,-11.8,-33.55,-30.44,350.0,2110.0,231.0,2.76,NO,340.0,1670.0,-376.0,0.18,YES
NAUKRI,1183.7,4.11,-21.65,-1.8,-2.63,-8.14,-56.0,-0.21,-0.07,-8.14,-106,-0.98,-862,-9.28,-756,1183.7,-21.65,-1.8,14620100.0,-30800.0,-0.21,-3.65 Cr,1825450.0,49.64,-1.8,14620100,-30800,-0.21,0.79,29.66,-8.14,15.66 - 47.35,81.76 / 63.25 / 54.10,44.18,48.58,-63.72,-53.11,-45.18,1200.0,2082.0,194.0,1.38,NO,,,,,
NBCC,97.24,5.24,-0.11,-0.11,-1.22,-3.13,-272.0,-1.62,-0.01,-2.13,135,1.93,11,0.33,-124,97.24,-0.11,-0.11,107315000.0,-1768000.0,-1.62,-17.19 Cr,15710500.0,205.56,-0.11,107315000,-1768000,-1.62,0.46,37.79,-3.13,21.65 - 80.34,44.68 / 34.02 / 42.32,27.5,56.28,-15.42,11.08,-10.7,100.0,1747.0,131.0,2.84,NO,95.0,737.0,-28.0,2.3,NO
NESTLEIND,1428.6,3.87,3.4,0.24,-0.77,-2.69,38.0,0.17,-0.03,-4.29,829,9.05,284,4.43,-545,1428.6,3.4,0.24,10952500.0,19000.0,0.17,2.71 Cr,1059000.0,68.23,0.24,10952500,19000,0.17,0.67,27.81,-2.69,10.62 - 36.15,17.39 / 23.46 / 24.84,67.33,94.74,59.92,18.54,11.96,,,,,,1400.0,982.0,22.0,2.0,NO
NHPC,78.67,3.33,-0.25,-0.32,-1.64,-6.4,518.0,3.37,-0.02,-3.51,-24,-0.22,-232,-3.73,-208,78.67,-0.25,-0.32,110449400.0,3600100.0,3.37,28.32 Cr,11252050.0,-2.35,-0.32,110449400,3600100,3.37,0.55,24.0,-6.4,13.23 - 53.10,15.13 / 24.93 / 26.13,27.01,19.84,58.63,-3.73,-8.15,,,,,,,,,,
NIFTY,24321.7,1.02,225.3,0.93,0.72,5.99,-12332.0,-5.19,0.06,5.61,59536,6.83,114548,12.26,55012,24321.7,225.3,0.93,14630915.0,-801580.0,-5.19,-1949.58 Cr,5343650.0,72.39,0.93,14630915,-801580,-5.19,1.13,12.74,5.99,5.90 - 34.26,17.67 / 14.93 / 15.09,24.12,66.8,-27.9,-14.67,-15.57,25000.0,108706.0,2031.0,2.79,NO,24000.0,107237.0,13301.0,1.32,NO
NIFTYNXT50,71882.6,2.29,-36.2,-0.05,0.01,0.06,-1.0,-0.16,-0.01,-14.29,24,4.99,-1,-3.03,-25,71882.6,-36.2,-0.05,15700.0,-25.0,-0.16,-17.97 L,2300.0,-1.08,-0.05,15700,-25,-0.16,0.06,16.54,0.06,9.05 - 31.76,16.88 / 14.95 / 19.78,32.98,63.16,-2.01,10.64,-16.38,,,,,,,,,,
NMDC,83.49,3.61,-1.04,-1.23,0.16,0.62,48.0,0.09,0.01,1.96,-378,-3.21,-67,-1.11,311,83.49,-1.04,-1.23,366160500.0,324000.0,0.09,2.71 Cr,15417000.0,35.07,-1.23,366160500,324000,0.09,0.52,25.88,0.62,13.00 - 48.01,15.11 / 19.80 / 25.64,36.79,34.41,71.28,30.71,0.94,,,,,,,,,,
NTPC,341.8,2.77,-1.5,-0.44,-1.86,-8.89,-26.0,-0.03,-0.02,-5.88,-409,-1.18,-532,-4.56,-123,341.8,-1.5,-0.44,124749000.0,-39000.0,-0.03,-1.33 Cr,4504500.0,-10.6,-0.44,124749000,-39000,-0.03,0.32,19.06,-8.89,6.73 - 36.84,20.24 / 19.56 / 21.66,40.95,65.99,-5.83,-2.56,-12,,,,,,,,,,
NUVAMA,1862.3,5.04,14.0,0.76,-4.18,-10.31,-156.0,-4.01,0.01,1.59,-41,-1.57,-5,-0.3,36,1862.3,14.0,0.76,1866000.0,-78000.0,-4.01,-14.53 Cr,249500.0,-38.32,0.76,1866000,-78000,-4.01,0.64,36.37,-10.31,18.35 - 57.51,54.07 / 43.25 / 45.61,46.02,59.75,-32.74,-15.91,-20.26,,,,,,,,,,
NYKAA,324.1,3.35,-2.05,-0.63,-1.33,-5.23,-94.0,-0.63,-0.01,-0.88,-239,-5.49,-323,-6.53,-84,324.1,-2.05,-0.63,46050000.0,-293750.0,-0.63,-9.52 Cr,2387500.0,-20.75,-0.63,46050000,-293750,-0.63,1.13,24.09,-5.23,15.47 - 51.48,23.26 / 24.73 / 37.41,23.94,9.72,3.57,-2.59,-35.61,,,,,,,,,,
OBEROIRLTY,1878.0,6.26,13.8,0.74,2.64,6.23,271.0,1.61,-0.06,-10.91,1989,21.91,337,6.69,-1652,1878.0,13.8,0.74,5970300.0,94850.0,1.61,17.81 Cr,823900.0,37.02,0.74,5970300,94850,1.61,0.49,45.0,6.23,14.15 - 45.00,32.04 / 33.49 / 33.90,100.0,99.6,40.45,34.37,32.74,,,,,,,,,,
OFSS,11837.0,6.14,101.0,0.86,-0.3,-0.67,538.0,3.47,-0.04,-5,531,5.87,6,0.08,-525,11837.0,101.0,0.86,1602100.0,53800.0,3.47,63.68 Cr,420000.0,90.56,0.86,1602100,53800,3.47,0.76,44.26,-0.67,13.10 - 55.42,32.67 / 39.60 / 38.51,73.63,95.14,35.48,11.77,14.93,12000.0,1921.0,269.0,1.38,NO,,,,,
OIL,432.0,3.22,5.8,1.36,-3.28,-12.4,109.0,0.86,0.02,4.65,-476,-6.61,-56,-1.81,420,432.0,5.8,1.36,17829000.0,152600.0,0.86,6.59 Cr,1519000.0,-20.4,1.36,17829000,152600,0.86,0.45,23.18,-12.4,14.18 - 47.82,27.94 / 25.74 / 43.02,26.75,14.98,-17.04,-9.95,-46.12,,,,,,,,,,
ONGC,247.12,2.63,0.24,0.1,-2.24,-10.6,-310.0,-0.83,0,0,773,3.09,303,2.65,-470,247.12,0.24,0.1,83493000.0,-697500.0,-0.83,-17.24 Cr,5708250.0,65.38,0.1,83493000,-697500,-0.83,0.46,18.9,-10.6,5.62 - 98.39,21.14 / 22.15 / 24.97,14.31,46.96,-10.6,-14.67,-24.31,250.0,5380.0,825.0,1.17,NO,,,,,
PAGEIND,39870.0,3.88,-565.0,-1.4,-0.9,-3.16,-222.0,-1.49,-0.1,-20.41,833,12.3,-319,-9.64,-1152,39870.0,-565.0,-1.4,293060.0,-4440.0,-1.49,-17.70 Cr,41060.0,28.71,-1.4,293060,-4440,-1.49,0.39,27.56,-3.16,16.49 - 50.83,27.25 / 37.60 / 34.66,32.24,65.59,1.14,-26.7,-20.48,40000.0,1036.0,688.0,0.33,YES,,,,,
PATANJALI,337.5,6.99,-10.05,-2.89,-11.65,-18.75,-1243.0,-4.28,0.03,3.9,-3294,-15.33,-1940,-11.79,1354,337.5,-10.05,-2.89,29914025.0,-1336225.0,-4.28,-45.10 Cr,9997500.0,0.57,-2.89,29914025,-1336225,-4.28,0.8,50.47,-18.75,13.61 - 78.80,87.61 / 62.75 / 52.76,56.54,97.17,-42.39,-19.57,-4.34,,,,,,,,,,
PAYTM,1350.9,6.78,-12.1,-0.89,-2.35,-4.58,-398.0,-1.19,-0.03,-5.26,37,0.16,-697,-5.27,-734,1350.9,-12.1,-0.89,24009825.0,-288550.0,-1.19,-38.98 Cr,3487975.0,-44.24,-0.89,24009825,-288550,-1.19,0.54,49.0,-4.58,14.24 - 65.62,49.72 / 42.11 / 48.70,67.65,96.76,-1.45,16.36,0.62,,,,,,,,,,
PERSISTENT,5164.5,5.17,110.9,2.19,-2.17,-5.49,-736.0,-1.93,0.06,6.32,-216,-1.2,858,5.02,1074,5164.5,110.9,2.19,4680000.0,-92000.0,-1.93,-47.51 Cr,653625.0,-11.18,2.19,4680000,-92000,-1.93,1.01,37.35,-5.49,15.89 - 64.18,43.82 / 66.99 / 57.10,44.44,66.4,-14.76,-44.25,-34.59,5200.0,2006.0,-23.0,0.69,NO,,,,,
PETRONET,274.1,3.48,-2.35,-0.85,-1.82,-6.77,-12.0,-0.07,0.03,3.75,-115,-2.22,41,0.99,156,274.1,-2.35,-0.85,33069500.0,-22800.0,-0.07,-62.49 L,1976000.0,-2.26,-0.85,33069500,-22800,-0.07,0.83,25.08,-6.77,10.66 - 64.00,27.15 / 22.01 / 30.09,27.03,43.32,-7.62,13.95,-16.65,,,,,,,,,,
PFC,406.3,3.44,3.4,0.84,-1.84,-6.9,-841.0,-2.08,0,0,-367,-2.7,-170,-2.09,197,406.3,3.4,0.84,51500800.0,-1093300.0,-2.08,-44.42 Cr,11077300.0,356.65,0.84,51500800,-1093300,-2.08,0.6,24.82,-6.9,13.77 - 46.37,21.83 / 25.29 / 28.46,33.9,34.41,13.7,-1.86,-12.79,,,,,,400.0,1475.0,-237.0,1.55,NO
PGEL,616.85,4.81,-4.7,-0.76,-3.76,-9.78,-172.0,-1.35,-0.01,-1.02,151,2.18,59,0.87,-92,616.85,-4.7,-0.76,11960500.0,-163400.0,-1.35,-10.08 Cr,2706550.0,-32.2,-0.76,11960500,-163400,-1.35,0.97,34.7,-9.78,18.96 - 75.34,37.52 / 35.11 / 47.78,27.92,18.62,-7.52,-1.17,-27.38,,,,,,600.0,1049.0,12.0,2.73,NO
PHOENIXLTD,2079.1,4.33,-15.1,-0.72,-0.43,-1.36,-90.0,-0.94,-0.04,-7.27,131,4.07,-60,-3.42,-191,2079.1,-15.1,-0.72,3335850.0,-31500.0,-0.94,-6.55 Cr,338100.0,-33.2,-0.72,3335850,-31500,-0.94,0.51,31.28,-1.36,14.42 - 106.79,39.90 / 35.86 / 35.15,18.25,78.14,-21.6,-12.77,-11.01,,,,,,,,,,
PIDILITIND,1559.7,2.91,5.4,0.35,-1.17,-5.29,494.0,3.46,0.02,4,-171,-4.62,-3,-0.16,168,1559.7,5.4,0.35,7388000.0,247000.0,3.46,38.52 Cr,708500.0,69.3,0.35,7388000,247000,3.46,0.52,20.96,-5.29,12.70 - 34.64,27.26 / 21.48 / 22.71,37.65,61.13,-23.11,-2.42,-7.71,,,,,,,,,,
PIIND,2623.3,3.71,-19.8,-0.75,-1.47,-5.21,26.0,0.15,0.03,5.17,-158,-2.31,117,2.94,275,2623.3,-19.8,-0.75,2949450.0,4550.0,0.15,1.19 Cr,111300.0,-47.26,-0.75,2949450,4550,0.15,0.61,26.77,-5.21,15.83 - 60.92,32.96 / 33.85 / 39.43,24.26,51.42,-18.78,-20.92,-32.11,,,,,,2600.0,450.0,-10.0,0.89,NO
PNB,106.02,5.1,0.44,0.42,-0.07,-0.19,-675.0,-1.71,-0.09,-10.98,1813,14.03,123,1.16,-1690,106.02,0.44,0.42,310456000.0,-5400000.0,-1.71,-57.25 Cr,35800000.0,63.86,0.42,310456000,-5400000,-1.71,0.73,36.84,-0.19,13.10 - 49.10,29.68 / 24.50 / 26.71,65.94,92.31,24.12,50.37,37.93,,,,,,,,,,
PNBHOUSING,1099.7,5.04,-0.9,-0.08,-0.2,-0.55,-259.0,-2.13,0.02,4.35,-54,-1.3,66,3.46,120,1099.7,-0.9,-0.08,7721350.0,-168350.0,-2.13,-18.51 Cr,817700.0,33.26,-0.08,7721350,-168350,-2.13,0.48,36.35,-0.55,17.31 - 90.49,37.21 / 28.50 / 32.76,26.02,79.76,-2.31,27.54,10.96,1100.0,520.0,39.0,0.03,YES,1080.0,231.0,-15.0,1.79,NO
POLICYBZR,1580.9,5.13,13.7,0.87,-0.85,-2.24,2048.0,7.6,0.01,1.39,154,1.82,217,3.56,63,1580.9,13.7,0.87,10143350.0,716800.0,7.6,113.32 Cr,1924300.0,36.26,0.87,10143350,716800,7.6,0.73,37.08,-2.24,13.79 - 49.94,37.07 / 41.65 / 37.43,64.43,72.06,0.03,-10.97,-0.94,1600.0,1266.0,77.0,1.21,NO,1560.0,766.0,-41.0,1.32,NO
POLYCAB,8862.5,3.89,-379.5,-4.11,-5.55,-16.6,2260.0,11.83,-0.28,-33.33,12602,56.09,765,4.07,-11837,8862.5,-379.5,-4.11,2670625.0,282500.0,11.83,250.37 Cr,1362250.0,-24.3,-4.11,2670625,282500,11.83,0.56,27.89,-16.6,13.83 - 43.96,37.53 / 34.71 / 34.06,46.66,66.4,-25.69,-19.65,-18.12,,,,,,,,,,
POWERGRID,283.7,2.86,2.8,1,0.73,3.68,-1243.0,-3.71,0.04,8.51,-673,-4.82,143,2.16,816,283.7,2.8,1.0,61335800.0,-2361700.0,-3.71,-67.00 Cr,6657600.0,133.44,1,61335800,-2361700,-3.71,0.51,20.56,3.68,10.36 - 40.04,19.87 / 19.35 / 18.31,34.37,60.32,3.47,6.25,12.29,290.0,2650.0,-287.0,2.22,NO,,,,,
POWERINDIA,32150.0,6,-1405.0,-4.19,1.2,2.87,616.0,3.29,-0.18,-24,5291,31.84,41,0.33,-5250,32150.0,-1405.0,-4.19,483750.0,15400.0,3.29,49.51 Cr,108975.0,-4.24,-4.19,483750,15400,3.29,0.57,43.04,2.87,17.79 - 124.75,55.42 / 60.70 / 57.34,23.61,77.95,-22.34,-29.09,-24.94,,,,,,,,,,
PREMIERENE,1083.1,4.72,-20.7,-1.88,-1.88,-5.25,77.0,0.72,-0.04,-5.97,196,3.79,-87,-2.52,-283,1083.1,-20.7,-1.88,7015450.0,50050.0,0.72,5.42 Cr,863200.0,-17.21,-1.88,7015450,50050,0.72,0.63,33.92,-5.25,24.90 - 60.65,38.85 / 33.02 / 29.55,25.23,24.63,-12.69,2.73,14.79,,,,,,,,,,
PRESTIGE,1691.0,4.68,42.3,2.57,-4.3,-11.28,-192.0,-1.68,0.04,7.02,-53,-1.26,156,6.53,209,1691.0,42.3,2.57,5054850.0,-86400.0,-1.68,-14.61 Cr,1075050.0,-22.94,2.57,5054850,-86400,-1.68,0.61,33.81,-11.28,14.99 - 51.78,45.46 / 39.95 / 45.94,51.16,64.37,-25.63,-15.37,-26.4,,,,,,,,,,
RADICO,4100.6,4.7,2.0,0.05,-1.25,-3.57,292.0,9.6,-0.02,-2.2,-37,-1.38,-89,-3.67,-52,4100.6,2.0,0.05,499950.0,43800.0,9.6,17.96 Cr,131550.0,13.16,0.05,499950,43800,9.6,0.89,33.79,-3.57,16.53 - 39.17,34.68 / 30.25 / 28.90,76.24,58.33,-2.57,11.7,16.92,,,,,,,,,,
RBLBANK,369.15,5.94,4.65,1.28,1.64,3.99,67.0,0.45,0.01,1.75,431,5.89,317,7.63,-114,369.15,4.65,1.28,47304325.0,212725.0,0.45,7.85 Cr,8845550.0,-61.88,1.28,47304325,212725,0.45,0.58,42.76,3.99,15.75 - 90.36,49.39 / 41.88 / 39.71,36.2,88.66,-13.42,2.1,7.68,,,,,,,,,,
RECLTD,353.5,3.43,4.9,1.41,-2.35,-8.76,-632.0,-2.26,0.04,6.25,-1034,-8.81,-225,-2.98,809,353.5,4.9,1.41,43107750.0,-995400.0,-2.26,-35.19 Cr,5789700.0,84.72,1.41,43107750,-995400,-2.26,0.68,24.48,-8.76,15.03 - 44.52,23.05 / 28.01 / 31.69,32.04,35.63,6.2,-12.6,-22.75,,,,,,,,,,
RELIANCE,1327.9,3.6,28.8,2.22,-1.35,-4.94,-3703.0,-1.76,0.01,1.69,576,0.42,2678,3.31,2102,1327.9,28.8,2.22,103202500.0,-1851500.0,-1.76,-245.86 Cr,20746500.0,100.48,2.22,103202500,-1851500,-1.76,0.6,25.96,-4.94,8.02 - 29.53,28.35 / 23.58 / 23.85,83.4,89.47,-8.43,10.09,8.85,,,,,,1300.0,8943.0,-776.0,2.1,NO
RVNL,226.46,4.97,-0.89,-0.39,-1.89,-5.02,-101.0,-0.55,0,0,-119,-1,-9,-0.13,110,226.46,-0.89,-0.39,35167825.0,-194425.0,-0.55,-4.40 Cr,3337950.0,5.93,-0.39,35167825,-194425,-0.55,0.6,35.77,-5.02,18.29 - 68.17,30.56 / 25.23 / 35.87,35.04,39.27,17.05,41.78,-0.28,,,,,,,,,,
SAIL,163.08,5.13,-1.2,-0.73,-0.56,-1.49,-61.0,-0.15,-0.02,-3.57,186,3.36,23,0.74,-163,163.08,-1.2,-0.73,195341400.0,-286700.0,-0.15,-4.68 Cr,11693600.0,106.13,-0.73,195341400,-286700,-0.15,0.54,37.04,-1.49,16.62 - 80.83,26.40 / 31.90 / 32.66,31.8,75.71,40.3,16.11,13.41,,,,,,,,,,
SBICARD,654.35,4.94,8.35,1.29,0.63,1.8,-1392.0,-4.17,0.04,8.7,-1189,-6.97,122,1.55,1311,654.35,8.35,1.29,25583200.0,-1113600.0,-4.17,-72.87 Cr,6284000.0,-5.87,1.29,25583200,-1113600,-4.17,0.5,35.66,1.8,14.30 - 62.50,37.67 / 39.70 / 39.53,44.32,92.71,-5.34,-10.18,-9.79,,,,,,,,,,
SBILIFE,1834.1,3.68,8.9,0.49,-0.43,-1.6,56.0,0.29,0.08,12.12,-504,-6.3,231,4.36,735,1834.1,8.9,0.49,7181625.0,21000.0,0.29,3.85 Cr,1041750.0,35.84,0.49,7181625,21000,0.29,0.74,26.39,-1.6,8.10 - 40.80,33.91 / 26.26 / 26.68,55.93,92.71,-22.18,0.5,-1.09,,,,,,1800.0,610.0,186.0,1.86,NO
SBIN,1045.0,3.11,11.1,1.07,-0.81,-3.49,-2252.0,-2.59,0.03,3.9,-2252,-4.02,407,0.95,2659,1045.0,11.1,1.07,63485250.0,-1689000.0,-2.59,-176.50 Cr,11961000.0,152.14,1.07,63485250,-1689000,-2.59,0.8,22.39,-3.49,9.74 - 37.31,24.15 / 22.70 / 21.56,45.88,68.02,-7.29,-1.37,3.85,1050.0,10842.0,2247.0,0.48,YES,,,,,
SENSEX,78129.05,1.4,799.05,1.03,0.85,6.77,-76.0,-3.43,0.15,14.02,4790,17.26,9958,33.39,5168,78129.05,,,,,,,,,1.03,42760,-1520,-3.43,1.22,13.41,6.77,7.66 - 41.34,16.83 / 14.89 / 15.58,17.07,65.18,-20.32,-9.94,-13.93,,,,,,,,,,
SENSEX50,0.0,-,0.0,-,-,-,,-,-,-,-,-,-,-,-,0.0,,,,,,,,,-,0,0,-,,,-,-,- / - / -,,,-,-,-,,,,,,,,,,
SHREECEM,26495.0,3.48,-410.0,-1.52,0.17,0.68,4.0,0.03,-0.08,-10.13,264,11.52,5,0.28,-259,26495.0,-410.0,-1.52,345775.0,100.0,0.03,26.50 L,15975.0,-39.89,-1.52,345775,100,0.03,0.71,25.12,0.68,11.81 - 42.75,30.60 / 34.19 / 32.91,43.02,63.56,-17.91,-26.53,-23.67,27000.0,453.0,99.0,1.91,NO,26000.0,377.0,32.0,1.87,NO
SHRIRAMFIN,1035.7,5.26,8.0,0.78,-0.07,-0.18,-1727.0,-4.79,0.01,1.52,-351,-2.77,-125,-1.49,226,1035.7,8.0,0.78,28338750.0,-1424775.0,-4.79,-147.56 Cr,3073125.0,82.06,0.78,28338750,-1424775,-4.79,0.67,37.88,-0.18,18.47 - 56.96,42.52 / 33.40 / 43.79,50.43,80.16,-10.91,13.41,-13.5,1050.0,2573.0,-26.0,1.38,NO,,,,,
SIEMENS,3645.0,4.71,-8.5,-0.23,-1.7,-4.77,-125.0,-0.56,0.01,2.13,-421,-3.71,-74,-1.4,347,3645.0,-8.5,-0.23,3864875.0,-21875.0,-0.56,-7.97 Cr,458500.0,-85.15,-0.23,3864875,-21875,-0.56,0.48,33.94,-4.77,14.00 - 71.99,26.59 / 29.09 / 28.04,34.39,75.71,27.64,16.67,21.04,3700.0,1994.0,-206.0,1.51,NO,,,,,
SOLARINDS,18483.0,5.11,35.0,0.19,-1.79,-4.63,56.0,0.36,-0.02,-2.7,292,3.77,1,0.02,-291,18483.0,35.0,0.19,772700.0,2800.0,0.36,5.18 Cr,60050.0,7.33,0.19,772700,2800,0.36,0.72,36.87,-4.63,8.66 - 57.71,40.83 / 41.48 / 41.06,57.51,77.33,-9.7,-11.11,-10.2,,,,,,,,,,
SONACOMS,705.0,5.17,18.45,2.69,-2.42,-6.13,914.0,7.14,0.05,7.04,237,3.67,468,10.16,231,705.0,18.45,2.69,16793525.0,1119650.0,7.14,78.94 Cr,6372450.0,44.42,2.69,16793525,1119650,7.14,0.76,37.08,-6.13,20.66 - 97.30,25.30 / 34.26 / 32.32,21.42,78.54,46.56,8.23,14.73,,,,,,,,,,
SRF,2869.8,4.6,-17.0,-0.59,-1.84,-5.27,-355.0,-2.04,0.07,10.29,-633,-6.56,118,1.78,751,2869.8,-17.0,-0.59,3406000.0,-71000.0,-2.04,-20.38 Cr,535000.0,-65.82,-0.59,3406000,-71000,-2.04,0.75,33.08,-5.27,12.58 - 53.21,38.94 / 33.41 / 32.75,50.46,85.83,-15.05,-0.99,1.01,2900.0,1403.0,-215.0,1.05,NO,,,,,
SUNPHARMA,1930.8,2.38,-20.8,-1.07,0.29,1.74,-3282.0,-6.43,-0.04,-7.27,7,0.02,-1046,-6.28,-1053,1930.8,-20.8,-1.07,16727200.0,-1148700.0,-6.43,-221.79 Cr,2523850.0,313.95,-1.07,16727200,-1148700,-6.43,0.51,16.99,1.74,8.21 - 34.78,20.91 / 17.77 / 15.28,33.04,54.25,-18.75,-4.39,11.19,1960.0,8002.0,-146.0,1.51,NO,1900.0,2547.0,-76.0,1.6,NO
SUPREMEIND,3432.4,4.14,-91.1,-2.59,-0.09,-0.3,155.0,1.32,-0.05,-6.85,717,13.56,241,6.27,-476,3432.4,-91.1,-2.59,2087925.0,27125.0,1.32,9.31 Cr,211225.0,-37.53,-2.59,2087925,27125,1.32,0.68,29.56,-0.3,17.47 - 62.87,33.52 / 45.20 / 39.70,26.63,50.2,-11.81,-34.6,-25.54,,,,,,,,,,
SUZLON,52.17,4.96,0.05,0.1,-2.54,-6.62,24.0,0.08,0,0,-732,-3.45,-74,-1.04,658,52.17,0.05,0.1,406603200.0,304800.0,0.08,1.59 Cr,47447200.0,79.1,0.1,406603200,304800,0.08,0.34,35.85,-6.62,10.07 - 87.65,23.03 / 25.60 / 33.32,33.23,56.78,55.67,40.04,7.59,,,,,,52.0,875.0,68.0,0.33,YES
SWIGGY,276.29,5.91,3.11,1.14,-2.09,-4.67,-1714.0,-6.2,0.04,6.35,-749,-7.18,-13,-0.2,736,276.29,3.11,1.14,47283925.0,-3128050.0,-6.2,-86.42 Cr,15550825.0,-47.76,1.14,47283925,-3128050,-6.2,0.67,42.67,-4.67,27.67 - 52.28,75.84 / 57.91 / 55.12,60.95,61.19,-43.74,-26.32,-22.59,,,,,,,,,,
TATACONSUM,1089.5,3.38,-1.2,-0.11,-0.59,-2.36,-101.0,-0.37,0.03,4.41,-124,-1.37,159,2.58,283,1089.5,-1.2,-0.11,15036450.0,-55550.0,-0.37,-6.05 Cr,963600.0,107.34,-0.11,15036450,-55550,-0.37,0.71,24.41,-2.36,15.48 - 41.34,24.62 / 29.18 / 27.60,34.53,70.45,-0.85,-16.35,-11.56,1100.0,1065.0,28.0,0.96,NO,,,,,
TATAELXSI,3501.0,4.49,-8.7,-0.25,-3.39,-9.47,-290.0,-1.05,0,0,-298,-1,-358,-2.6,-60,3501.0,-8.7,-0.25,3404125.0,-36250.0,-1.05,-12.69 Cr,431000.0,-42.71,-0.25,3404125,-36250,-1.05,0.46,32.39,-9.47,14.13 - 58.57,47.96 / 46.67 / 41.52,41.09,55.87,-32.46,-30.6,-21.99,,,,,,3500.0,1446.0,-105.0,0.03,YES
TATAPOWER,377.55,3.76,-0.9,-0.24,1.74,6.89,-2190.0,-5.08,0.04,4.76,-135,-0.71,478,2.97,613,377.55,-0.9,-0.24,59305000.0,-3175500.0,-5.08,-119.89 Cr,5301200.0,42.65,-0.24,59305000,-3175500,-5.08,0.88,27.01,6.89,12.26 - 41.75,17.96 / 19.85 / 20.79,50.02,76.92,50.39,36.07,29.92,,,,,,,,,,
TATASTEEL,185.84,3.56,0.11,0.06,-2.68,-9.45,-4660.0,-6.94,0.02,3.77,-1276,-3.45,-71,-0.36,1205,185.84,0.11,0.06,171773250.0,-12815000.0,-6.94,-238.15 Cr,29166500.0,195.35,0.06,171773250,-12815000,-6.94,0.55,25.67,-9.45,10.03 - 42.90,21.65 / 22.85 / 22.33,47.58,56.28,18.57,12.34,14.96,190.0,6532.0,216.0,2.24,NO,,,,,
TCS,2263.6,3.48,65.0,2.96,-0.31,-1.22,-1587.0,-0.89,0.13,17.11,-6467,-6.15,8041,10.05,14508,2263.6,65.0,2.96,39619800.0,-357075.0,-0.89,-80.83 Cr,8824950.0,13.81,2.96,39619800,-357075,-0.89,0.89,25.15,-1.22,10.28 - 37.75,42.45 / 47.16 / 40.70,54.13,62.75,-40.75,-46.67,-38.21,,,,,,,,,,
TECHM,1574.7,3.78,64.7,4.28,-10.6,-28.06,-1028.0,-2.73,0.19,26.39,-576,-3.53,2692,23.06,3268,1574.7,64.7,4.28,21976800.0,-616800.0,-2.73,-97.13 Cr,11926800.0,71.94,4.28,21976800,-616800,-2.73,0.91,27.17,-28.06,9.15 - 40.19,37.14 / 44.00 / 38.60,58.05,59.92,-26.84,-38.25,-29.61,,,,,,,,,,
TIINDIA,2884.8,4.43,-51.2,-1.74,-1,-3.06,-70.0,-0.74,0.01,2.04,184,6.63,101,7.38,-83,2884.8,-51.2,-1.74,1869800.0,-14000.0,-0.74,-4.04 Cr,204600.0,-10.73,-1.74,1869800,-14000,-0.74,0.5,31.7,-3.06,15.40 - 51.23,24.77 / 32.01 / 38.51,45.49,53.04,27.98,-0.97,-17.68,,,,,,,,,,
TITAN,4636.3,2.82,7.0,0.15,-0.59,-2.84,-595.0,-1.84,0.02,2.44,-51,-0.21,409,2.07,460,4636.3,7.0,0.15,5539800.0,-104125.0,-1.84,-48.28 Cr,570675.0,-25.36,0.15,5539800,-104125,-1.84,0.84,20.21,-2.84,7.46 - 38.76,18.53 / 22.27 / 27.05,40.73,55.47,9.07,-9.25,-25.29,,,,,,,,,,
TMPV,336.8,4.31,3.75,1.13,-3.76,-10.79,-1647.0,-2.96,0.01,2.38,-2290,-4.78,-103,-0.52,2187,336.8,3.75,1.13,86446400.0,-2635200.0,-2.96,-88.75 Cr,8745600.0,29.77,1.13,86446400,-2635200,-2.96,0.43,31.08,-10.79,15.47 - 44.77,31.62 / 28.60 / 41.02,53.28,61.11,-1.71,8.67,-24.23,,,,,,,,,,
TORNTPHARM,4754.8,3.49,-90.7,-1.87,-1.06,-4.04,-552.0,-2.04,-0.04,-5.26,1039,15.63,483,9.5,-556,4754.8,-90.7,-1.87,3305500.0,-69000.0,-2.04,-32.81 Cr,846125.0,-73.3,-1.87,3305500,-69000,-2.04,0.72,25.15,-4.04,10.90 - 56.54,31.80 / 27.98 / 26.28,31.22,72.87,-20.91,-10.11,-4.3,,,,,,4700.0,684.0,410.0,1.15,NO
TRENT,2850.6,3.88,-12.6,-0.44,-1.41,-4.79,-1143.0,-1.98,0.01,1.96,-1111,-2.34,309,1.29,1420,2850.6,-12.6,-0.44,12712275.0,-257175.0,-1.98,-73.31 Cr,937350.0,-2.66,-0.44,12712275,-257175,-1.98,0.52,28.05,-4.79,16.48 - 59.18,73.58 / 57.09 / 58.93,27.1,41.7,-61.88,-50.87,-52.4,,,,,,,,,,
TVSMOTOR,3619.7,4.85,42.2,1.18,-1.55,-4.23,-914.0,-1.23,0.01,1.35,-475,-3.67,-238,-2.47,237,3619.7,42.2,1.18,12848675.0,-159950.0,-1.23,-57.90 Cr,614775.0,-9.25,1.18,12848675,-159950,-1.23,0.75,35.05,-4.23,14.16 - 41.52,27.39 / 33.90 / 33.30,76.35,90.69,27.97,3.39,5.26,,,,,,3600.0,936.0,7.0,0.54,NO
ULTRACEMCO,11730.0,3.94,-45.0,-0.38,-0.55,-1.9,-831.0,-1.89,0.04,7.27,151,1,668,7.96,517,11730.0,-45.0,-0.38,2158600.0,-41550.0,-1.89,-48.74 Cr,280400.0,32.83,-0.38,2158600,-41550,-1.89,0.59,28.43,-1.9,12.30 - 47.01,29.40 / 24.86 / 25.54,46.47,86.64,-3.3,14.36,11.32,12000.0,3419.0,333.0,2.3,NO,11700.0,1118.0,473.0,0.26,YES
UNIONBANK,168.64,4.4,-0.39,-0.23,-1.77,-5.28,-952.0,-3.01,0.02,3.57,-728,-4.29,-58,-0.61,670,168.64,-0.39,-0.23,135648375.0,-4212600.0,-3.01,-71.04 Cr,17399100.0,-27.14,-0.23,135648375,-4212600,-3.01,0.58,31.73,-5.28,12.77 - 48.98,49.51 / 45.40 / 42.49,52.36,57.49,-35.91,-30.11,-25.32,,,,,,,,,,
UNITDSPR,1377.0,4.1,-9.1,-0.66,-0.93,-3.05,151.0,0.66,0.02,2.27,-97,-1.47,52,0.89,149,1377.0,-9.1,-0.66,9202800.0,60400.0,0.66,8.32 Cr,756000.0,-35.87,-0.66,9202800,60400,0.66,0.9,29.54,-3.05,16.23 - 37.59,27.07 / 30.02 / 28.30,62.31,87.85,9.12,-1.6,4.38,1400.0,995.0,18.0,1.67,NO,,,,,
UNOMINDA,1156.4,4.34,2.0,0.17,-1.78,-5.38,-5.0,-0.06,0.02,3.92,-19,-0.54,55,3.08,74,1156.4,2.0,0.17,4743200.0,-2750.0,-0.06,-31.80 L,255750.0,-53.82,0.17,4743200,-2750,-0.06,0.53,31.29,-5.38,13.16 - 45.98,23.04 / 31.28 / 41.07,55.24,53.85,35.81,0.03,-23.81,,,,,,,,,,
UPL,616.9,3.68,-4.45,-0.72,-3.36,-11.22,-46.0,-0.22,-0.05,-6.58,-190,-2.34,-467,-7.6,-277,616.9,-4.45,-0.72,28173160.0,-62330.0,-0.22,-3.85 Cr,3917305.0,-43.39,-0.72,28173160,-62330,-0.22,0.71,26.58,-11.22,13.55 - 62.38,41.42 / 41.65 / 38.71,26.68,58.3,-35.83,-36.18,-31.34,,,,,,600.0,872.0,-37.0,2.74,NO
VBL,463.3,4.05,-4.9,-1.05,-2.17,-6.91,-1655.0,-4,0,0,52,0.27,14,0.16,-38,463.3,-4.9,-1.05,50585625.0,-2110125.0,-4.0,-97.76 Cr,7363125.0,-5.81,-1.05,50585625,-2110125,-4,0.43,29.25,-6.91,12.54 - 58.48,30.21 / 28.78 / 29.78,36.37,65.59,-3.18,1.63,-1.78,,,,,,,,,,
VEDL,253.0,5.37,-5.85,-2.26,-1.91,-4.77,-938.0,-1.66,-0.03,-6.25,1640,3.85,-295,-1.45,-1935,253.0,-5.85,-2.26,63942300.0,-1078700.0,-1.66,-27.29 Cr,10811150.0,60.73,-2.26,63942300,-1078700,-1.66,0.45,38.13,-4.77,0.41 - 51.01,20.89 / 45.31 / 43.67,74.55,69.23,82.53,-15.85,-12.69,,,,,,,,,,
VMM,110.74,5.61,-1.79,-1.59,5.5,15.74,2.0,0.02,0.05,14.71,142,5.03,185,19.07,43,110.74,-1.79,-1.59,44401750.0,9700.0,0.02,10.74 L,5509600.0,124.51,-1.59,44401750,9700,0.02,0.39,40.45,15.74,25.31 - 62.92,23.84 / 30.12 / 29.18,40.26,69.86,69.67,34.3,38.62,,,,,,110.0,221.0,101.0,0.67,NO
VOLTAS,1345.5,4.04,-33.5,-2.43,-1.15,-3.79,229.0,1.09,-0.11,-12.22,635,7.18,-417,-5.26,-1052,1345.5,-33.5,-2.43,7992750.0,85875.0,1.09,11.55 Cr,694500.0,-39.04,-2.43,7992750,85875,1.09,0.79,29.2,-3.79,16.09 - 53.68,40.17 / 32.01 / 31.29,34.88,52.63,-27.31,-8.78,-6.68,,,,,,,,,,
WAAREEENER,2838.7,4.86,7.1,0.25,-0.82,-2.29,-522.0,-1.25,0,0,-492,-2.88,-151,-1.89,341,2838.7,7.1,0.25,7219975.0,-91350.0,-1.25,-25.93 Cr,442050.0,10.02,0.25,7219975,-91350,-1.25,0.47,34.91,-2.29,20.66 - 65.89,25.16 / 30.81 / 26.71,31.51,29.85,38.75,13.31,30.7,,,,,,2800.0,1913.0,-34.0,1.36,NO
WIPRO,173.98,3.63,-2.16,-1.23,-15.82,-37.8,-3970.0,-3.73,-0.06,-8.82,359,1.02,-1748,-7.38,-2107,173.98,-2.16,-1.23,307566000.0,-11910000.0,-3.73,-207.21 Cr,48789000.0,105.24,-1.23,307566000,-11910000,-3.73,0.62,26.03,-37.8,13.16 - 41.85,23.39 / 27.51 / 38.87,44.86,55.87,11.29,-5.38,-33.03,,,,,,170.0,5017.0,26.0,2.29,NO
YESBANK,23.64,5.59,-0.15,-0.63,1.67,4.48,-279.0,-0.7,-0.03,-6.82,1825,10.19,241,3.07,-1584,23.64,-0.15,-0.63,1232150900.0,-8676900.0,-0.7,-20.51 Cr,144490600.0,139.24,-0.63,1232150900,-8676900,-0.7,0.41,38.95,4.48,11.97 - 43.39,20.70 / 26.35 / 37.88,85.87,94.33,88.16,47.82,2.82,,,,,,,,,,
ZYDUSLIFE,1142.8,3.38,-12.2,-1.06,-1.94,-7.37,-79.0,-0.69,0,0,-78,-1.66,-40,-1.44,38,1142.8,-12.2,-1.06,10236600.0,-71100.0,-0.69,-8.13 Cr,902700.0,49.93,-1.06,10236600,-71100,-0.69,0.59,24.4,-7.37,13.77 - 38.88,20.33 / 26.30 / 24.57,42.33,62.35,20.02,-7.22,-0.69,1160.0,731.0,5.0,1.51,NO,,,,,
