Symbol,Price,Price Chg %,OI,OI Chg %,PCR,ATM Straddle %,IV Chg,IV Chg %,Fut OI,Fut OI Chg,Fut OI Chg %,Fut Buildup,Volume,Volume Chg %,Report_Type,Source_File,NTIS Intraday Score,Trade Bias,Reason,Pattern,Pattern_DNA,Pattern_ID
NAM-INDIA,1193.6,1.36,8407500.0,18.55,,,,,,,,,1617500.0,102.66,VOLUME_OI,VolumeAndOISpikesScans_25AUG26_Report_19_8_2026_112906.xlsx,55,NEUTRAL,Positive Price Momentum; Fresh OI Buildup; Volume Expansion,Fresh Long Buildup,NORMALIZATION:1.0|PDNA:1.0|PRICE:PRICE_UP|OI:OI_ACCUMULATION|VOLUME:VOLUME_SURGE|PCR:PCR_NEUTRAL|IV:IV_NORMAL|SCORE:SCORE_NEUTRAL|PATTERN:FRESH LONG BUILDUP|DIRECTION:UNKNOWN,PDNA_55BFC159
POLICYBZR,1775.5,1.34,8055250.0,2.09,,,,,,,,,638750.0,-29.45,VOLUME_OI,VolumeAndOISpikesScans_25AUG26_Report_19_8_2026_112906.xlsx,40,NEUTRAL,Positive Price Momentum; Fresh OI Buildup,Fresh Long Buildup,NORMALIZATION:1.0|PDNA:1.0|PRICE:PRICE_UP|OI:OI_ACCUMULATION|VOLUME:VOLUME_NORMAL|PCR:PCR_NEUTRAL|IV:IV_NORMAL|SCORE:SCORE_NEUTRAL|PATTERN:FRESH LONG BUILDUP|DIRECTION:UNKNOWN,PDNA_10659BEF
PAYTM,1596.0,2.72,16927300.0,5.18,,,,,,,,,3312525.0,-54.16,VOLUME_OI,VolumeAndOISpikesScans_25AUG26_Report_19_8_2026_112906.xlsx,40,NEUTRAL,Positive Price Momentum; Fresh OI Buildup,Fresh Long Buildup,NORMALIZATION:1.0|PDNA:1.0|PRICE:PRICE_STRONG_UP|OI:OI_ACCUMULATION|VOLUME:VOLUME_CONTRACTION|PCR:PCR_NEUTRAL|IV:IV_NORMAL|SCORE:SCORE_NEUTRAL|PATTERN:FRESH LONG BUILDUP|DIRECTION:UNKNOWN,PDNA_B6AFF700
MIDCPNIFTY,14880.65,0.05,1951080.0,10.68,,,,,,,,,262560.0,61.48,VOLUME_OI,VolumeAndOISpikesScans_25AUG26_Report_19_8_2026_112906.xlsx,35,NEUTRAL,Fresh OI Buildup; Volume Expansion,Fresh Long Buildup,NORMALIZATION:1.0|PDNA:1.0|PRICE:PRICE_NEUTRAL|OI:OI_ACCUMULATION|VOLUME:VOLUME_EXPANSION|PCR:PCR_NEUTRAL|IV:IV_NORMAL|SCORE:SCORE_NEUTRAL|PATTERN:FRESH LONG BUILDUP|DIRECTION:UNKNOWN,PDNA_A9DCD04A
MARICO,853.65,0.89,16402800.0,2.15,,,,,,,,,1290000.0,61.41,VOLUME_OI,VolumeAndOISpikesScans_25AUG26_Report_19_8_2026_112906.xlsx,35,NEUTRAL,Fresh OI Buildup; Volume Expansion,Fresh Long Buildup,NORMALIZATION:1.0|PDNA:1.0|PRICE:PRICE_UP|OI:OI_ACCUMULATION|VOLUME:VOLUME_EXPANSION|PCR:PCR_NEUTRAL|IV:IV_NORMAL|SCORE:SCORE_NEUTRAL|PATTERN:FRESH LONG BUILDUP|DIRECTION:UNKNOWN,PDNA_14A37BED
PIDILITIND,1664.5,-0.19,5714000.0,4.23,,,,,,,,,682000.0,55.71,VOLUME_OI,VolumeAndOISpikesScans_25AUG26_Report_19_8_2026_112906.xlsx,35,NEUTRAL,Fresh OI Buildup; Volume Expansion,Short Buildup,NORMALIZATION:1.0|PDNA:1.0|PRICE:PRICE_NEUTRAL|OI:OI_ACCUMULATION|VOLUME:VOLUME_EXPANSION|PCR:PCR_NEUTRAL|IV:IV_NORMAL|SCORE:SCORE_NEUTRAL|PATTERN:SHORT BUILDUP|DIRECTION:UNKNOWN,PDNA_774E10C1
YESBANK,22.65,0.53,1133439500.0,6.09,,,,,,,,,113826000.0,64.57,VOLUME_OI,VolumeAndOISpikesScans_25AUG26_Report_19_8_2026_112906.xlsx,35,NEUTRAL,Fresh OI Buildup; Volume Expansion,Fresh Long Buildup,NORMALIZATION:1.0|PDNA:1.0|PRICE:PRICE_UP|OI:OI_ACCUMULATION|VOLUME:VOLUME_EXPANSION|PCR:PCR_NEUTRAL|IV:IV_NORMAL|SCORE:SCORE_NEUTRAL|PATTERN:FRESH LONG BUILDUP|DIRECTION:UNKNOWN,PDNA_14A37BED
BLUESTARCO,1487.5,-0.29,5585125.0,15.5,,,,,,,,,994825.0,111.4,VOLUME_OI,VolumeAndOISpikesScans_25AUG26_Report_19_8_2026_112906.xlsx,35,NEUTRAL,Fresh OI Buildup; Volume Expansion,Short Buildup,NORMALIZATION:1.0|PDNA:1.0|PRICE:PRICE_NEUTRAL|OI:OI_ACCUMULATION|VOLUME:VOLUME_SURGE|PCR:PCR_NEUTRAL|IV:IV_NORMAL|SCORE:SCORE_NEUTRAL|PATTERN:SHORT BUILDUP|DIRECTION:UNKNOWN,PDNA_C416A764
JINDALSTEL,1116.5,1.32,13604375.0,-0.52,,,,,,,,,1059375.0,29.0,VOLUME_OI,VolumeAndOISpikesScans_25AUG26_Report_19_8_2026_112906.xlsx,20,SELL,Positive Price Momentum,Short Covering,NORMALIZATION:1.0|PDNA:1.0|PRICE:PRICE_UP|OI:OI_NEUTRAL|VOLUME:VOLUME_NORMAL|PCR:PCR_NEUTRAL|IV:IV_NORMAL|SCORE:SCORE_NEUTRAL|PATTERN:SHORT COVERING|DIRECTION:UNKNOWN,PDNA_38B6A5BF
UPL,568.5,1.53,35284200.0,0.72,,,,,,,,,2325180.0,3.31,VOLUME_OI,VolumeAndOISpikesScans_25AUG26_Report_19_8_2026_112906.xlsx,20,SELL,Positive Price Momentum,Fresh Long Buildup,NORMALIZATION:1.0|PDNA:1.0|PRICE:PRICE_UP|OI:OI_NEUTRAL|VOLUME:VOLUME_NORMAL|PCR:PCR_NEUTRAL|IV:IV_NORMAL|SCORE:SCORE_NEUTRAL|PATTERN:FRESH LONG BUILDUP|DIRECTION:UNKNOWN,PDNA_22F47283
KAYNES,3770.0,3.2,3676950.0,0.67,,,,,,,,,401100.0,7.65,VOLUME_OI,VolumeAndOISpikesScans_25AUG26_Report_19_8_2026_112906.xlsx,20,SELL,Positive Price Momentum,Fresh Long Buildup,NORMALIZATION:1.0|PDNA:1.0|PRICE:PRICE_STRONG_UP|OI:OI_NEUTRAL|VOLUME:VOLUME_NORMAL|PCR:PCR_NEUTRAL|IV:IV_NORMAL|SCORE:SCORE_NEUTRAL|PATTERN:FRESH LONG BUILDUP|DIRECTION:UNKNOWN,PDNA_7CB97774
NAUKRI,1360.7,0.57,14061850.0,5.2,,,,,,,,,1189650.0,-19.02,VOLUME_OI,VolumeAndOISpikesScans_25AUG26_Report_19_8_2026_112906.xlsx,20,SELL,Fresh OI Buildup,Fresh Long Buildup,NORMALIZATION:1.0|PDNA:1.0|PRICE:PRICE_UP|OI:OI_ACCUMULATION|VOLUME:VOLUME_NORMAL|PCR:PCR_NEUTRAL|IV:IV_NORMAL|SCORE:SCORE_NEUTRAL|PATTERN:FRESH LONG BUILDUP|DIRECTION:UNKNOWN,PDNA_10659BEF
SUPREMEIND,3611.0,0.26,2409925.0,3.99,,,,,,,,,174475.0,-20.18,VOLUME_OI,VolumeAndOISpikesScans_25AUG26_Report_19_8_2026_112906.xlsx,20,SELL,Fresh OI Buildup,Fresh Long Buildup,NORMALIZATION:1.0|PDNA:1.0|PRICE:PRICE_NEUTRAL|OI:OI_ACCUMULATION|VOLUME:VOLUME_NORMAL|PCR:PCR_NEUTRAL|IV:IV_NORMAL|SCORE:SCORE_NEUTRAL|PATTERN:FRESH LONG BUILDUP|DIRECTION:UNKNOWN,PDNA_13BE845F
COFORGE,1807.8,1.74,13645325.0,0.65,,,,,,,,,1638750.0,-6.02,VOLUME_OI,VolumeAndOISpikesScans_25AUG26_Report_19_8_2026_112906.xlsx,20,SELL,Positive Price Momentum,Fresh Long Buildup,NORMALIZATION:1.0|PDNA:1.0|PRICE:PRICE_UP|OI:OI_NEUTRAL|VOLUME:VOLUME_NORMAL|PCR:PCR_NEUTRAL|IV:IV_NORMAL|SCORE:SCORE_NEUTRAL|PATTERN:FRESH LONG BUILDUP|DIRECTION:UNKNOWN,PDNA_22F47283
FEDERALBNK,358.1,-0.25,87022500.0,2.22,,,,,,,,,4365000.0,-15.53,VOLUME_OI,VolumeAndOISpikesScans_25AUG26_Report_19_8_2026_112906.xlsx,20,SELL,Fresh OI Buildup,Short Buildup,NORMALIZATION:1.0|PDNA:1.0|PRICE:PRICE_NEUTRAL|OI:OI_ACCUMULATION|VOLUME:VOLUME_NORMAL|PCR:PCR_NEUTRAL|IV:IV_NORMAL|SCORE:SCORE_NEUTRAL|PATTERN:SHORT BUILDUP|DIRECTION:UNKNOWN,PDNA_D7C6D91B
LTM,4548.9,-0.84,3167250.0,2.4,,,,,,,,,406050.0,-30.27,VOLUME_OI,VolumeAndOISpikesScans_25AUG26_Report_19_8_2026_112906.xlsx,20,SELL,Fresh OI Buildup,Short Buildup,NORMALIZATION:1.0|PDNA:1.0|PRICE:PRICE_DOWN|OI:OI_ACCUMULATION|VOLUME:VOLUME_NORMAL|PCR:PCR_NEUTRAL|IV:IV_NORMAL|SCORE:SCORE_NEUTRAL|PATTERN:SHORT BUILDUP|DIRECTION:UNKNOWN,PDNA_4D1929E9
HEROMOTOCO,5737.0,0.17,4081950.0,3.12,,,,,,,,,295500.0,-38.24,VOLUME_OI,VolumeAndOISpikesScans_25AUG26_Report_19_8_2026_112906.xlsx,20,SELL,Fresh OI Buildup,Fresh Long Buildup,NORMALIZATION:1.0|PDNA:1.0|PRICE:PRICE_NEUTRAL|OI:OI_ACCUMULATION|VOLUME:VOLUME_NORMAL|PCR:PCR_NEUTRAL|IV:IV_NORMAL|SCORE:SCORE_NEUTRAL|PATTERN:FRESH LONG BUILDUP|DIRECTION:UNKNOWN,PDNA_13BE845F
BRITANNIA,5515.0,0.25,2073875.0,6.69,,,,,,,,,211375.0,-13.86,VOLUME_OI,VolumeAndOISpikesScans_25AUG26_Report_19_8_2026_112906.xlsx,20,SELL,Fresh OI Buildup,Fresh Long Buildup,NORMALIZATION:1.0|PDNA:1.0|PRICE:PRICE_NEUTRAL|OI:OI_ACCUMULATION|VOLUME:VOLUME_NORMAL|PCR:PCR_NEUTRAL|IV:IV_NORMAL|SCORE:SCORE_NEUTRAL|PATTERN:FRESH LONG BUILDUP|DIRECTION:UNKNOWN,PDNA_13BE845F
AUBANK,1070.0,-0.55,20861000.0,5.28,,,,,,,,,1639000.0,-30.14,VOLUME_OI,VolumeAndOISpikesScans_25AUG26_Report_19_8_2026_112906.xlsx,20,SELL,Fresh OI Buildup,Short Buildup,NORMALIZATION:1.0|PDNA:1.0|PRICE:PRICE_DOWN|OI:OI_ACCUMULATION|VOLUME:VOLUME_NORMAL|PCR:PCR_NEUTRAL|IV:IV_NORMAL|SCORE:SCORE_NEUTRAL|PATTERN:SHORT BUILDUP|DIRECTION:UNKNOWN,PDNA_4D1929E9
PETRONET,289.45,1.6,29558300.0,0.85,,,,,,,,,2527000.0,-8.97,VOLUME_OI,VolumeAndOISpikesScans_25AUG26_Report_19_8_2026_112906.xlsx,20,SELL,Positive Price Momentum,Fresh Long Buildup,NORMALIZATION:1.0|PDNA:1.0|PRICE:PRICE_UP|OI:OI_NEUTRAL|VOLUME:VOLUME_NORMAL|PCR:PCR_NEUTRAL|IV:IV_NORMAL|SCORE:SCORE_NEUTRAL|PATTERN:FRESH LONG BUILDUP|DIRECTION:UNKNOWN,PDNA_22F47283
INDUSINDBK,1008.6,-0.61,33406800.0,3.26,,,,,,,,,1558900.0,24.55,VOLUME_OI,VolumeAndOISpikesScans_25AUG26_Report_19_8_2026_112906.xlsx,20,SELL,Fresh OI Buildup,Short Buildup,NORMALIZATION:1.0|PDNA:1.0|PRICE:PRICE_DOWN|OI:OI_ACCUMULATION|VOLUME:VOLUME_NORMAL|PCR:PCR_NEUTRAL|IV:IV_NORMAL|SCORE:SCORE_NEUTRAL|PATTERN:SHORT BUILDUP|DIRECTION:UNKNOWN,PDNA_4D1929E9
ONGC,242.26,1.31,51972750.0,-0.72,,,,,,,,,3701250.0,-62.55,VOLUME_OI,VolumeAndOISpikesScans_25AUG26_Report_19_8_2026_112906.xlsx,20,SELL,Positive Price Momentum,Short Covering,NORMALIZATION:1.0|PDNA:1.0|PRICE:PRICE_UP|OI:OI_NEUTRAL|VOLUME:VOLUME_CONTRACTION|PCR:PCR_NEUTRAL|IV:IV_NORMAL|SCORE:SCORE_NEUTRAL|PATTERN:SHORT COVERING|DIRECTION:UNKNOWN,PDNA_5E358B99
BHARTIARTL,1931.7,-0.57,46791775.0,2.12,,,,,,,,,2050575.0,-75.66,VOLUME_OI,VolumeAndOISpikesScans_25AUG26_Report_19_8_2026_112906.xlsx,20,SELL,Fresh OI Buildup,Short Buildup,NORMALIZATION:1.0|PDNA:1.0|PRICE:PRICE_DOWN|OI:OI_ACCUMULATION|VOLUME:VOLUME_CONTRACTION|PCR:PCR_NEUTRAL|IV:IV_NORMAL|SCORE:SCORE_NEUTRAL|PATTERN:SHORT BUILDUP|DIRECTION:UNKNOWN,PDNA_5792830B
BSE,3377.9,1.77,10136400.0,-0.38,,,,,,,,,1469600.0,-56.46,VOLUME_OI,VolumeAndOISpikesScans_25AUG26_Report_19_8_2026_112906.xlsx,20,SELL,Positive Price Momentum,Short Covering,NORMALIZATION:1.0|PDNA:1.0|PRICE:PRICE_UP|OI:OI_NEUTRAL|VOLUME:VOLUME_CONTRACTION|PCR:PCR_NEUTRAL|IV:IV_NORMAL|SCORE:SCORE_NEUTRAL|PATTERN:SHORT COVERING|DIRECTION:UNKNOWN,PDNA_5E358B99
SENSEX,77190.85,-0.42,48680.0,4.87,,,,,,,,,14420.0,21.79,VOLUME_OI,VolumeAndOISpikesScans_25AUG26_Report_19_8_2026_112906.xlsx,20,SELL,Fresh OI Buildup,Short Buildup,NORMALIZATION:1.0|PDNA:1.0|PRICE:PRICE_NEUTRAL|OI:OI_ACCUMULATION|VOLUME:VOLUME_NORMAL|PCR:PCR_NEUTRAL|IV:IV_NORMAL|SCORE:SCORE_NEUTRAL|PATTERN:SHORT BUILDUP|DIRECTION:UNKNOWN,PDNA_D7C6D91B
SAIL,171.23,-0.86,161318100.0,0.63,,,,,,,,,3943300.0,163.01,VOLUME_OI,VolumeAndOISpikesScans_25AUG26_Report_19_8_2026_112906.xlsx,15,SELL,Volume Expansion,Short Buildup,NORMALIZATION:1.0|PDNA:1.0|PRICE:PRICE_DOWN|OI:OI_NEUTRAL|VOLUME:VOLUME_SURGE|PCR:PCR_NEUTRAL|IV:IV_NORMAL|SCORE:SCORE_NEUTRAL|PATTERN:SHORT BUILDUP|DIRECTION:UNKNOWN,PDNA_F25B9287
NIFTYNXT50,73826.6,-0.53,17275.0,-5.86,,,,,,,,,4450.0,295.56,VOLUME_OI,VolumeAndOISpikesScans_25AUG26_Report_19_8_2026_112906.xlsx,5,SELL,OI Reduction; Volume Expansion,Long Unwinding,NORMALIZATION:1.0|PDNA:1.0|PRICE:PRICE_DOWN|OI:OI_LIQUIDATION|VOLUME:VOLUME_SURGE|PCR:PCR_NEUTRAL|IV:IV_NORMAL|SCORE:SCORE_NEUTRAL|PATTERN:LONG UNWINDING|DIRECTION:UNKNOWN,PDNA_ACA46745
PFC,375.2,0.24,54602600.0,0.04,,,,,,,,,4618900.0,4.13,VOLUME_OI,VolumeAndOISpikesScans_25AUG26_Report_19_8_2026_112906.xlsx,0,SELL,,Fresh Long Buildup,NORMALIZATION:1.0|PDNA:1.0|PRICE:PRICE_NEUTRAL|OI:OI_NEUTRAL|VOLUME:VOLUME_NORMAL|PCR:PCR_NEUTRAL|IV:IV_NORMAL|SCORE:SCORE_NEUTRAL|PATTERN:FRESH LONG BUILDUP|DIRECTION:UNKNOWN,PDNA_EA3015CF
SRF,2596.6,-1.36,4605200.0,0.15,,,,,,,,,198200.0,5.09,VOLUME_OI,VolumeAndOISpikesScans_25AUG26_Report_19_8_2026_112906.xlsx,0,SELL,Negative Price Momentum,Short Buildup,NORMALIZATION:1.0|PDNA:1.0|PRICE:PRICE_DOWN|OI:OI_NEUTRAL|VOLUME:VOLUME_NORMAL|PCR:PCR_NEUTRAL|IV:IV_NORMAL|SCORE:SCORE_NEUTRAL|PATTERN:SHORT BUILDUP|DIRECTION:UNKNOWN,PDNA_FB34F77E
POWERGRID,263.8,-1.75,53068900.0,0.12,,,,,,,,,3081800.0,0.37,VOLUME_OI,VolumeAndOISpikesScans_25AUG26_Report_19_8_2026_112906.xlsx,0,SELL,Negative Price Momentum,Short Buildup,NORMALIZATION:1.0|PDNA:1.0|PRICE:PRICE_DOWN|OI:OI_NEUTRAL|VOLUME:VOLUME_NORMAL|PCR:PCR_NEUTRAL|IV:IV_NORMAL|SCORE:SCORE_NEUTRAL|PATTERN:SHORT BUILDUP|DIRECTION:UNKNOWN,PDNA_FB34F77E
MAZDOCK,2561.8,-1.25,5185575.0,-0.81,,,,,,,,,738900.0,1.96,VOLUME_OI,VolumeAndOISpikesScans_25AUG26_Report_19_8_2026_112906.xlsx,0,SELL,Negative Price Momentum,Long Unwinding,NORMALIZATION:1.0|PDNA:1.0|PRICE:PRICE_DOWN|OI:OI_NEUTRAL|VOLUME:VOLUME_NORMAL|PCR:PCR_NEUTRAL|IV:IV_NORMAL|SCORE:SCORE_NEUTRAL|PATTERN:LONG UNWINDING|DIRECTION:UNKNOWN,PDNA_BED87E66
MANKIND,2398.3,0.08,3102500.0,-0.3,,,,,,,,,204500.0,16.52,VOLUME_OI,VolumeAndOISpikesScans_25AUG26_Report_19_8_2026_112906.xlsx,0,SELL,,Short Covering,NORMALIZATION:1.0|PDNA:1.0|PRICE:PRICE_NEUTRAL|OI:OI_NEUTRAL|VOLUME:VOLUME_NORMAL|PCR:PCR_NEUTRAL|IV:IV_NORMAL|SCORE:SCORE_NEUTRAL|PATTERN:SHORT COVERING|DIRECTION:UNKNOWN,PDNA_7222809C
CGPOWER,865.0,-2.82,19174300.0,1.85,,,,,,,,,1584400.0,10.95,VOLUME_OI,VolumeAndOISpikesScans_25AUG26_Report_19_8_2026_112906.xlsx,0,SELL,Negative Price Momentum,Short Buildup,NORMALIZATION:1.0|PDNA:1.0|PRICE:PRICE_STRONG_DOWN|OI:OI_ACCUMULATION|VOLUME:VOLUME_NORMAL|PCR:PCR_NEUTRAL|IV:IV_NORMAL|SCORE:SCORE_NEUTRAL|PATTERN:SHORT BUILDUP|DIRECTION:UNKNOWN,PDNA_48A439EE
GVT&D,4123.3,-1.89,2962875.0,3.78,,,,,,,,,348000.0,16.63,VOLUME_OI,VolumeAndOISpikesScans_25AUG26_Report_19_8_2026_112906.xlsx,0,SELL,Negative Price Momentum; Fresh OI Buildup,Short Buildup,NORMALIZATION:1.0|PDNA:1.0|PRICE:PRICE_DOWN|OI:OI_ACCUMULATION|VOLUME:VOLUME_NORMAL|PCR:PCR_NEUTRAL|IV:IV_NORMAL|SCORE:SCORE_NEUTRAL|PATTERN:SHORT BUILDUP|DIRECTION:UNKNOWN,PDNA_4D1929E9
NATIONALUM,384.05,-0.61,40078125.0,0.06,,,,,,,,,3804375.0,45.87,VOLUME_OI,VolumeAndOISpikesScans_25AUG26_Report_19_8_2026_112906.xlsx,0,SELL,,Short Buildup,NORMALIZATION:1.0|PDNA:1.0|PRICE:PRICE_DOWN|OI:OI_NEUTRAL|VOLUME:VOLUME_NORMAL|PCR:PCR_NEUTRAL|IV:IV_NORMAL|SCORE:SCORE_NEUTRAL|PATTERN:SHORT BUILDUP|DIRECTION:UNKNOWN,PDNA_FB34F77E
RVNL,222.28,-1.0,37133250.0,0.15,,,,,,,,,2727725.0,-10.94,VOLUME_OI,VolumeAndOISpikesScans_25AUG26_Report_19_8_2026_112906.xlsx,0,SELL,,Short Buildup,NORMALIZATION:1.0|PDNA:1.0|PRICE:PRICE_DOWN|OI:OI_NEUTRAL|VOLUME:VOLUME_NORMAL|PCR:PCR_NEUTRAL|IV:IV_NORMAL|SCORE:SCORE_NEUTRAL|PATTERN:SHORT BUILDUP|DIRECTION:UNKNOWN,PDNA_FB34F77E
GODFRYPHLP,2125.0,0.67,1734425.0,0.57,,,,,,,,,132275.0,-10.59,VOLUME_OI,VolumeAndOISpikesScans_25AUG26_Report_19_8_2026_112906.xlsx,0,SELL,,Fresh Long Buildup,NORMALIZATION:1.0|PDNA:1.0|PRICE:PRICE_UP|OI:OI_NEUTRAL|VOLUME:VOLUME_NORMAL|PCR:PCR_NEUTRAL|IV:IV_NORMAL|SCORE:SCORE_NEUTRAL|PATTERN:FRESH LONG BUILDUP|DIRECTION:UNKNOWN,PDNA_22F47283
ADANIGREEN,1288.0,-1.9,25999200.0,-0.6,,,,,,,,,1433400.0,7.37,VOLUME_OI,VolumeAndOISpikesScans_25AUG26_Report_19_8_2026_112906.xlsx,0,SELL,Negative Price Momentum,Long Unwinding,NORMALIZATION:1.0|PDNA:1.0|PRICE:PRICE_DOWN|OI:OI_NEUTRAL|VOLUME:VOLUME_NORMAL|PCR:PCR_NEUTRAL|IV:IV_NORMAL|SCORE:SCORE_NEUTRAL|PATTERN:LONG UNWINDING|DIRECTION:UNKNOWN,PDNA_BED87E66
KALYANKJIL,594.8,-1.7,29712150.0,-1.56,,,,,,,,,2976750.0,5.55,VOLUME_OI,VolumeAndOISpikesScans_25AUG26_Report_19_8_2026_112906.xlsx,0,SELL,Negative Price Momentum,Long Unwinding,NORMALIZATION:1.0|PDNA:1.0|PRICE:PRICE_DOWN|OI:OI_LIQUIDATION|VOLUME:VOLUME_NORMAL|PCR:PCR_NEUTRAL|IV:IV_NORMAL|SCORE:SCORE_NEUTRAL|PATTERN:LONG UNWINDING|DIRECTION:UNKNOWN,PDNA_841BBF4A
BAJFINANCE,1082.8,-0.97,52503750.0,0.35,,,,,,,,,3108750.0,-2.9,VOLUME_OI,VolumeAndOISpikesScans_25AUG26_Report_19_8_2026_112906.xlsx,0,SELL,,Short Buildup,NORMALIZATION:1.0|PDNA:1.0|PRICE:PRICE_DOWN|OI:OI_NEUTRAL|VOLUME:VOLUME_NORMAL|PCR:PCR_NEUTRAL|IV:IV_NORMAL|SCORE:SCORE_NEUTRAL|PATTERN:SHORT BUILDUP|DIRECTION:UNKNOWN,PDNA_FB34F77E
NTPC,335.2,-0.86,96615000.0,0.4,,,,,,,,,6718500.0,-2.61,VOLUME_OI,VolumeAndOISpikesScans_25AUG26_Report_19_8_2026_112906.xlsx,0,SELL,,Short Buildup,NORMALIZATION:1.0|PDNA:1.0|PRICE:PRICE_DOWN|OI:OI_NEUTRAL|VOLUME:VOLUME_NORMAL|PCR:PCR_NEUTRAL|IV:IV_NORMAL|SCORE:SCORE_NEUTRAL|PATTERN:SHORT BUILDUP|DIRECTION:UNKNOWN,PDNA_FB34F77E
SHREECEM,24385.0,-1.2,359550.0,0.2,,,,,,,,,27675.0,-18.9,VOLUME_OI,VolumeAndOISpikesScans_25AUG26_Report_19_8_2026_112906.xlsx,0,SELL,Negative Price Momentum,Short Buildup,NORMALIZATION:1.0|PDNA:1.0|PRICE:PRICE_DOWN|OI:OI_NEUTRAL|VOLUME:VOLUME_NORMAL|PCR:PCR_NEUTRAL|IV:IV_NORMAL|SCORE:SCORE_NEUTRAL|PATTERN:SHORT BUILDUP|DIRECTION:UNKNOWN,PDNA_FB34F77E
ICICIPRULI,496.7,-0.91,17389075.0,0.13,,,,,,,,,1599325.0,-18.17,VOLUME_OI,VolumeAndOISpikesScans_25AUG26_Report_19_8_2026_112906.xlsx,0,SELL,,Short Buildup,NORMALIZATION:1.0|PDNA:1.0|PRICE:PRICE_DOWN|OI:OI_NEUTRAL|VOLUME:VOLUME_NORMAL|PCR:PCR_NEUTRAL|IV:IV_NORMAL|SCORE:SCORE_NEUTRAL|PATTERN:SHORT BUILDUP|DIRECTION:UNKNOWN,PDNA_FB34F77E
GMRAIRPORT,101.46,-0.49,132894675.0,0.47,,,,,,,,,6947100.0,-19.16,VOLUME_OI,VolumeAndOISpikesScans_25AUG26_Report_19_8_2026_112906.xlsx,0,SELL,,Short Buildup,NORMALIZATION:1.0|PDNA:1.0|PRICE:PRICE_NEUTRAL|OI:OI_NEUTRAL|VOLUME:VOLUME_NORMAL|PCR:PCR_NEUTRAL|IV:IV_NORMAL|SCORE:SCORE_NEUTRAL|PATTERN:SHORT BUILDUP|DIRECTION:UNKNOWN,PDNA_9DD87968
BANKINDIA,142.1,-0.32,84032000.0,-0.04,,,,,,,,,2771600.0,-19.61,VOLUME_OI,VolumeAndOISpikesScans_25AUG26_Report_19_8_2026_112906.xlsx,0,SELL,,Long Unwinding,NORMALIZATION:1.0|PDNA:1.0|PRICE:PRICE_NEUTRAL|OI:OI_NEUTRAL|VOLUME:VOLUME_NORMAL|PCR:PCR_NEUTRAL|IV:IV_NORMAL|SCORE:SCORE_NEUTRAL|PATTERN:LONG UNWINDING|DIRECTION:UNKNOWN,PDNA_1D3127C4
IEX,123.39,-0.26,71822850.0,-0.1,,,,,,,,,2496900.0,-20.28,VOLUME_OI,VolumeAndOISpikesScans_25AUG26_Report_19_8_2026_112906.xlsx,0,SELL,,Long Unwinding,NORMALIZATION:1.0|PDNA:1.0|PRICE:PRICE_NEUTRAL|OI:OI_NEUTRAL|VOLUME:VOLUME_NORMAL|PCR:PCR_NEUTRAL|IV:IV_NORMAL|SCORE:SCORE_NEUTRAL|PATTERN:LONG UNWINDING|DIRECTION:UNKNOWN,PDNA_1D3127C4
IREDA,114.2,0.18,87640200.0,0.74,,,,,,,,,6651750.0,-20.41,VOLUME_OI,VolumeAndOISpikesScans_25AUG26_Report_19_8_2026_112906.xlsx,0,SELL,,Fresh Long Buildup,NORMALIZATION:1.0|PDNA:1.0|PRICE:PRICE_NEUTRAL|OI:OI_NEUTRAL|VOLUME:VOLUME_NORMAL|PCR:PCR_NEUTRAL|IV:IV_NORMAL|SCORE:SCORE_NEUTRAL|PATTERN:FRESH LONG BUILDUP|DIRECTION:UNKNOWN,PDNA_EA3015CF
ADANIENSOL,1552.0,-3.28,19217250.0,0.36,,,,,,,,,1084725.0,-20.72,VOLUME_OI,VolumeAndOISpikesScans_25AUG26_Report_19_8_2026_112906.xlsx,0,SELL,Negative Price Momentum,Short Buildup,NORMALIZATION:1.0|PDNA:1.0|PRICE:PRICE_STRONG_DOWN|OI:OI_NEUTRAL|VOLUME:VOLUME_NORMAL|PCR:PCR_NEUTRAL|IV:IV_NORMAL|SCORE:SCORE_NEUTRAL|PATTERN:SHORT BUILDUP|DIRECTION:UNKNOWN,PDNA_8987142F
SBIN,1050.1,-0.4,75606750.0,0.02,,,,,,,,,4478250.0,-21.13,VOLUME_OI,VolumeAndOISpikesScans_25AUG26_Report_19_8_2026_112906.xlsx,0,SELL,,Short Buildup,NORMALIZATION:1.0|PDNA:1.0|PRICE:PRICE_NEUTRAL|OI:OI_NEUTRAL|VOLUME:VOLUME_NORMAL|PCR:PCR_NEUTRAL|IV:IV_NORMAL|SCORE:SCORE_NEUTRAL|PATTERN:SHORT BUILDUP|DIRECTION:UNKNOWN,PDNA_9DD87968
CUMMINSIND,5268.0,-2.23,4559800.0,0.43,,,,,,,,,131000.0,-24.28,VOLUME_OI,VolumeAndOISpikesScans_25AUG26_Report_19_8_2026_112906.xlsx,0,SELL,Negative Price Momentum,Short Buildup,NORMALIZATION:1.0|PDNA:1.0|PRICE:PRICE_STRONG_DOWN|OI:OI_NEUTRAL|VOLUME:VOLUME_NORMAL|PCR:PCR_NEUTRAL|IV:IV_NORMAL|SCORE:SCORE_NEUTRAL|PATTERN:SHORT BUILDUP|DIRECTION:UNKNOWN,PDNA_8987142F
KFINTECH,939.35,-0.9,5210650.0,1.27,,,,,,,,,1111475.0,-24.73,VOLUME_OI,VolumeAndOISpikesScans_25AUG26_Report_19_8_2026_112906.xlsx,0,SELL,,Short Buildup,NORMALIZATION:1.0|PDNA:1.0|PRICE:PRICE_DOWN|OI:OI_NEUTRAL|VOLUME:VOLUME_NORMAL|PCR:PCR_NEUTRAL|IV:IV_NORMAL|SCORE:SCORE_NEUTRAL|PATTERN:SHORT BUILDUP|DIRECTION:UNKNOWN,PDNA_FB34F77E
BANDHANBNK,168.56,-1.63,126817200.0,-0.1,,,,,,,,,925200.0,-25.29,VOLUME_OI,VolumeAndOISpikesScans_25AUG26_Report_19_8_2026_112906.xlsx,0,SELL,Negative Price Momentum,Long Unwinding,NORMALIZATION:1.0|PDNA:1.0|PRICE:PRICE_DOWN|OI:OI_NEUTRAL|VOLUME:VOLUME_NORMAL|PCR:PCR_NEUTRAL|IV:IV_NORMAL|SCORE:SCORE_NEUTRAL|PATTERN:LONG UNWINDING|DIRECTION:UNKNOWN,PDNA_BED87E66
ZYDUSLIFE,1123.8,0.36,10825200.0,-0.75,,,,,,,,,661500.0,-25.3,VOLUME_OI,VolumeAndOISpikesScans_25AUG26_Report_19_8_2026_112906.xlsx,0,SELL,,Short Covering,NORMALIZATION:1.0|PDNA:1.0|PRICE:PRICE_NEUTRAL|OI:OI_NEUTRAL|VOLUME:VOLUME_NORMAL|PCR:PCR_NEUTRAL|IV:IV_NORMAL|SCORE:SCORE_NEUTRAL|PATTERN:SHORT COVERING|DIRECTION:UNKNOWN,PDNA_7222809C
IRFC,85.2,-0.91,93885050.0,0.87,,,,,,,,,8153775.0,-10.22,VOLUME_OI,VolumeAndOISpikesScans_25AUG26_Report_19_8_2026_112906.xlsx,0,SELL,,Short Buildup,NORMALIZATION:1.0|PDNA:1.0|PRICE:PRICE_DOWN|OI:OI_NEUTRAL|VOLUME:VOLUME_NORMAL|PCR:PCR_NEUTRAL|IV:IV_NORMAL|SCORE:SCORE_NEUTRAL|PATTERN:SHORT BUILDUP|DIRECTION:UNKNOWN,PDNA_FB34F77E
CONCOR,513.55,-1.33,22153750.0,-0.01,,,,,,,,,1145000.0,-3.17,VOLUME_OI,VolumeAndOISpikesScans_25AUG26_Report_19_8_2026_112906.xlsx,0,SELL,Negative Price Momentum,Long Unwinding,NORMALIZATION:1.0|PDNA:1.0|PRICE:PRICE_DOWN|OI:OI_NEUTRAL|VOLUME:VOLUME_NORMAL|PCR:PCR_NEUTRAL|IV:IV_NORMAL|SCORE:SCORE_NEUTRAL|PATTERN:LONG UNWINDING|DIRECTION:UNKNOWN,PDNA_BED87E66
TCS,2280.1,-0.38,31063950.0,0.32,,,,,,,,,1405350.0,0.05,VOLUME_OI,VolumeAndOISpikesScans_25AUG26_Report_19_8_2026_112906.xlsx,0,SELL,,Short Buildup,NORMALIZATION:1.0|PDNA:1.0|PRICE:PRICE_NEUTRAL|OI:OI_NEUTRAL|VOLUME:VOLUME_NORMAL|PCR:PCR_NEUTRAL|IV:IV_NORMAL|SCORE:SCORE_NEUTRAL|PATTERN:SHORT BUILDUP|DIRECTION:UNKNOWN,PDNA_9DD87968
AMBUJACEM,406.95,-1.26,84997200.0,-0.12,,,,,,,,,2762400.0,-0.56,VOLUME_OI,VolumeAndOISpikesScans_25AUG26_Report_19_8_2026_112906.xlsx,0,SELL,Negative Price Momentum,Long Unwinding,NORMALIZATION:1.0|PDNA:1.0|PRICE:PRICE_DOWN|OI:OI_NEUTRAL|VOLUME:VOLUME_NORMAL|PCR:PCR_NEUTRAL|IV:IV_NORMAL|SCORE:SCORE_NEUTRAL|PATTERN:LONG UNWINDING|DIRECTION:UNKNOWN,PDNA_BED87E66
NESTLEIND,1470.1,0.38,7753500.0,0.56,,,,,,,,,474000.0,-26.57,VOLUME_OI,VolumeAndOISpikesScans_25AUG26_Report_19_8_2026_112906.xlsx,0,SELL,,Fresh Long Buildup,NORMALIZATION:1.0|PDNA:1.0|PRICE:PRICE_NEUTRAL|OI:OI_NEUTRAL|VOLUME:VOLUME_NORMAL|PCR:PCR_NEUTRAL|IV:IV_NORMAL|SCORE:SCORE_NEUTRAL|PATTERN:FRESH LONG BUILDUP|DIRECTION:UNKNOWN,PDNA_EA3015CF
LICI,413.2,0.57,50225000.0,-0.7,,,,,,,,,649600.0,-25.64,VOLUME_OI,VolumeAndOISpikesScans_25AUG26_Report_19_8_2026_112906.xlsx,0,SELL,,Short Covering,NORMALIZATION:1.0|PDNA:1.0|PRICE:PRICE_UP|OI:OI_NEUTRAL|VOLUME:VOLUME_NORMAL|PCR:PCR_NEUTRAL|IV:IV_NORMAL|SCORE:SCORE_NEUTRAL|PATTERN:SHORT COVERING|DIRECTION:UNKNOWN,PDNA_38B6A5BF
HINDZINC,552.8,-1.06,25892825.0,0.04,,,,,,,,,1750525.0,-25.61,VOLUME_OI,VolumeAndOISpikesScans_25AUG26_Report_19_8_2026_112906.xlsx,0,SELL,Negative Price Momentum,Short Buildup,NORMALIZATION:1.0|PDNA:1.0|PRICE:PRICE_DOWN|OI:OI_NEUTRAL|VOLUME:VOLUME_NORMAL|PCR:PCR_NEUTRAL|IV:IV_NORMAL|SCORE:SCORE_NEUTRAL|PATTERN:SHORT BUILDUP|DIRECTION:UNKNOWN,PDNA_FB34F77E
SIEMENS,3906.1,-1.24,3336025.0,-0.42,,,,,,,,,123375.0,-25.32,VOLUME_OI,VolumeAndOISpikesScans_25AUG26_Report_19_8_2026_112906.xlsx,0,SELL,Negative Price Momentum,Long Unwinding,NORMALIZATION:1.0|PDNA:1.0|PRICE:PRICE_DOWN|OI:OI_NEUTRAL|VOLUME:VOLUME_NORMAL|PCR:PCR_NEUTRAL|IV:IV_NORMAL|SCORE:SCORE_NEUTRAL|PATTERN:LONG UNWINDING|DIRECTION:UNKNOWN,PDNA_BED87E66
LAURUSLABS,1794.6,-1.18,15266850.0,0.21,,,,,,,,,1337050.0,-29.46,VOLUME_OI,VolumeAndOISpikesScans_25AUG26_Report_19_8_2026_112906.xlsx,0,SELL,Negative Price Momentum,Short Buildup,NORMALIZATION:1.0|PDNA:1.0|PRICE:PRICE_DOWN|OI:OI_NEUTRAL|VOLUME:VOLUME_NORMAL|PCR:PCR_NEUTRAL|IV:IV_NORMAL|SCORE:SCORE_NEUTRAL|PATTERN:SHORT BUILDUP|DIRECTION:UNKNOWN,PDNA_FB34F77E
NYKAA,324.7,0.87,48306250.0,-0.1,,,,,,,,,1628125.0,-30.81,VOLUME_OI,VolumeAndOISpikesScans_25AUG26_Report_19_8_2026_112906.xlsx,0,SELL,,Short Covering,NORMALIZATION:1.0|PDNA:1.0|PRICE:PRICE_UP|OI:OI_NEUTRAL|VOLUME:VOLUME_NORMAL|PCR:PCR_NEUTRAL|IV:IV_NORMAL|SCORE:SCORE_NEUTRAL|PATTERN:SHORT COVERING|DIRECTION:UNKNOWN,PDNA_38B6A5BF
MOTILALOFS,942.4,0.03,6255025.0,-0.53,,,,,,,,,982700.0,-31.86,VOLUME_OI,VolumeAndOISpikesScans_25AUG26_Report_19_8_2026_112906.xlsx,0,SELL,,Short Covering,NORMALIZATION:1.0|PDNA:1.0|PRICE:PRICE_NEUTRAL|OI:OI_NEUTRAL|VOLUME:VOLUME_NORMAL|PCR:PCR_NEUTRAL|IV:IV_NORMAL|SCORE:SCORE_NEUTRAL|PATTERN:SHORT COVERING|DIRECTION:UNKNOWN,PDNA_7222809C
UNOMINDA,1279.9,0.16,5735400.0,0.1,,,,,,,,,309650.0,-26.98,VOLUME_OI,VolumeAndOISpikesScans_25AUG26_Report_19_8_2026_112906.xlsx,0,SELL,,Fresh Long Buildup,NORMALIZATION:1.0|PDNA:1.0|PRICE:PRICE_NEUTRAL|OI:OI_NEUTRAL|VOLUME:VOLUME_NORMAL|PCR:PCR_NEUTRAL|IV:IV_NORMAL|SCORE:SCORE_NEUTRAL|PATTERN:FRESH LONG BUILDUP|DIRECTION:UNKNOWN,PDNA_EA3015CF
ADANIENT,2986.1,-0.83,15334434.0,0.07,,,,,,,,,535497.0,-32.88,VOLUME_OI,VolumeAndOISpikesScans_25AUG26_Report_19_8_2026_112906.xlsx,0,SELL,,Short Buildup,NORMALIZATION:1.0|PDNA:1.0|PRICE:PRICE_DOWN|OI:OI_NEUTRAL|VOLUME:VOLUME_NORMAL|PCR:PCR_NEUTRAL|IV:IV_NORMAL|SCORE:SCORE_NEUTRAL|PATTERN:SHORT BUILDUP|DIRECTION:UNKNOWN,PDNA_FB34F77E
PNBHOUSING,1155.6,1.0,7986550.0,-0.22,,,,,,,,,378300.0,-32.95,VOLUME_OI,VolumeAndOISpikesScans_25AUG26_Report_19_8_2026_112906.xlsx,0,SELL,,Short Covering,NORMALIZATION:1.0|PDNA:1.0|PRICE:PRICE_UP|OI:OI_NEUTRAL|VOLUME:VOLUME_NORMAL|PCR:PCR_NEUTRAL|IV:IV_NORMAL|SCORE:SCORE_NEUTRAL|PATTERN:SHORT COVERING|DIRECTION:UNKNOWN,PDNA_38B6A5BF
TITAN,5060.4,-0.05,4721500.0,-0.56,,,,,,,,,197225.0,-33.08,VOLUME_OI,VolumeAndOISpikesScans_25AUG26_Report_19_8_2026_112906.xlsx,0,SELL,,Long Unwinding,NORMALIZATION:1.0|PDNA:1.0|PRICE:PRICE_NEUTRAL|OI:OI_NEUTRAL|VOLUME:VOLUME_NORMAL|PCR:PCR_NEUTRAL|IV:IV_NORMAL|SCORE:SCORE_NEUTRAL|PATTERN:LONG UNWINDING|DIRECTION:UNKNOWN,PDNA_1D3127C4
GRASIM,3244.3,-0.88,10864500.0,0.82,,,,,,,,,886750.0,-33.18,VOLUME_OI,VolumeAndOISpikesScans_25AUG26_Report_19_8_2026_112906.xlsx,0,SELL,,Short Buildup,NORMALIZATION:1.0|PDNA:1.0|PRICE:PRICE_DOWN|OI:OI_NEUTRAL|VOLUME:VOLUME_NORMAL|PCR:PCR_NEUTRAL|IV:IV_NORMAL|SCORE:SCORE_NEUTRAL|PATTERN:SHORT BUILDUP|DIRECTION:UNKNOWN,PDNA_FB34F77E
SBILIFE,1763.7,-0.94,5883000.0,1.1,,,,,,,,,232125.0,-33.37,VOLUME_OI,VolumeAndOISpikesScans_25AUG26_Report_19_8_2026_112906.xlsx,0,SELL,,Short Buildup,NORMALIZATION:1.0|PDNA:1.0|PRICE:PRICE_DOWN|OI:OI_NEUTRAL|VOLUME:VOLUME_NORMAL|PCR:PCR_NEUTRAL|IV:IV_NORMAL|SCORE:SCORE_NEUTRAL|PATTERN:SHORT BUILDUP|DIRECTION:UNKNOWN,PDNA_FB34F77E
GODREJPROP,1991.5,-1.03,8523775.0,1.87,,,,,,,,,525525.0,-33.73,VOLUME_OI,VolumeAndOISpikesScans_25AUG26_Report_19_8_2026_112906.xlsx,0,SELL,Negative Price Momentum,Short Buildup,NORMALIZATION:1.0|PDNA:1.0|PRICE:PRICE_DOWN|OI:OI_ACCUMULATION|VOLUME:VOLUME_NORMAL|PCR:PCR_NEUTRAL|IV:IV_NORMAL|SCORE:SCORE_NEUTRAL|PATTERN:SHORT BUILDUP|DIRECTION:UNKNOWN,PDNA_4D1929E9
ETERNAL,318.3,0.36,140994350.0,0.36,,,,,,,,,6770600.0,-35.27,VOLUME_OI,VolumeAndOISpikesScans_25AUG26_Report_19_8_2026_112906.xlsx,0,SELL,,Fresh Long Buildup,NORMALIZATION:1.0|PDNA:1.0|PRICE:PRICE_NEUTRAL|OI:OI_NEUTRAL|VOLUME:VOLUME_NORMAL|PCR:PCR_NEUTRAL|IV:IV_NORMAL|SCORE:SCORE_NEUTRAL|PATTERN:FRESH LONG BUILDUP|DIRECTION:UNKNOWN,PDNA_EA3015CF
VEDL,262.85,-1.0,59226150.0,1.38,,,,,,,,,2837050.0,-32.36,VOLUME_OI,VolumeAndOISpikesScans_25AUG26_Report_19_8_2026_112906.xlsx,0,SELL,,Short Buildup,NORMALIZATION:1.0|PDNA:1.0|PRICE:PRICE_DOWN|OI:OI_NEUTRAL|VOLUME:VOLUME_NORMAL|PCR:PCR_NEUTRAL|IV:IV_NORMAL|SCORE:SCORE_NEUTRAL|PATTERN:SHORT BUILDUP|DIRECTION:UNKNOWN,PDNA_FB34F77E
ABB,7451.0,-1.78,2070375.0,-0.93,,,,,,,,,124625.0,-35.47,VOLUME_OI,VolumeAndOISpikesScans_25AUG26_Report_19_8_2026_112906.xlsx,0,SELL,Negative Price Momentum,Long Unwinding,NORMALIZATION:1.0|PDNA:1.0|PRICE:PRICE_DOWN|OI:OI_NEUTRAL|VOLUME:VOLUME_NORMAL|PCR:PCR_NEUTRAL|IV:IV_NORMAL|SCORE:SCORE_NEUTRAL|PATTERN:LONG UNWINDING|DIRECTION:UNKNOWN,PDNA_BED87E66
COALINDIA,401.2,-1.73,76470750.0,0.14,,,,,,,,,3044250.0,-35.83,VOLUME_OI,VolumeAndOISpikesScans_25AUG26_Report_19_8_2026_112906.xlsx,0,SELL,Negative Price Momentum,Short Buildup,NORMALIZATION:1.0|PDNA:1.0|PRICE:PRICE_DOWN|OI:OI_NEUTRAL|VOLUME:VOLUME_NORMAL|PCR:PCR_NEUTRAL|IV:IV_NORMAL|SCORE:SCORE_NEUTRAL|PATTERN:SHORT BUILDUP|DIRECTION:UNKNOWN,PDNA_FB34F77E
OFSS,11740.0,0.91,1207500.0,0.39,,,,,,,,,71600.0,-36.01,VOLUME_OI,VolumeAndOISpikesScans_25AUG26_Report_19_8_2026_112906.xlsx,0,SELL,,Fresh Long Buildup,NORMALIZATION:1.0|PDNA:1.0|PRICE:PRICE_UP|OI:OI_NEUTRAL|VOLUME:VOLUME_NORMAL|PCR:PCR_NEUTRAL|IV:IV_NORMAL|SCORE:SCORE_NEUTRAL|PATTERN:FRESH LONG BUILDUP|DIRECTION:UNKNOWN,PDNA_22F47283
MCX,2984.7,-1.72,7868025.0,4.49,,,,,,,,,1467900.0,-35.85,VOLUME_OI,VolumeAndOISpikesScans_25AUG26_Report_19_8_2026_112906.xlsx,0,SELL,Negative Price Momentum; Fresh OI Buildup,Short Buildup,NORMALIZATION:1.0|PDNA:1.0|PRICE:PRICE_DOWN|OI:OI_ACCUMULATION|VOLUME:VOLUME_NORMAL|PCR:PCR_NEUTRAL|IV:IV_NORMAL|SCORE:SCORE_NEUTRAL|PATTERN:SHORT BUILDUP|DIRECTION:UNKNOWN,PDNA_4D1929E9
PIIND,2510.5,0.21,3945900.0,0.96,,,,,,,,,236950.0,-36.43,VOLUME_OI,VolumeAndOISpikesScans_25AUG26_Report_19_8_2026_112906.xlsx,0,SELL,,Fresh Long Buildup,NORMALIZATION:1.0|PDNA:1.0|PRICE:PRICE_NEUTRAL|OI:OI_NEUTRAL|VOLUME:VOLUME_NORMAL|PCR:PCR_NEUTRAL|IV:IV_NORMAL|SCORE:SCORE_NEUTRAL|PATTERN:FRESH LONG BUILDUP|DIRECTION:UNKNOWN,PDNA_EA3015CF
PERSISTENT,5515.0,0.88,3289625.0,1.45,,,,,,,,,296250.0,-37.48,VOLUME_OI,VolumeAndOISpikesScans_25AUG26_Report_19_8_2026_112906.xlsx,0,SELL,,Fresh Long Buildup,NORMALIZATION:1.0|PDNA:1.0|PRICE:PRICE_UP|OI:OI_NEUTRAL|VOLUME:VOLUME_NORMAL|PCR:PCR_NEUTRAL|IV:IV_NORMAL|SCORE:SCORE_NEUTRAL|PATTERN:FRESH LONG BUILDUP|DIRECTION:UNKNOWN,PDNA_22F47283
NBCC,87.4,-0.66,98501000.0,-0.16,,,,,,,,,4108000.0,-37.67,VOLUME_OI,VolumeAndOISpikesScans_25AUG26_Report_19_8_2026_112906.xlsx,0,SELL,,Long Unwinding,NORMALIZATION:1.0|PDNA:1.0|PRICE:PRICE_DOWN|OI:OI_NEUTRAL|VOLUME:VOLUME_NORMAL|PCR:PCR_NEUTRAL|IV:IV_NORMAL|SCORE:SCORE_NEUTRAL|PATTERN:LONG UNWINDING|DIRECTION:UNKNOWN,PDNA_BED87E66
360ONE,1177.5,0.67,3906500.0,-1.5,,,,,,,,,373500.0,-36.37,VOLUME_OI,VolumeAndOISpikesScans_25AUG26_Report_19_8_2026_112906.xlsx,0,SELL,,Short Covering,NORMALIZATION:1.0|PDNA:1.0|PRICE:PRICE_UP|OI:OI_LIQUIDATION|VOLUME:VOLUME_NORMAL|PCR:PCR_NEUTRAL|IV:IV_NORMAL|SCORE:SCORE_NEUTRAL|PATTERN:SHORT COVERING|DIRECTION:UNKNOWN,PDNA_4DA08593
WAAREEENER,2667.2,-1.34,7093100.0,0.8,,,,,,,,,335300.0,-37.83,VOLUME_OI,VolumeAndOISpikesScans_25AUG26_Report_19_8_2026_112906.xlsx,0,SELL,Negative Price Momentum,Short Buildup,NORMALIZATION:1.0|PDNA:1.0|PRICE:PRICE_DOWN|OI:OI_NEUTRAL|VOLUME:VOLUME_NORMAL|PCR:PCR_NEUTRAL|IV:IV_NORMAL|SCORE:SCORE_NEUTRAL|PATTERN:SHORT BUILDUP|DIRECTION:UNKNOWN,PDNA_FB34F77E
INDIANB,871.3,-0.76,11357000.0,-0.25,,,,,,,,,536000.0,-37.96,VOLUME_OI,VolumeAndOISpikesScans_25AUG26_Report_19_8_2026_112906.xlsx,0,SELL,,Long Unwinding,NORMALIZATION:1.0|PDNA:1.0|PRICE:PRICE_DOWN|OI:OI_NEUTRAL|VOLUME:VOLUME_NORMAL|PCR:PCR_NEUTRAL|IV:IV_NORMAL|SCORE:SCORE_NEUTRAL|PATTERN:LONG UNWINDING|DIRECTION:UNKNOWN,PDNA_BED87E66
HINDALCO,1034.4,-0.69,43536500.0,-0.45,,,,,,,,,1377600.0,-38.23,VOLUME_OI,VolumeAndOISpikesScans_25AUG26_Report_19_8_2026_112906.xlsx,0,SELL,,Long Unwinding,NORMALIZATION:1.0|PDNA:1.0|PRICE:PRICE_DOWN|OI:OI_NEUTRAL|VOLUME:VOLUME_NORMAL|PCR:PCR_NEUTRAL|IV:IV_NORMAL|SCORE:SCORE_NEUTRAL|PATTERN:LONG UNWINDING|DIRECTION:UNKNOWN,PDNA_BED87E66
BAJAJ-AUTO,11675.0,0.38,1787325.0,0.85,,,,,,,,,79650.0,-38.9,VOLUME_OI,VolumeAndOISpikesScans_25AUG26_Report_19_8_2026_112906.xlsx,0,SELL,,Fresh Long Buildup,NORMALIZATION:1.0|PDNA:1.0|PRICE:PRICE_NEUTRAL|OI:OI_NEUTRAL|VOLUME:VOLUME_NORMAL|PCR:PCR_NEUTRAL|IV:IV_NORMAL|SCORE:SCORE_NEUTRAL|PATTERN:FRESH LONG BUILDUP|DIRECTION:UNKNOWN,PDNA_EA3015CF
MOTHERSON,170.96,0.51,120669150.0,1.5,,,,,,,,,13456200.0,-11.85,VOLUME_OI,VolumeAndOISpikesScans_25AUG26_Report_19_8_2026_112906.xlsx,0,SELL,,Fresh Long Buildup,NORMALIZATION:1.0|PDNA:1.0|PRICE:PRICE_UP|OI:OI_ACCUMULATION|VOLUME:VOLUME_NORMAL|PCR:PCR_NEUTRAL|IV:IV_NORMAL|SCORE:SCORE_NEUTRAL|PATTERN:FRESH LONG BUILDUP|DIRECTION:UNKNOWN,PDNA_10659BEF
SWIGGY,272.75,-0.62,73177025.0,-0.04,,,,,,,,,10324025.0,-16.17,VOLUME_OI,VolumeAndOISpikesScans_25AUG26_Report_19_8_2026_112906.xlsx,0,SELL,,Long Unwinding,NORMALIZATION:1.0|PDNA:1.0|PRICE:PRICE_DOWN|OI:OI_NEUTRAL|VOLUME:VOLUME_NORMAL|PCR:PCR_NEUTRAL|IV:IV_NORMAL|SCORE:SCORE_NEUTRAL|PATTERN:LONG UNWINDING|DIRECTION:UNKNOWN,PDNA_BED87E66
POWERINDIA,33725.0,-4.45,542900.0,-0.39,,,,,,,,,61500.0,71.31,VOLUME_OI,VolumeAndOISpikesScans_25AUG26_Report_19_8_2026_112906.xlsx,0,SELL,Negative Price Momentum; Volume Expansion,Long Unwinding,NORMALIZATION:1.0|PDNA:1.0|PRICE:PRICE_STRONG_DOWN|OI:OI_NEUTRAL|VOLUME:VOLUME_EXPANSION|PCR:PCR_NEUTRAL|IV:IV_NORMAL|SCORE:SCORE_NEUTRAL|PATTERN:LONG UNWINDING|DIRECTION:UNKNOWN,PDNA_C59D1116
GLENMARK,2232.7,-3.63,11263125.0,-0.43,,,,,,,,,712125.0,112.42,VOLUME_OI,VolumeAndOISpikesScans_25AUG26_Report_19_8_2026_112906.xlsx,0,SELL,Negative Price Momentum; Volume Expansion,Long Unwinding,NORMALIZATION:1.0|PDNA:1.0|PRICE:PRICE_STRONG_DOWN|OI:OI_NEUTRAL|VOLUME:VOLUME_SURGE|PCR:PCR_NEUTRAL|IV:IV_NORMAL|SCORE:SCORE_NEUTRAL|PATTERN:LONG UNWINDING|DIRECTION:UNKNOWN,PDNA_B615580D
SUZLON,47.14,-1.28,453326500.0,-0.42,,,,,,,,,22745700.0,-41.37,VOLUME_OI,VolumeAndOISpikesScans_25AUG26_Report_19_8_2026_112906.xlsx,0,SELL,Negative Price Momentum,Long Unwinding,NORMALIZATION:1.0|PDNA:1.0|PRICE:PRICE_DOWN|OI:OI_NEUTRAL|VOLUME:VOLUME_NORMAL|PCR:PCR_NEUTRAL|IV:IV_NORMAL|SCORE:SCORE_NEUTRAL|PATTERN:LONG UNWINDING|DIRECTION:UNKNOWN,PDNA_BED87E66
HINDPETRO,368.25,0.08,39491550.0,0.38,,,,,,,,,2344950.0,-39.97,VOLUME_OI,VolumeAndOISpikesScans_25AUG26_Report_19_8_2026_112906.xlsx,0,SELL,,Fresh Long Buildup,NORMALIZATION:1.0|PDNA:1.0|PRICE:PRICE_NEUTRAL|OI:OI_NEUTRAL|VOLUME:VOLUME_NORMAL|PCR:PCR_NEUTRAL|IV:IV_NORMAL|SCORE:SCORE_NEUTRAL|PATTERN:FRESH LONG BUILDUP|DIRECTION:UNKNOWN,PDNA_EA3015CF
SHRIRAMFIN,1105.1,-0.3,23114025.0,-1.38,,,,,,,,,1688775.0,-39.92,VOLUME_OI,VolumeAndOISpikesScans_25AUG26_Report_19_8_2026_112906.xlsx,0,SELL,,Long Unwinding,NORMALIZATION:1.0|PDNA:1.0|PRICE:PRICE_NEUTRAL|OI:OI_NEUTRAL|VOLUME:VOLUME_NORMAL|PCR:PCR_NEUTRAL|IV:IV_NORMAL|SCORE:SCORE_NEUTRAL|PATTERN:LONG UNWINDING|DIRECTION:UNKNOWN,PDNA_1D3127C4
CROMPTON,244.2,-0.25,64175350.0,-0.12,,,,,,,,,2620850.0,-39.23,VOLUME_OI,VolumeAndOISpikesScans_25AUG26_Report_19_8_2026_112906.xlsx,0,SELL,,Long Unwinding,NORMALIZATION:1.0|PDNA:1.0|PRICE:PRICE_NEUTRAL|OI:OI_NEUTRAL|VOLUME:VOLUME_NORMAL|PCR:PCR_NEUTRAL|IV:IV_NORMAL|SCORE:SCORE_NEUTRAL|PATTERN:LONG UNWINDING|DIRECTION:UNKNOWN,PDNA_1D3127C4
TATAPOWER,376.15,-0.99,58037700.0,0.14,,,,,,,,,1555850.0,-42.77,VOLUME_OI,VolumeAndOISpikesScans_25AUG26_Report_19_8_2026_112906.xlsx,0,SELL,,Short Buildup,NORMALIZATION:1.0|PDNA:1.0|PRICE:PRICE_DOWN|OI:OI_NEUTRAL|VOLUME:VOLUME_NORMAL|PCR:PCR_NEUTRAL|IV:IV_NORMAL|SCORE:SCORE_NEUTRAL|PATTERN:SHORT BUILDUP|DIRECTION:UNKNOWN,PDNA_FB34F77E
VBL,436.1,-0.63,52122000.0,0.23,,,,,,,,,2320500.0,-43.41,VOLUME_OI,VolumeAndOISpikesScans_25AUG26_Report_19_8_2026_112906.xlsx,0,SELL,,Short Buildup,NORMALIZATION:1.0|PDNA:1.0|PRICE:PRICE_DOWN|OI:OI_NEUTRAL|VOLUME:VOLUME_NORMAL|PCR:PCR_NEUTRAL|IV:IV_NORMAL|SCORE:SCORE_NEUTRAL|PATTERN:SHORT BUILDUP|DIRECTION:UNKNOWN,PDNA_FB34F77E
LODHA,1200.2,-1.26,11512500.0,0.73,,,,,,,,,945625.0,-41.49,VOLUME_OI,VolumeAndOISpikesScans_25AUG26_Report_19_8_2026_112906.xlsx,0,SELL,Negative Price Momentum,Short Buildup,NORMALIZATION:1.0|PDNA:1.0|PRICE:PRICE_DOWN|OI:OI_NEUTRAL|VOLUME:VOLUME_NORMAL|PCR:PCR_NEUTRAL|IV:IV_NORMAL|SCORE:SCORE_NEUTRAL|PATTERN:SHORT BUILDUP|DIRECTION:UNKNOWN,PDNA_FB34F77E
NIFTY,24116.0,-0.47,13182130.0,1.15,,,,,,,,,1277705.0,-42.05,VOLUME_OI,VolumeAndOISpikesScans_25AUG26_Report_19_8_2026_112906.xlsx,0,SELL,,Short Buildup,NORMALIZATION:1.0|PDNA:1.0|PRICE:PRICE_NEUTRAL|OI:OI_NEUTRAL|VOLUME:VOLUME_NORMAL|PCR:PCR_NEUTRAL|IV:IV_NORMAL|SCORE:SCORE_NEUTRAL|PATTERN:SHORT BUILDUP|DIRECTION:UNKNOWN,PDNA_9DD87968
BHARATFORG,2068.9,-1.03,8383000.0,0.48,,,,,,,,,393500.0,-45.08,VOLUME_OI,VolumeAndOISpikesScans_25AUG26_Report_19_8_2026_112906.xlsx,0,SELL,Negative Price Momentum,Short Buildup,NORMALIZATION:1.0|PDNA:1.0|PRICE:PRICE_DOWN|OI:OI_NEUTRAL|VOLUME:VOLUME_NORMAL|PCR:PCR_NEUTRAL|IV:IV_NORMAL|SCORE:SCORE_NEUTRAL|PATTERN:SHORT BUILDUP|DIRECTION:UNKNOWN,PDNA_FB34F77E
GODREJCP,937.1,0.25,15884000.0,1.69,,,,,,,,,731500.0,-45.08,VOLUME_OI,VolumeAndOISpikesScans_25AUG26_Report_19_8_2026_112906.xlsx,0,SELL,,Fresh Long Buildup,NORMALIZATION:1.0|PDNA:1.0|PRICE:PRICE_NEUTRAL|OI:OI_ACCUMULATION|VOLUME:VOLUME_NORMAL|PCR:PCR_NEUTRAL|IV:IV_NORMAL|SCORE:SCORE_NEUTRAL|PATTERN:FRESH LONG BUILDUP|DIRECTION:UNKNOWN,PDNA_13BE845F
INFY,1125.5,0.51,78906400.0,-0.29,,,,,,,,,4266000.0,-45.11,VOLUME_OI,VolumeAndOISpikesScans_25AUG26_Report_19_8_2026_112906.xlsx,0,SELL,,Short Covering,NORMALIZATION:1.0|PDNA:1.0|PRICE:PRICE_UP|OI:OI_NEUTRAL|VOLUME:VOLUME_NORMAL|PCR:PCR_NEUTRAL|IV:IV_NORMAL|SCORE:SCORE_NEUTRAL|PATTERN:SHORT COVERING|DIRECTION:UNKNOWN,PDNA_38B6A5BF
HDFCAMC,2539.4,0.96,7194600.0,0.0,,,,,,,,,363300.0,-45.25,VOLUME_OI,VolumeAndOISpikesScans_25AUG26_Report_19_8_2026_112906.xlsx,0,SELL,,Neutral,NORMALIZATION:1.0|PDNA:1.0|PRICE:PRICE_UP|OI:OI_NEUTRAL|VOLUME:VOLUME_NORMAL|PCR:PCR_NEUTRAL|IV:IV_NORMAL|SCORE:SCORE_NEUTRAL|PATTERN:NEUTRAL|DIRECTION:UNKNOWN,PDNA_44B3260B
FINNIFTY,26054.6,-0.48,41160.0,-0.15,,,,,,,,,2820.0,-45.35,VOLUME_OI,VolumeAndOISpikesScans_25AUG26_Report_19_8_2026_112906.xlsx,0,SELL,,Long Unwinding,NORMALIZATION:1.0|PDNA:1.0|PRICE:PRICE_NEUTRAL|OI:OI_NEUTRAL|VOLUME:VOLUME_NORMAL|PCR:PCR_NEUTRAL|IV:IV_NORMAL|SCORE:SCORE_NEUTRAL|PATTERN:LONG UNWINDING|DIRECTION:UNKNOWN,PDNA_1D3127C4
VOLTAS,1220.0,-2.4,10170375.0,5.83,,,,,,,,,1170375.0,-45.6,VOLUME_OI,VolumeAndOISpikesScans_25AUG26_Report_19_8_2026_112906.xlsx,0,SELL,Negative Price Momentum; Fresh OI Buildup,Short Buildup,NORMALIZATION:1.0|PDNA:1.0|PRICE:PRICE_STRONG_DOWN|OI:OI_ACCUMULATION|VOLUME:VOLUME_NORMAL|PCR:PCR_NEUTRAL|IV:IV_NORMAL|SCORE:SCORE_NEUTRAL|PATTERN:SHORT BUILDUP|DIRECTION:UNKNOWN,PDNA_48A439EE
HDFCLIFE,535.25,-0.73,46597100.0,0.04,,,,,,,,,1602700.0,-42.16,VOLUME_OI,VolumeAndOISpikesScans_25AUG26_Report_19_8_2026_112906.xlsx,0,SELL,,Short Buildup,NORMALIZATION:1.0|PDNA:1.0|PRICE:PRICE_DOWN|OI:OI_NEUTRAL|VOLUME:VOLUME_NORMAL|PCR:PCR_NEUTRAL|IV:IV_NORMAL|SCORE:SCORE_NEUTRAL|PATTERN:SHORT BUILDUP|DIRECTION:UNKNOWN,PDNA_FB34F77E
BHEL,417.0,-1.91,70006125.0,0.57,,,,,,,,,4935000.0,-42.22,VOLUME_OI,VolumeAndOISpikesScans_25AUG26_Report_19_8_2026_112906.xlsx,0,SELL,Negative Price Momentum,Short Buildup,NORMALIZATION:1.0|PDNA:1.0|PRICE:PRICE_DOWN|OI:OI_NEUTRAL|VOLUME:VOLUME_NORMAL|PCR:PCR_NEUTRAL|IV:IV_NORMAL|SCORE:SCORE_NEUTRAL|PATTERN:SHORT BUILDUP|DIRECTION:UNKNOWN,PDNA_FB34F77E
HDFCBANK,718.9,-0.72,301297100.0,-0.06,,,,,,,,,11399050.0,-47.64,VOLUME_OI,VolumeAndOISpikesScans_25AUG26_Report_19_8_2026_112906.xlsx,0,SELL,,Long Unwinding,NORMALIZATION:1.0|PDNA:1.0|PRICE:PRICE_DOWN|OI:OI_NEUTRAL|VOLUME:VOLUME_NORMAL|PCR:PCR_NEUTRAL|IV:IV_NORMAL|SCORE:SCORE_NEUTRAL|PATTERN:LONG UNWINDING|DIRECTION:UNKNOWN,PDNA_BED87E66
HYUNDAI,2215.0,0.84,3363800.0,0.0,,,,,,,,,167750.0,-47.64,VOLUME_OI,VolumeAndOISpikesScans_25AUG26_Report_19_8_2026_112906.xlsx,0,SELL,,Neutral,NORMALIZATION:1.0|PDNA:1.0|PRICE:PRICE_UP|OI:OI_NEUTRAL|VOLUME:VOLUME_NORMAL|PCR:PCR_NEUTRAL|IV:IV_NORMAL|SCORE:SCORE_NEUTRAL|PATTERN:NEUTRAL|DIRECTION:UNKNOWN,PDNA_44B3260B
HINDUNILVR,2022.1,-0.96,13963500.0,1.94,,,,,,,,,730500.0,-47.7,VOLUME_OI,VolumeAndOISpikesScans_25AUG26_Report_19_8_2026_112906.xlsx,0,SELL,,Short Buildup,NORMALIZATION:1.0|PDNA:1.0|PRICE:PRICE_DOWN|OI:OI_ACCUMULATION|VOLUME:VOLUME_NORMAL|PCR:PCR_NEUTRAL|IV:IV_NORMAL|SCORE:SCORE_NEUTRAL|PATTERN:SHORT BUILDUP|DIRECTION:UNKNOWN,PDNA_4D1929E9
BANKBARODA,244.16,0.02,128313900.0,0.43,,,,,,,,,3972150.0,-48.03,VOLUME_OI,VolumeAndOISpikesScans_25AUG26_Report_19_8_2026_112906.xlsx,0,SELL,,Fresh Long Buildup,NORMALIZATION:1.0|PDNA:1.0|PRICE:PRICE_NEUTRAL|OI:OI_NEUTRAL|VOLUME:VOLUME_NORMAL|PCR:PCR_NEUTRAL|IV:IV_NORMAL|SCORE:SCORE_NEUTRAL|PATTERN:FRESH LONG BUILDUP|DIRECTION:UNKNOWN,PDNA_EA3015CF
CDSL,1340.9,-0.32,10206800.0,-0.9,,,,,,,,,361950.0,-48.34,VOLUME_OI,VolumeAndOISpikesScans_25AUG26_Report_19_8_2026_112906.xlsx,0,SELL,,Long Unwinding,NORMALIZATION:1.0|PDNA:1.0|PRICE:PRICE_NEUTRAL|OI:OI_NEUTRAL|VOLUME:VOLUME_NORMAL|PCR:PCR_NEUTRAL|IV:IV_NORMAL|SCORE:SCORE_NEUTRAL|PATTERN:LONG UNWINDING|DIRECTION:UNKNOWN,PDNA_1D3127C4
ALKEM,5444.0,-0.5,1458750.0,1.23,,,,,,,,,101000.0,-48.47,VOLUME_OI,VolumeAndOISpikesScans_25AUG26_Report_19_8_2026_112906.xlsx,0,SELL,,Short Buildup,NORMALIZATION:1.0|PDNA:1.0|PRICE:PRICE_NEUTRAL|OI:OI_NEUTRAL|VOLUME:VOLUME_NORMAL|PCR:PCR_NEUTRAL|IV:IV_NORMAL|SCORE:SCORE_NEUTRAL|PATTERN:SHORT BUILDUP|DIRECTION:UNKNOWN,PDNA_9DD87968
FORCEMOT,17795.0,-2.23,246550.0,2.2,,,,,,,,,23450.0,-48.49,VOLUME_OI,VolumeAndOISpikesScans_25AUG26_Report_19_8_2026_112906.xlsx,0,SELL,Negative Price Momentum; Fresh OI Buildup,Short Buildup,NORMALIZATION:1.0|PDNA:1.0|PRICE:PRICE_STRONG_DOWN|OI:OI_ACCUMULATION|VOLUME:VOLUME_NORMAL|PCR:PCR_NEUTRAL|IV:IV_NORMAL|SCORE:SCORE_NEUTRAL|PATTERN:SHORT BUILDUP|DIRECTION:UNKNOWN,PDNA_48A439EE
SOLARINDS,19765.0,-1.64,775100.0,1.03,,,,,,,,,84500.0,-48.51,VOLUME_OI,VolumeAndOISpikesScans_25AUG26_Report_19_8_2026_112906.xlsx,0,SELL,Negative Price Momentum,Short Buildup,NORMALIZATION:1.0|PDNA:1.0|PRICE:PRICE_DOWN|OI:OI_NEUTRAL|VOLUME:VOLUME_NORMAL|PCR:PCR_NEUTRAL|IV:IV_NORMAL|SCORE:SCORE_NEUTRAL|PATTERN:SHORT BUILDUP|DIRECTION:UNKNOWN,PDNA_FB34F77E
WIPRO,179.61,0.48,203052000.0,-0.48,,,,,,,,,8199000.0,-49.58,VOLUME_OI,VolumeAndOISpikesScans_25AUG26_Report_19_8_2026_112906.xlsx,0,SELL,,Short Covering,NORMALIZATION:1.0|PDNA:1.0|PRICE:PRICE_NEUTRAL|OI:OI_NEUTRAL|VOLUME:VOLUME_NORMAL|PCR:PCR_NEUTRAL|IV:IV_NORMAL|SCORE:SCORE_NEUTRAL|PATTERN:SHORT COVERING|DIRECTION:UNKNOWN,PDNA_7222809C
JIOFIN,244.0,-0.57,185433800.0,0.27,,,,,,,,,8586900.0,-49.94,VOLUME_OI,VolumeAndOISpikesScans_25AUG26_Report_19_8_2026_112906.xlsx,0,SELL,,Short Buildup,NORMALIZATION:1.0|PDNA:1.0|PRICE:PRICE_DOWN|OI:OI_NEUTRAL|VOLUME:VOLUME_NORMAL|PCR:PCR_NEUTRAL|IV:IV_NORMAL|SCORE:SCORE_NEUTRAL|PATTERN:SHORT BUILDUP|DIRECTION:UNKNOWN,PDNA_FB34F77E
KPITTECH,592.15,-1.23,12535625.0,-0.22,,,,,,,,,681225.0,-50.0,VOLUME_OI,VolumeAndOISpikesScans_25AUG26_Report_19_8_2026_112906.xlsx,0,SELL,Negative Price Momentum,Long Unwinding,NORMALIZATION:1.0|PDNA:1.0|PRICE:PRICE_DOWN|OI:OI_NEUTRAL|VOLUME:VOLUME_CONTRACTION|PCR:PCR_NEUTRAL|IV:IV_NORMAL|SCORE:SCORE_NEUTRAL|PATTERN:LONG UNWINDING|DIRECTION:UNKNOWN,PDNA_37D05D39
CHOLAFIN,1862.5,-0.7,12458125.0,-0.23,,,,,,,,,233125.0,-50.2,VOLUME_OI,VolumeAndOISpikesScans_25AUG26_Report_19_8_2026_112906.xlsx,0,SELL,,Long Unwinding,NORMALIZATION:1.0|PDNA:1.0|PRICE:PRICE_DOWN|OI:OI_NEUTRAL|VOLUME:VOLUME_CONTRACTION|PCR:PCR_NEUTRAL|IV:IV_NORMAL|SCORE:SCORE_NEUTRAL|PATTERN:LONG UNWINDING|DIRECTION:UNKNOWN,PDNA_37D05D39
JSWSTEEL,1277.1,0.5,39897900.0,0.12,,,,,,,,,751275.0,-50.25,VOLUME_OI,VolumeAndOISpikesScans_25AUG26_Report_19_8_2026_112906.xlsx,0,SELL,,Fresh Long Buildup,NORMALIZATION:1.0|PDNA:1.0|PRICE:PRICE_NEUTRAL|OI:OI_NEUTRAL|VOLUME:VOLUME_CONTRACTION|PCR:PCR_NEUTRAL|IV:IV_NORMAL|SCORE:SCORE_NEUTRAL|PATTERN:FRESH LONG BUILDUP|DIRECTION:UNKNOWN,PDNA_CC3F09E3
TATAELXSI,3653.7,-0.07,2119875.0,-1.31,,,,,,,,,105375.0,-50.96,VOLUME_OI,VolumeAndOISpikesScans_25AUG26_Report_19_8_2026_112906.xlsx,0,SELL,,Long Unwinding,NORMALIZATION:1.0|PDNA:1.0|PRICE:PRICE_NEUTRAL|OI:OI_NEUTRAL|VOLUME:VOLUME_CONTRACTION|PCR:PCR_NEUTRAL|IV:IV_NORMAL|SCORE:SCORE_NEUTRAL|PATTERN:LONG UNWINDING|DIRECTION:UNKNOWN,PDNA_0FE0494C
TECHM,1589.6,-0.58,18840600.0,0.6,,,,,,,,,807000.0,-44.05,VOLUME_OI,VolumeAndOISpikesScans_25AUG26_Report_19_8_2026_112906.xlsx,0,SELL,,Short Buildup,NORMALIZATION:1.0|PDNA:1.0|PRICE:PRICE_DOWN|OI:OI_NEUTRAL|VOLUME:VOLUME_NORMAL|PCR:PCR_NEUTRAL|IV:IV_NORMAL|SCORE:SCORE_NEUTRAL|PATTERN:SHORT BUILDUP|DIRECTION:UNKNOWN,PDNA_FB34F77E
CIPLA,1428.3,-0.08,9026575.0,1.29,,,,,,,,,476850.0,-44.07,VOLUME_OI,VolumeAndOISpikesScans_25AUG26_Report_19_8_2026_112906.xlsx,0,SELL,,Short Buildup,NORMALIZATION:1.0|PDNA:1.0|PRICE:PRICE_NEUTRAL|OI:OI_NEUTRAL|VOLUME:VOLUME_NORMAL|PCR:PCR_NEUTRAL|IV:IV_NORMAL|SCORE:SCORE_NEUTRAL|PATTERN:SHORT BUILDUP|DIRECTION:UNKNOWN,PDNA_9DD87968
ICICIBANK,1403.1,-0.86,82033000.0,-0.03,,,,,,,,,4602500.0,-52.06,VOLUME_OI,VolumeAndOISpikesScans_25AUG26_Report_19_8_2026_112906.xlsx,0,SELL,,Long Unwinding,NORMALIZATION:1.0|PDNA:1.0|PRICE:PRICE_DOWN|OI:OI_NEUTRAL|VOLUME:VOLUME_CONTRACTION|PCR:PCR_NEUTRAL|IV:IV_NORMAL|SCORE:SCORE_NEUTRAL|PATTERN:LONG UNWINDING|DIRECTION:UNKNOWN,PDNA_37D05D39
POLYCAB,9145.0,0.15,2220250.0,-0.06,,,,,,,,,278250.0,-51.14,VOLUME_OI,VolumeAndOISpikesScans_25AUG26_Report_19_8_2026_112906.xlsx,0,SELL,,Short Covering,NORMALIZATION:1.0|PDNA:1.0|PRICE:PRICE_NEUTRAL|OI:OI_NEUTRAL|VOLUME:VOLUME_CONTRACTION|PCR:PCR_NEUTRAL|IV:IV_NORMAL|SCORE:SCORE_NEUTRAL|PATTERN:SHORT COVERING|DIRECTION:UNKNOWN,PDNA_730329D2
LUPIN,2220.2,-0.43,8037600.0,0.04,,,,,,,,,233750.0,-52.75,VOLUME_OI,VolumeAndOISpikesScans_25AUG26_Report_19_8_2026_112906.xlsx,0,SELL,,Short Buildup,NORMALIZATION:1.0|PDNA:1.0|PRICE:PRICE_NEUTRAL|OI:OI_NEUTRAL|VOLUME:VOLUME_CONTRACTION|PCR:PCR_NEUTRAL|IV:IV_NORMAL|SCORE:SCORE_NEUTRAL|PATTERN:SHORT BUILDUP|DIRECTION:UNKNOWN,PDNA_151840E4
TRENT,2964.2,0.31,10833525.0,-0.93,,,,,,,,,313875.0,-52.11,VOLUME_OI,VolumeAndOISpikesScans_25AUG26_Report_19_8_2026_112906.xlsx,0,SELL,,Short Covering,NORMALIZATION:1.0|PDNA:1.0|PRICE:PRICE_NEUTRAL|OI:OI_NEUTRAL|VOLUME:VOLUME_CONTRACTION|PCR:PCR_NEUTRAL|IV:IV_NORMAL|SCORE:SCORE_NEUTRAL|PATTERN:SHORT COVERING|DIRECTION:UNKNOWN,PDNA_730329D2
APOLLOHOSP,8822.5,-0.09,2139375.0,-0.37,,,,,,,,,125375.0,-52.89,VOLUME_OI,VolumeAndOISpikesScans_25AUG26_Report_19_8_2026_112906.xlsx,0,SELL,,Long Unwinding,NORMALIZATION:1.0|PDNA:1.0|PRICE:PRICE_NEUTRAL|OI:OI_NEUTRAL|VOLUME:VOLUME_CONTRACTION|PCR:PCR_NEUTRAL|IV:IV_NORMAL|SCORE:SCORE_NEUTRAL|PATTERN:LONG UNWINDING|DIRECTION:UNKNOWN,PDNA_0FE0494C
TATASTEEL,184.69,-0.21,172515750.0,-0.12,,,,,,,,,6732000.0,-53.18,VOLUME_OI,VolumeAndOISpikesScans_25AUG26_Report_19_8_2026_112906.xlsx,0,SELL,,Long Unwinding,NORMALIZATION:1.0|PDNA:1.0|PRICE:PRICE_NEUTRAL|OI:OI_NEUTRAL|VOLUME:VOLUME_CONTRACTION|PCR:PCR_NEUTRAL|IV:IV_NORMAL|SCORE:SCORE_NEUTRAL|PATTERN:LONG UNWINDING|DIRECTION:UNKNOWN,PDNA_0FE0494C
TATACONSUM,1067.5,0.14,15099150.0,0.15,,,,,,,,,208450.0,-53.21,VOLUME_OI,VolumeAndOISpikesScans_25AUG26_Report_19_8_2026_112906.xlsx,0,SELL,,Fresh Long Buildup,NORMALIZATION:1.0|PDNA:1.0|PRICE:PRICE_NEUTRAL|OI:OI_NEUTRAL|VOLUME:VOLUME_CONTRACTION|PCR:PCR_NEUTRAL|IV:IV_NORMAL|SCORE:SCORE_NEUTRAL|PATTERN:FRESH LONG BUILDUP|DIRECTION:UNKNOWN,PDNA_CC3F09E3
BANKNIFTY,57227.0,-0.36,2109120.0,1.43,,,,,,,,,190620.0,-52.62,VOLUME_OI,VolumeAndOISpikesScans_25AUG26_Report_19_8_2026_112906.xlsx,0,SELL,,Short Buildup,NORMALIZATION:1.0|PDNA:1.0|PRICE:PRICE_NEUTRAL|OI:OI_NEUTRAL|VOLUME:VOLUME_CONTRACTION|PCR:PCR_NEUTRAL|IV:IV_NORMAL|SCORE:SCORE_NEUTRAL|PATTERN:SHORT BUILDUP|DIRECTION:UNKNOWN,PDNA_151840E4
PAGEIND,35605.0,-2.13,253580.0,-0.88,,,,,,,,,19080.0,-53.46,VOLUME_OI,VolumeAndOISpikesScans_25AUG26_Report_19_8_2026_112906.xlsx,0,SELL,Negative Price Momentum,Long Unwinding,NORMALIZATION:1.0|PDNA:1.0|PRICE:PRICE_STRONG_DOWN|OI:OI_NEUTRAL|VOLUME:VOLUME_CONTRACTION|PCR:PCR_NEUTRAL|IV:IV_NORMAL|SCORE:SCORE_NEUTRAL|PATTERN:LONG UNWINDING|DIRECTION:UNKNOWN,PDNA_185F7386
DELHIVERY,448.7,-0.62,24514050.0,-0.72,,,,,,,,,1029200.0,-54.45,VOLUME_OI,VolumeAndOISpikesScans_25AUG26_Report_19_8_2026_112906.xlsx,0,SELL,,Long Unwinding,NORMALIZATION:1.0|PDNA:1.0|PRICE:PRICE_DOWN|OI:OI_NEUTRAL|VOLUME:VOLUME_CONTRACTION|PCR:PCR_NEUTRAL|IV:IV_NORMAL|SCORE:SCORE_NEUTRAL|PATTERN:LONG UNWINDING|DIRECTION:UNKNOWN,PDNA_37D05D39
NHPC,76.04,-0.37,129346450.0,0.15,,,,,,,,,5448800.0,-55.1,VOLUME_OI,VolumeAndOISpikesScans_25AUG26_Report_19_8_2026_112906.xlsx,0,SELL,,Short Buildup,NORMALIZATION:1.0|PDNA:1.0|PRICE:PRICE_NEUTRAL|OI:OI_NEUTRAL|VOLUME:VOLUME_CONTRACTION|PCR:PCR_NEUTRAL|IV:IV_NORMAL|SCORE:SCORE_NEUTRAL|PATTERN:SHORT BUILDUP|DIRECTION:UNKNOWN,PDNA_151840E4
BIOCON,413.55,-1.47,48642500.0,-0.14,,,,,,,,,1980000.0,-54.56,VOLUME_OI,VolumeAndOISpikesScans_25AUG26_Report_19_8_2026_112906.xlsx,0,SELL,Negative Price Momentum,Long Unwinding,NORMALIZATION:1.0|PDNA:1.0|PRICE:PRICE_DOWN|OI:OI_NEUTRAL|VOLUME:VOLUME_CONTRACTION|PCR:PCR_NEUTRAL|IV:IV_NORMAL|SCORE:SCORE_NEUTRAL|PATTERN:LONG UNWINDING|DIRECTION:UNKNOWN,PDNA_37D05D39
LICHSGFIN,489.55,-0.65,31059000.0,-0.93,,,,,,,,,1755000.0,-55.23,VOLUME_OI,VolumeAndOISpikesScans_25AUG26_Report_19_8_2026_112906.xlsx,0,SELL,,Long Unwinding,NORMALIZATION:1.0|PDNA:1.0|PRICE:PRICE_DOWN|OI:OI_NEUTRAL|VOLUME:VOLUME_CONTRACTION|PCR:PCR_NEUTRAL|IV:IV_NORMAL|SCORE:SCORE_NEUTRAL|PATTERN:LONG UNWINDING|DIRECTION:UNKNOWN,PDNA_37D05D39
COLPAL,1881.8,-1.25,5775000.0,4.16,,,,,,,,,462275.0,-55.68,VOLUME_OI,VolumeAndOISpikesScans_25AUG26_Report_19_8_2026_112906.xlsx,0,SELL,Negative Price Momentum; Fresh OI Buildup,Short Buildup,NORMALIZATION:1.0|PDNA:1.0|PRICE:PRICE_DOWN|OI:OI_ACCUMULATION|VOLUME:VOLUME_CONTRACTION|PCR:PCR_NEUTRAL|IV:IV_NORMAL|SCORE:SCORE_NEUTRAL|PATTERN:SHORT BUILDUP|DIRECTION:UNKNOWN,PDNA_5792830B
HAVELLS,1282.2,-0.69,8111500.0,1.36,,,,,,,,,482000.0,-55.9,VOLUME_OI,VolumeAndOISpikesScans_25AUG26_Report_19_8_2026_112906.xlsx,0,SELL,,Short Buildup,NORMALIZATION:1.0|PDNA:1.0|PRICE:PRICE_DOWN|OI:OI_NEUTRAL|VOLUME:VOLUME_CONTRACTION|PCR:PCR_NEUTRAL|IV:IV_NORMAL|SCORE:SCORE_NEUTRAL|PATTERN:SHORT BUILDUP|DIRECTION:UNKNOWN,PDNA_A980978A
INDIGO,5162.0,-1.05,5334900.0,0.45,,,,,,,,,290850.0,-56.21,VOLUME_OI,VolumeAndOISpikesScans_25AUG26_Report_19_8_2026_112906.xlsx,0,SELL,Negative Price Momentum,Short Buildup,NORMALIZATION:1.0|PDNA:1.0|PRICE:PRICE_DOWN|OI:OI_NEUTRAL|VOLUME:VOLUME_CONTRACTION|PCR:PCR_NEUTRAL|IV:IV_NORMAL|SCORE:SCORE_NEUTRAL|PATTERN:SHORT BUILDUP|DIRECTION:UNKNOWN,PDNA_A980978A
M&M,3418.6,0.04,10355800.0,0.21,,,,,,,,,383800.0,-56.47,VOLUME_OI,VolumeAndOISpikesScans_25AUG26_Report_19_8_2026_112906.xlsx,0,SELL,,Fresh Long Buildup,NORMALIZATION:1.0|PDNA:1.0|PRICE:PRICE_NEUTRAL|OI:OI_NEUTRAL|VOLUME:VOLUME_CONTRACTION|PCR:PCR_NEUTRAL|IV:IV_NORMAL|SCORE:SCORE_NEUTRAL|PATTERN:FRESH LONG BUILDUP|DIRECTION:UNKNOWN,PDNA_CC3F09E3
DALBHARAT,1849.1,0.06,3238625.0,-0.75,,,,,,,,,195650.0,-56.81,VOLUME_OI,VolumeAndOISpikesScans_25AUG26_Report_19_8_2026_112906.xlsx,0,SELL,,Short Covering,NORMALIZATION:1.0|PDNA:1.0|PRICE:PRICE_NEUTRAL|OI:OI_NEUTRAL|VOLUME:VOLUME_CONTRACTION|PCR:PCR_NEUTRAL|IV:IV_NORMAL|SCORE:SCORE_NEUTRAL|PATTERN:SHORT COVERING|DIRECTION:UNKNOWN,PDNA_730329D2
ADANIPORTS,1669.0,-1.03,17988250.0,-0.35,,,,,,,,,583300.0,-56.97,VOLUME_OI,VolumeAndOISpikesScans_25AUG26_Report_19_8_2026_112906.xlsx,0,SELL,Negative Price Momentum,Long Unwinding,NORMALIZATION:1.0|PDNA:1.0|PRICE:PRICE_DOWN|OI:OI_NEUTRAL|VOLUME:VOLUME_CONTRACTION|PCR:PCR_NEUTRAL|IV:IV_NORMAL|SCORE:SCORE_NEUTRAL|PATTERN:LONG UNWINDING|DIRECTION:UNKNOWN,PDNA_37D05D39
ABCAPITAL,394.45,-1.95,40176000.0,0.96,,,,,,,,,2368400.0,-57.03,VOLUME_OI,VolumeAndOISpikesScans_25AUG26_Report_19_8_2026_112906.xlsx,0,SELL,Negative Price Momentum,Short Buildup,NORMALIZATION:1.0|PDNA:1.0|PRICE:PRICE_DOWN|OI:OI_NEUTRAL|VOLUME:VOLUME_CONTRACTION|PCR:PCR_NEUTRAL|IV:IV_NORMAL|SCORE:SCORE_NEUTRAL|PATTERN:SHORT BUILDUP|DIRECTION:UNKNOWN,PDNA_A980978A
BPCL,307.65,-1.33,37264300.0,1.23,,,,,,,,,1621475.0,-57.22,VOLUME_OI,VolumeAndOISpikesScans_25AUG26_Report_19_8_2026_112906.xlsx,0,SELL,Negative Price Momentum,Short Buildup,NORMALIZATION:1.0|PDNA:1.0|PRICE:PRICE_DOWN|OI:OI_NEUTRAL|VOLUME:VOLUME_CONTRACTION|PCR:PCR_NEUTRAL|IV:IV_NORMAL|SCORE:SCORE_NEUTRAL|PATTERN:SHORT BUILDUP|DIRECTION:UNKNOWN,PDNA_A980978A
ADANIPOWER,203.71,-1.46,156068650.0,-0.05,,,,,,,,,7096450.0,-57.56,VOLUME_OI,VolumeAndOISpikesScans_25AUG26_Report_19_8_2026_112906.xlsx,0,SELL,Negative Price Momentum,Long Unwinding,NORMALIZATION:1.0|PDNA:1.0|PRICE:PRICE_DOWN|OI:OI_NEUTRAL|VOLUME:VOLUME_CONTRACTION|PCR:PCR_NEUTRAL|IV:IV_NORMAL|SCORE:SCORE_NEUTRAL|PATTERN:LONG UNWINDING|DIRECTION:UNKNOWN,PDNA_37D05D39
TVSMOTOR,4372.6,0.48,7474775.0,0.04,,,,,,,,,244825.0,-57.77,VOLUME_OI,VolumeAndOISpikesScans_25AUG26_Report_19_8_2026_112906.xlsx,0,SELL,,Fresh Long Buildup,NORMALIZATION:1.0|PDNA:1.0|PRICE:PRICE_NEUTRAL|OI:OI_NEUTRAL|VOLUME:VOLUME_CONTRACTION|PCR:PCR_NEUTRAL|IV:IV_NORMAL|SCORE:SCORE_NEUTRAL|PATTERN:FRESH LONG BUILDUP|DIRECTION:UNKNOWN,PDNA_CC3F09E3
LTF,313.5,-3.79,43584750.0,2.38,,,,,,,,,7715250.0,-58.8,VOLUME_OI,VolumeAndOISpikesScans_25AUG26_Report_19_8_2026_112906.xlsx,0,SELL,Negative Price Momentum; Fresh OI Buildup,Short Buildup,NORMALIZATION:1.0|PDNA:1.0|PRICE:PRICE_STRONG_DOWN|OI:OI_ACCUMULATION|VOLUME:VOLUME_CONTRACTION|PCR:PCR_NEUTRAL|IV:IV_NORMAL|SCORE:SCORE_NEUTRAL|PATTERN:SHORT BUILDUP|DIRECTION:UNKNOWN,PDNA_106D3CA3
DLF,670.7,0.16,48738800.0,1.41,,,,,,,,,3050450.0,-58.84,VOLUME_OI,VolumeAndOISpikesScans_25AUG26_Report_19_8_2026_112906.xlsx,0,SELL,,Fresh Long Buildup,NORMALIZATION:1.0|PDNA:1.0|PRICE:PRICE_NEUTRAL|OI:OI_NEUTRAL|VOLUME:VOLUME_CONTRACTION|PCR:PCR_NEUTRAL|IV:IV_NORMAL|SCORE:SCORE_NEUTRAL|PATTERN:FRESH LONG BUILDUP|DIRECTION:UNKNOWN,PDNA_CC3F09E3
NMDC,83.54,-0.72,331404750.0,0.33,,,,,,,,,7803000.0,-59.15,VOLUME_OI,VolumeAndOISpikesScans_25AUG26_Report_19_8_2026_112906.xlsx,0,SELL,,Short Buildup,NORMALIZATION:1.0|PDNA:1.0|PRICE:PRICE_DOWN|OI:OI_NEUTRAL|VOLUME:VOLUME_CONTRACTION|PCR:PCR_NEUTRAL|IV:IV_NORMAL|SCORE:SCORE_NEUTRAL|PATTERN:SHORT BUILDUP|DIRECTION:UNKNOWN,PDNA_A980978A
ASTRAL,1531.7,0.31,6660600.0,0.45,,,,,,,,,221000.0,-59.47,VOLUME_OI,VolumeAndOISpikesScans_25AUG26_Report_19_8_2026_112906.xlsx,0,SELL,,Fresh Long Buildup,NORMALIZATION:1.0|PDNA:1.0|PRICE:PRICE_NEUTRAL|OI:OI_NEUTRAL|VOLUME:VOLUME_CONTRACTION|PCR:PCR_NEUTRAL|IV:IV_NORMAL|SCORE:SCORE_NEUTRAL|PATTERN:FRESH LONG BUILDUP|DIRECTION:UNKNOWN,PDNA_CC3F09E3
SUNPHARMA,1891.5,0.47,13685000.0,0.5,,,,,,,,,575400.0,-60.08,VOLUME_OI,VolumeAndOISpikesScans_25AUG26_Report_19_8_2026_112906.xlsx,0,SELL,,Fresh Long Buildup,NORMALIZATION:1.0|PDNA:1.0|PRICE:PRICE_NEUTRAL|OI:OI_NEUTRAL|VOLUME:VOLUME_CONTRACTION|PCR:PCR_NEUTRAL|IV:IV_NORMAL|SCORE:SCORE_NEUTRAL|PATTERN:FRESH LONG BUILDUP|DIRECTION:UNKNOWN,PDNA_CC3F09E3
SBICARD,616.8,0.11,24516000.0,-0.42,,,,,,,,,1157600.0,-60.1,VOLUME_OI,VolumeAndOISpikesScans_25AUG26_Report_19_8_2026_112906.xlsx,0,SELL,,Short Covering,NORMALIZATION:1.0|PDNA:1.0|PRICE:PRICE_NEUTRAL|OI:OI_NEUTRAL|VOLUME:VOLUME_CONTRACTION|PCR:PCR_NEUTRAL|IV:IV_NORMAL|SCORE:SCORE_NEUTRAL|PATTERN:SHORT COVERING|DIRECTION:UNKNOWN,PDNA_730329D2
MPHASIS,2404.1,-1.82,4327950.0,-0.28,,,,,,,,,217525.0,-60.47,VOLUME_OI,VolumeAndOISpikesScans_25AUG26_Report_19_8_2026_112906.xlsx,0,SELL,Negative Price Momentum,Long Unwinding,NORMALIZATION:1.0|PDNA:1.0|PRICE:PRICE_DOWN|OI:OI_NEUTRAL|VOLUME:VOLUME_CONTRACTION|PCR:PCR_NEUTRAL|IV:IV_NORMAL|SCORE:SCORE_NEUTRAL|PATTERN:LONG UNWINDING|DIRECTION:UNKNOWN,PDNA_37D05D39
FORTIS,916.8,-0.36,11051500.0,-0.45,,,,,,,,,736250.0,-45.93,VOLUME_OI,VolumeAndOISpikesScans_25AUG26_Report_19_8_2026_112906.xlsx,0,SELL,,Long Unwinding,NORMALIZATION:1.0|PDNA:1.0|PRICE:PRICE_NEUTRAL|OI:OI_NEUTRAL|VOLUME:VOLUME_NORMAL|PCR:PCR_NEUTRAL|IV:IV_NORMAL|SCORE:SCORE_NEUTRAL|PATTERN:LONG UNWINDING|DIRECTION:UNKNOWN,PDNA_1D3127C4
ITC,268.25,-0.96,147713475.0,0.33,,,,,,,,,6784425.0,-47.04,VOLUME_OI,VolumeAndOISpikesScans_25AUG26_Report_19_8_2026_112906.xlsx,0,SELL,,Short Buildup,NORMALIZATION:1.0|PDNA:1.0|PRICE:PRICE_DOWN|OI:OI_NEUTRAL|VOLUME:VOLUME_NORMAL|PCR:PCR_NEUTRAL|IV:IV_NORMAL|SCORE:SCORE_NEUTRAL|PATTERN:SHORT BUILDUP|DIRECTION:UNKNOWN,PDNA_FB34F77E
KOTAKBANK,389.7,0.19,147472000.0,-0.09,,,,,,,,,7720000.0,-61.39,VOLUME_OI,VolumeAndOISpikesScans_25AUG26_Report_19_8_2026_112906.xlsx,0,SELL,,Short Covering,NORMALIZATION:1.0|PDNA:1.0|PRICE:PRICE_NEUTRAL|OI:OI_NEUTRAL|VOLUME:VOLUME_CONTRACTION|PCR:PCR_NEUTRAL|IV:IV_NORMAL|SCORE:SCORE_NEUTRAL|PATTERN:SHORT COVERING|DIRECTION:UNKNOWN,PDNA_730329D2
PGEL,596.75,-0.2,13172700.0,-0.25,,,,,,,,,811300.0,-60.77,VOLUME_OI,VolumeAndOISpikesScans_25AUG26_Report_19_8_2026_112906.xlsx,0,SELL,,Long Unwinding,NORMALIZATION:1.0|PDNA:1.0|PRICE:PRICE_NEUTRAL|OI:OI_NEUTRAL|VOLUME:VOLUME_CONTRACTION|PCR:PCR_NEUTRAL|IV:IV_NORMAL|SCORE:SCORE_NEUTRAL|PATTERN:LONG UNWINDING|DIRECTION:UNKNOWN,PDNA_0FE0494C
ASHOKLEY,173.94,-1.42,130555000.0,0.19,,,,,,,,,7075000.0,-61.95,VOLUME_OI,VolumeAndOISpikesScans_25AUG26_Report_19_8_2026_112906.xlsx,0,SELL,Negative Price Momentum,Short Buildup,NORMALIZATION:1.0|PDNA:1.0|PRICE:PRICE_DOWN|OI:OI_NEUTRAL|VOLUME:VOLUME_CONTRACTION|PCR:PCR_NEUTRAL|IV:IV_NORMAL|SCORE:SCORE_NEUTRAL|PATTERN:SHORT BUILDUP|DIRECTION:UNKNOWN,PDNA_A980978A
RBLBANK,382.15,-0.42,40338375.0,-0.22,,,,,,,,,1444625.0,-61.76,VOLUME_OI,VolumeAndOISpikesScans_25AUG26_Report_19_8_2026_112906.xlsx,0,SELL,,Long Unwinding,NORMALIZATION:1.0|PDNA:1.0|PRICE:PRICE_NEUTRAL|OI:OI_NEUTRAL|VOLUME:VOLUME_CONTRACTION|PCR:PCR_NEUTRAL|IV:IV_NORMAL|SCORE:SCORE_NEUTRAL|PATTERN:LONG UNWINDING|DIRECTION:UNKNOWN,PDNA_0FE0494C
INOXWIND,74.53,-0.57,109984000.0,1.51,,,,,,,,,7891200.0,-62.94,VOLUME_OI,VolumeAndOISpikesScans_25AUG26_Report_19_8_2026_112906.xlsx,0,SELL,,Short Buildup,NORMALIZATION:1.0|PDNA:1.0|PRICE:PRICE_DOWN|OI:OI_ACCUMULATION|VOLUME:VOLUME_CONTRACTION|PCR:PCR_NEUTRAL|IV:IV_NORMAL|SCORE:SCORE_NEUTRAL|PATTERN:SHORT BUILDUP|DIRECTION:UNKNOWN,PDNA_5792830B
TORNTPHARM,4972.5,-0.17,3649375.0,-0.75,,,,,,,,,105125.0,-63.19,VOLUME_OI,VolumeAndOISpikesScans_25AUG26_Report_19_8_2026_112906.xlsx,0,SELL,,Long Unwinding,NORMALIZATION:1.0|PDNA:1.0|PRICE:PRICE_NEUTRAL|OI:OI_NEUTRAL|VOLUME:VOLUME_CONTRACTION|PCR:PCR_NEUTRAL|IV:IV_NORMAL|SCORE:SCORE_NEUTRAL|PATTERN:LONG UNWINDING|DIRECTION:UNKNOWN,PDNA_0FE0494C
JUBLFOOD,499.1,-0.86,25700000.0,0.46,,,,,,,,,1678750.0,-64.12,VOLUME_OI,VolumeAndOISpikesScans_25AUG26_Report_19_8_2026_112906.xlsx,0,SELL,,Short Buildup,NORMALIZATION:1.0|PDNA:1.0|PRICE:PRICE_DOWN|OI:OI_NEUTRAL|VOLUME:VOLUME_CONTRACTION|PCR:PCR_NEUTRAL|IV:IV_NORMAL|SCORE:SCORE_NEUTRAL|PATTERN:SHORT BUILDUP|DIRECTION:UNKNOWN,PDNA_A980978A
ULTRACEMCO,11495.0,-0.43,1613150.0,0.35,,,,,,,,,87500.0,-62.54,VOLUME_OI,VolumeAndOISpikesScans_25AUG26_Report_19_8_2026_112906.xlsx,0,SELL,,Short Buildup,NORMALIZATION:1.0|PDNA:1.0|PRICE:PRICE_NEUTRAL|OI:OI_NEUTRAL|VOLUME:VOLUME_CONTRACTION|PCR:PCR_NEUTRAL|IV:IV_NORMAL|SCORE:SCORE_NEUTRAL|PATTERN:SHORT BUILDUP|DIRECTION:UNKNOWN,PDNA_151840E4
RECLTD,339.4,0.24,36906975.0,-0.88,,,,,,,,,1856925.0,-64.7,VOLUME_OI,VolumeAndOISpikesScans_25AUG26_Report_19_8_2026_112906.xlsx,0,SELL,,Short Covering,NORMALIZATION:1.0|PDNA:1.0|PRICE:PRICE_NEUTRAL|OI:OI_NEUTRAL|VOLUME:VOLUME_CONTRACTION|PCR:PCR_NEUTRAL|IV:IV_NORMAL|SCORE:SCORE_NEUTRAL|PATTERN:SHORT COVERING|DIRECTION:UNKNOWN,PDNA_730329D2
INDHOTEL,719.7,0.22,20578000.0,-0.49,,,,,,,,,497000.0,-64.88,VOLUME_OI,VolumeAndOISpikesScans_25AUG26_Report_19_8_2026_112906.xlsx,0,SELL,,Short Covering,NORMALIZATION:1.0|PDNA:1.0|PRICE:PRICE_NEUTRAL|OI:OI_NEUTRAL|VOLUME:VOLUME_CONTRACTION|PCR:PCR_NEUTRAL|IV:IV_NORMAL|SCORE:SCORE_NEUTRAL|PATTERN:SHORT COVERING|DIRECTION:UNKNOWN,PDNA_730329D2
DABUR,400.75,-0.56,26370000.0,0.19,,,,,,,,,758750.0,-65.41,VOLUME_OI,VolumeAndOISpikesScans_25AUG26_Report_19_8_2026_112906.xlsx,0,SELL,,Short Buildup,NORMALIZATION:1.0|PDNA:1.0|PRICE:PRICE_DOWN|OI:OI_NEUTRAL|VOLUME:VOLUME_CONTRACTION|PCR:PCR_NEUTRAL|IV:IV_NORMAL|SCORE:SCORE_NEUTRAL|PATTERN:SHORT BUILDUP|DIRECTION:UNKNOWN,PDNA_A980978A
DRREDDY,1180.1,-0.04,15870000.0,-0.99,,,,,,,,,965000.0,-65.65,VOLUME_OI,VolumeAndOISpikesScans_25AUG26_Report_19_8_2026_112906.xlsx,0,SELL,,Long Unwinding,NORMALIZATION:1.0|PDNA:1.0|PRICE:PRICE_NEUTRAL|OI:OI_NEUTRAL|VOLUME:VOLUME_CONTRACTION|PCR:PCR_NEUTRAL|IV:IV_NORMAL|SCORE:SCORE_NEUTRAL|PATTERN:LONG UNWINDING|DIRECTION:UNKNOWN,PDNA_0FE0494C
PNB,117.16,0.28,250440000.0,0.11,,,,,,,,,8048000.0,-65.68,VOLUME_OI,VolumeAndOISpikesScans_25AUG26_Report_19_8_2026_112906.xlsx,0,SELL,,Fresh Long Buildup,NORMALIZATION:1.0|PDNA:1.0|PRICE:PRICE_NEUTRAL|OI:OI_NEUTRAL|VOLUME:VOLUME_CONTRACTION|PCR:PCR_NEUTRAL|IV:IV_NORMAL|SCORE:SCORE_NEUTRAL|PATTERN:FRESH LONG BUILDUP|DIRECTION:UNKNOWN,PDNA_CC3F09E3
RELIANCE,1315.4,-0.39,103448000.0,0.69,,,,,,,,,3103000.0,-66.26,VOLUME_OI,VolumeAndOISpikesScans_25AUG26_Report_19_8_2026_112906.xlsx,0,SELL,,Short Buildup,NORMALIZATION:1.0|PDNA:1.0|PRICE:PRICE_NEUTRAL|OI:OI_NEUTRAL|VOLUME:VOLUME_CONTRACTION|PCR:PCR_NEUTRAL|IV:IV_NORMAL|SCORE:SCORE_NEUTRAL|PATTERN:SHORT BUILDUP|DIRECTION:UNKNOWN,PDNA_151840E4
BDL,1363.4,-2.74,7246250.0,-0.22,,,,,,,,,758200.0,-66.38,VOLUME_OI,VolumeAndOISpikesScans_25AUG26_Report_19_8_2026_112906.xlsx,0,SELL,Negative Price Momentum,Long Unwinding,NORMALIZATION:1.0|PDNA:1.0|PRICE:PRICE_STRONG_DOWN|OI:OI_NEUTRAL|VOLUME:VOLUME_CONTRACTION|PCR:PCR_NEUTRAL|IV:IV_NORMAL|SCORE:SCORE_NEUTRAL|PATTERN:LONG UNWINDING|DIRECTION:UNKNOWN,PDNA_185F7386
EICHERMOT,8042.0,-0.19,3120000.0,0.38,,,,,,,,,140700.0,-64.35,VOLUME_OI,VolumeAndOISpikesScans_25AUG26_Report_19_8_2026_112906.xlsx,0,SELL,,Short Buildup,NORMALIZATION:1.0|PDNA:1.0|PRICE:PRICE_NEUTRAL|OI:OI_NEUTRAL|VOLUME:VOLUME_CONTRACTION|PCR:PCR_NEUTRAL|IV:IV_NORMAL|SCORE:SCORE_NEUTRAL|PATTERN:SHORT BUILDUP|DIRECTION:UNKNOWN,PDNA_151840E4
MANAPPURAM,339.35,-1.79,67071000.0,-0.27,,,,,,,,,381000.0,-67.77,VOLUME_OI,VolumeAndOISpikesScans_25AUG26_Report_19_8_2026_112906.xlsx,0,SELL,Negative Price Momentum,Long Unwinding,NORMALIZATION:1.0|PDNA:1.0|PRICE:PRICE_DOWN|OI:OI_NEUTRAL|VOLUME:VOLUME_CONTRACTION|PCR:PCR_NEUTRAL|IV:IV_NORMAL|SCORE:SCORE_NEUTRAL|PATTERN:LONG UNWINDING|DIRECTION:UNKNOWN,PDNA_37D05D39
SONACOMS,826.95,-0.07,14176925.0,1.1,,,,,,,,,1276450.0,-68.0,VOLUME_OI,VolumeAndOISpikesScans_25AUG26_Report_19_8_2026_112906.xlsx,0,SELL,,Short Buildup,NORMALIZATION:1.0|PDNA:1.0|PRICE:PRICE_NEUTRAL|OI:OI_NEUTRAL|VOLUME:VOLUME_CONTRACTION|PCR:PCR_NEUTRAL|IV:IV_NORMAL|SCORE:SCORE_NEUTRAL|PATTERN:SHORT BUILDUP|DIRECTION:UNKNOWN,PDNA_151840E4
PRESTIGE,1578.0,-1.29,5766300.0,0.44,,,,,,,,,267750.0,-68.3,VOLUME_OI,VolumeAndOISpikesScans_25AUG26_Report_19_8_2026_112906.xlsx,0,SELL,Negative Price Momentum,Short Buildup,NORMALIZATION:1.0|PDNA:1.0|PRICE:PRICE_DOWN|OI:OI_NEUTRAL|VOLUME:VOLUME_CONTRACTION|PCR:PCR_NEUTRAL|IV:IV_NORMAL|SCORE:SCORE_NEUTRAL|PATTERN:SHORT BUILDUP|DIRECTION:UNKNOWN,PDNA_A980978A
DMART,3984.6,-0.09,4877100.0,-0.58,,,,,,,,,167400.0,-69.09,VOLUME_OI,VolumeAndOISpikesScans_25AUG26_Report_19_8_2026_112906.xlsx,0,SELL,,Long Unwinding,NORMALIZATION:1.0|PDNA:1.0|PRICE:PRICE_NEUTRAL|OI:OI_NEUTRAL|VOLUME:VOLUME_CONTRACTION|PCR:PCR_NEUTRAL|IV:IV_NORMAL|SCORE:SCORE_NEUTRAL|PATTERN:LONG UNWINDING|DIRECTION:UNKNOWN,PDNA_0FE0494C
HAL,5037.0,-1.01,6177900.0,0.44,,,,,,,,,358800.0,-69.16,VOLUME_OI,VolumeAndOISpikesScans_25AUG26_Report_19_8_2026_112906.xlsx,0,SELL,Negative Price Momentum,Short Buildup,NORMALIZATION:1.0|PDNA:1.0|PRICE:PRICE_DOWN|OI:OI_NEUTRAL|VOLUME:VOLUME_CONTRACTION|PCR:PCR_NEUTRAL|IV:IV_NORMAL|SCORE:SCORE_NEUTRAL|PATTERN:SHORT BUILDUP|DIRECTION:UNKNOWN,PDNA_A980978A
OBEROIRLTY,1880.3,1.0,5474000.0,-0.89,,,,,,,,,788200.0,-69.17,VOLUME_OI,VolumeAndOISpikesScans_25AUG26_Report_19_8_2026_112906.xlsx,0,SELL,,Short Covering,NORMALIZATION:1.0|PDNA:1.0|PRICE:PRICE_UP|OI:OI_NEUTRAL|VOLUME:VOLUME_CONTRACTION|PCR:PCR_NEUTRAL|IV:IV_NORMAL|SCORE:SCORE_NEUTRAL|PATTERN:SHORT COVERING|DIRECTION:UNKNOWN,PDNA_5E358B99
TMPV,322.6,-0.46,79752000.0,-0.05,,,,,,,,,2350400.0,-69.7,VOLUME_OI,VolumeAndOISpikesScans_25AUG26_Report_19_8_2026_112906.xlsx,0,SELL,,Long Unwinding,NORMALIZATION:1.0|PDNA:1.0|PRICE:PRICE_NEUTRAL|OI:OI_NEUTRAL|VOLUME:VOLUME_CONTRACTION|PCR:PCR_NEUTRAL|IV:IV_NORMAL|SCORE:SCORE_NEUTRAL|PATTERN:LONG UNWINDING|DIRECTION:UNKNOWN,PDNA_0FE0494C
AMBER,7311.0,-0.91,1414700.0,-0.4,,,,,,,,,132300.0,-69.9,VOLUME_OI,VolumeAndOISpikesScans_25AUG26_Report_19_8_2026_112906.xlsx,0,SELL,,Long Unwinding,NORMALIZATION:1.0|PDNA:1.0|PRICE:PRICE_DOWN|OI:OI_NEUTRAL|VOLUME:VOLUME_CONTRACTION|PCR:PCR_NEUTRAL|IV:IV_NORMAL|SCORE:SCORE_NEUTRAL|PATTERN:LONG UNWINDING|DIRECTION:UNKNOWN,PDNA_37D05D39
BEL,409.85,-0.81,86144100.0,-1.31,,,,,,,,,4792275.0,-70.36,VOLUME_OI,VolumeAndOISpikesScans_25AUG26_Report_19_8_2026_112906.xlsx,0,SELL,,Long Unwinding,NORMALIZATION:1.0|PDNA:1.0|PRICE:PRICE_DOWN|OI:OI_NEUTRAL|VOLUME:VOLUME_CONTRACTION|PCR:PCR_NEUTRAL|IV:IV_NORMAL|SCORE:SCORE_NEUTRAL|PATTERN:LONG UNWINDING|DIRECTION:UNKNOWN,PDNA_37D05D39
UNITDSPR,1528.4,0.01,7143200.0,-0.16,,,,,,,,,193600.0,-70.49,VOLUME_OI,VolumeAndOISpikesScans_25AUG26_Report_19_8_2026_112906.xlsx,0,SELL,,Short Covering,NORMALIZATION:1.0|PDNA:1.0|PRICE:PRICE_NEUTRAL|OI:OI_NEUTRAL|VOLUME:VOLUME_CONTRACTION|PCR:PCR_NEUTRAL|IV:IV_NORMAL|SCORE:SCORE_NEUTRAL|PATTERN:SHORT COVERING|DIRECTION:UNKNOWN,PDNA_730329D2
HCLTECH,1310.0,0.39,25613200.0,-0.61,,,,,,,,,626000.0,-70.54,VOLUME_OI,VolumeAndOISpikesScans_25AUG26_Report_19_8_2026_112906.xlsx,0,SELL,,Short Covering,NORMALIZATION:1.0|PDNA:1.0|PRICE:PRICE_NEUTRAL|OI:OI_NEUTRAL|VOLUME:VOLUME_CONTRACTION|PCR:PCR_NEUTRAL|IV:IV_NORMAL|SCORE:SCORE_NEUTRAL|PATTERN:SHORT COVERING|DIRECTION:UNKNOWN,PDNA_730329D2
AXISBANK,1234.8,-1.1,81938750.0,0.35,,,,,,,,,2219375.0,-70.74,VOLUME_OI,VolumeAndOISpikesScans_25AUG26_Report_19_8_2026_112906.xlsx,0,SELL,Negative Price Momentum,Short Buildup,NORMALIZATION:1.0|PDNA:1.0|PRICE:PRICE_DOWN|OI:OI_NEUTRAL|VOLUME:VOLUME_CONTRACTION|PCR:PCR_NEUTRAL|IV:IV_NORMAL|SCORE:SCORE_NEUTRAL|PATTERN:SHORT BUILDUP|DIRECTION:UNKNOWN,PDNA_A980978A
PREMIERENE,1013.3,-0.25,7384000.0,-0.07,,,,,,,,,174850.0,-70.86,VOLUME_OI,VolumeAndOISpikesScans_25AUG26_Report_19_8_2026_112906.xlsx,0,SELL,,Long Unwinding,NORMALIZATION:1.0|PDNA:1.0|PRICE:PRICE_NEUTRAL|OI:OI_NEUTRAL|VOLUME:VOLUME_CONTRACTION|PCR:PCR_NEUTRAL|IV:IV_NORMAL|SCORE:SCORE_NEUTRAL|PATTERN:LONG UNWINDING|DIRECTION:UNKNOWN,PDNA_0FE0494C
MUTHOOTFIN,2854.0,-1.71,7121400.0,0.85,,,,,,,,,239800.0,-70.95,VOLUME_OI,VolumeAndOISpikesScans_25AUG26_Report_19_8_2026_112906.xlsx,0,SELL,Negative Price Momentum,Short Buildup,NORMALIZATION:1.0|PDNA:1.0|PRICE:PRICE_DOWN|OI:OI_NEUTRAL|VOLUME:VOLUME_CONTRACTION|PCR:PCR_NEUTRAL|IV:IV_NORMAL|SCORE:SCORE_NEUTRAL|PATTERN:SHORT BUILDUP|DIRECTION:UNKNOWN,PDNA_A980978A
ANGELONE,292.5,0.48,32287500.0,0.95,,,,,,,,,2602500.0,-71.0,VOLUME_OI,VolumeAndOISpikesScans_25AUG26_Report_19_8_2026_112906.xlsx,0,SELL,,Fresh Long Buildup,NORMALIZATION:1.0|PDNA:1.0|PRICE:PRICE_NEUTRAL|OI:OI_NEUTRAL|VOLUME:VOLUME_CONTRACTION|PCR:PCR_NEUTRAL|IV:IV_NORMAL|SCORE:SCORE_NEUTRAL|PATTERN:FRESH LONG BUILDUP|DIRECTION:UNKNOWN,PDNA_CC3F09E3
BOSCHLTD,48515.0,-0.52,221425.0,0.81,,,,,,,,,24775.0,-67.54,VOLUME_OI,VolumeAndOISpikesScans_25AUG26_Report_19_8_2026_112906.xlsx,0,SELL,,Short Buildup,NORMALIZATION:1.0|PDNA:1.0|PRICE:PRICE_DOWN|OI:OI_NEUTRAL|VOLUME:VOLUME_CONTRACTION|PCR:PCR_NEUTRAL|IV:IV_NORMAL|SCORE:SCORE_NEUTRAL|PATTERN:SHORT BUILDUP|DIRECTION:UNKNOWN,PDNA_A980978A
KEI,5715.0,-0.98,1613675.0,-0.32,,,,,,,,,130200.0,-71.13,VOLUME_OI,VolumeAndOISpikesScans_25AUG26_Report_19_8_2026_112906.xlsx,0,SELL,,Long Unwinding,NORMALIZATION:1.0|PDNA:1.0|PRICE:PRICE_DOWN|OI:OI_NEUTRAL|VOLUME:VOLUME_CONTRACTION|PCR:PCR_NEUTRAL|IV:IV_NORMAL|SCORE:SCORE_NEUTRAL|PATTERN:LONG UNWINDING|DIRECTION:UNKNOWN,PDNA_37D05D39
CAMS,756.6,-0.39,7886175.0,0.61,,,,,,,,,286275.0,-71.32,VOLUME_OI,VolumeAndOISpikesScans_25AUG26_Report_19_8_2026_112906.xlsx,0,SELL,,Short Buildup,NORMALIZATION:1.0|PDNA:1.0|PRICE:PRICE_NEUTRAL|OI:OI_NEUTRAL|VOLUME:VOLUME_CONTRACTION|PCR:PCR_NEUTRAL|IV:IV_NORMAL|SCORE:SCORE_NEUTRAL|PATTERN:SHORT BUILDUP|DIRECTION:UNKNOWN,PDNA_151840E4
UNIONBANK,186.6,-0.03,95712750.0,0.03,,,,,,,,,3256800.0,-72.99,VOLUME_OI,VolumeAndOISpikesScans_25AUG26_Report_19_8_2026_112906.xlsx,0,SELL,,Short Buildup,NORMALIZATION:1.0|PDNA:1.0|PRICE:PRICE_NEUTRAL|OI:OI_NEUTRAL|VOLUME:VOLUME_CONTRACTION|PCR:PCR_NEUTRAL|IV:IV_NORMAL|SCORE:SCORE_NEUTRAL|PATTERN:SHORT BUILDUP|DIRECTION:UNKNOWN,PDNA_151840E4
DIVISLAB,8520.0,-0.72,2520300.0,-0.1,,,,,,,,,81100.0,-72.05,VOLUME_OI,VolumeAndOISpikesScans_25AUG26_Report_19_8_2026_112906.xlsx,0,SELL,,Long Unwinding,NORMALIZATION:1.0|PDNA:1.0|PRICE:PRICE_DOWN|OI:OI_NEUTRAL|VOLUME:VOLUME_CONTRACTION|PCR:PCR_NEUTRAL|IV:IV_NORMAL|SCORE:SCORE_NEUTRAL|PATTERN:LONG UNWINDING|DIRECTION:UNKNOWN,PDNA_37D05D39
DIXON,14215.0,0.21,2397450.0,-0.33,,,,,,,,,109050.0,-73.15,VOLUME_OI,VolumeAndOISpikesScans_25AUG26_Report_19_8_2026_112906.xlsx,0,SELL,,Short Covering,NORMALIZATION:1.0|PDNA:1.0|PRICE:PRICE_NEUTRAL|OI:OI_NEUTRAL|VOLUME:VOLUME_CONTRACTION|PCR:PCR_NEUTRAL|IV:IV_NORMAL|SCORE:SCORE_NEUTRAL|PATTERN:SHORT COVERING|DIRECTION:UNKNOWN,PDNA_730329D2
JSWENERGY,541.15,-1.77,24987300.0,0.19,,,,,,,,,545025.0,-74.47,VOLUME_OI,VolumeAndOISpikesScans_25AUG26_Report_19_8_2026_112906.xlsx,0,SELL,Negative Price Momentum,Short Buildup,NORMALIZATION:1.0|PDNA:1.0|PRICE:PRICE_DOWN|OI:OI_NEUTRAL|VOLUME:VOLUME_CONTRACTION|PCR:PCR_NEUTRAL|IV:IV_NORMAL|SCORE:SCORE_NEUTRAL|PATTERN:SHORT BUILDUP|DIRECTION:UNKNOWN,PDNA_A980978A
RADICO,4675.0,-0.8,876000.0,1.72,,,,,,,,,87450.0,-74.51,VOLUME_OI,VolumeAndOISpikesScans_25AUG26_Report_19_8_2026_112906.xlsx,0,SELL,,Short Buildup,NORMALIZATION:1.0|PDNA:1.0|PRICE:PRICE_DOWN|OI:OI_ACCUMULATION|VOLUME:VOLUME_CONTRACTION|PCR:PCR_NEUTRAL|IV:IV_NORMAL|SCORE:SCORE_NEUTRAL|PATTERN:SHORT BUILDUP|DIRECTION:UNKNOWN,PDNA_5792830B
PHOENIXLTD,1920.4,-1.06,3916850.0,0.07,,,,,,,,,94150.0,-75.96,VOLUME_OI,VolumeAndOISpikesScans_25AUG26_Report_19_8_2026_112906.xlsx,0,SELL,Negative Price Momentum,Short Buildup,NORMALIZATION:1.0|PDNA:1.0|PRICE:PRICE_DOWN|OI:OI_NEUTRAL|VOLUME:VOLUME_CONTRACTION|PCR:PCR_NEUTRAL|IV:IV_NORMAL|SCORE:SCORE_NEUTRAL|PATTERN:SHORT BUILDUP|DIRECTION:UNKNOWN,PDNA_A980978A
LT,4038.1,-0.77,9905175.0,-0.14,,,,,,,,,221725.0,-76.47,VOLUME_OI,VolumeAndOISpikesScans_25AUG26_Report_19_8_2026_112906.xlsx,0,SELL,,Long Unwinding,NORMALIZATION:1.0|PDNA:1.0|PRICE:PRICE_DOWN|OI:OI_NEUTRAL|VOLUME:VOLUME_CONTRACTION|PCR:PCR_NEUTRAL|IV:IV_NORMAL|SCORE:SCORE_NEUTRAL|PATTERN:LONG UNWINDING|DIRECTION:UNKNOWN,PDNA_37D05D39
IOC,137.4,-0.25,146025750.0,0.08,,,,,,,,,2320500.0,-77.18,VOLUME_OI,VolumeAndOISpikesScans_25AUG26_Report_19_8_2026_112906.xlsx,0,SELL,,Short Buildup,NORMALIZATION:1.0|PDNA:1.0|PRICE:PRICE_NEUTRAL|OI:OI_NEUTRAL|VOLUME:VOLUME_CONTRACTION|PCR:PCR_NEUTRAL|IV:IV_NORMAL|SCORE:SCORE_NEUTRAL|PATTERN:SHORT BUILDUP|DIRECTION:UNKNOWN,PDNA_151840E4
IDFCFIRSTB,85.62,0.68,320729500.0,-0.01,,,,,,,,,9172975.0,-77.73,VOLUME_OI,VolumeAndOISpikesScans_25AUG26_Report_19_8_2026_112906.xlsx,0,SELL,,Short Covering,NORMALIZATION:1.0|PDNA:1.0|PRICE:PRICE_UP|OI:OI_NEUTRAL|VOLUME:VOLUME_CONTRACTION|PCR:PCR_NEUTRAL|IV:IV_NORMAL|SCORE:SCORE_NEUTRAL|PATTERN:SHORT COVERING|DIRECTION:UNKNOWN,PDNA_5E358B99
GAIL,172.07,0.16,81646450.0,-0.07,,,,,,,,,1838900.0,-78.11,VOLUME_OI,VolumeAndOISpikesScans_25AUG26_Report_19_8_2026_112906.xlsx,0,SELL,,Short Covering,NORMALIZATION:1.0|PDNA:1.0|PRICE:PRICE_NEUTRAL|OI:OI_NEUTRAL|VOLUME:VOLUME_CONTRACTION|PCR:PCR_NEUTRAL|IV:IV_NORMAL|SCORE:SCORE_NEUTRAL|PATTERN:SHORT COVERING|DIRECTION:UNKNOWN,PDNA_730329D2
CANBK,128.85,-0.13,343750500.0,0.15,,,,,,,,,6871500.0,-78.62,VOLUME_OI,VolumeAndOISpikesScans_25AUG26_Report_19_8_2026_112906.xlsx,0,SELL,,Short Buildup,NORMALIZATION:1.0|PDNA:1.0|PRICE:PRICE_NEUTRAL|OI:OI_NEUTRAL|VOLUME:VOLUME_CONTRACTION|PCR:PCR_NEUTRAL|IV:IV_NORMAL|SCORE:SCORE_NEUTRAL|PATTERN:SHORT BUILDUP|DIRECTION:UNKNOWN,PDNA_151840E4
INDUSTOWER,372.3,-0.65,89088500.0,-0.2,,,,,,,,,2346000.0,-79.41,VOLUME_OI,VolumeAndOISpikesScans_25AUG26_Report_19_8_2026_112906.xlsx,0,SELL,,Long Unwinding,NORMALIZATION:1.0|PDNA:1.0|PRICE:PRICE_DOWN|OI:OI_NEUTRAL|VOLUME:VOLUME_CONTRACTION|PCR:PCR_NEUTRAL|IV:IV_NORMAL|SCORE:SCORE_NEUTRAL|PATTERN:LONG UNWINDING|DIRECTION:UNKNOWN,PDNA_37D05D39
IDEA,13.97,-1.27,5478558750.0,-0.1,,,,,,,,,198128700.0,-79.47,VOLUME_OI,VolumeAndOISpikesScans_25AUG26_Report_19_8_2026_112906.xlsx,0,SELL,Negative Price Momentum,Long Unwinding,NORMALIZATION:1.0|PDNA:1.0|PRICE:PRICE_DOWN|OI:OI_NEUTRAL|VOLUME:VOLUME_CONTRACTION|PCR:PCR_NEUTRAL|IV:IV_NORMAL|SCORE:SCORE_NEUTRAL|PATTERN:LONG UNWINDING|DIRECTION:UNKNOWN,PDNA_37D05D39
APLAPOLLO,2114.8,-0.12,7193900.0,0.79,,,,,,,,,210000.0,-79.7,VOLUME_OI,VolumeAndOISpikesScans_25AUG26_Report_19_8_2026_112906.xlsx,0,SELL,,Short Buildup,NORMALIZATION:1.0|PDNA:1.0|PRICE:PRICE_NEUTRAL|OI:OI_NEUTRAL|VOLUME:VOLUME_CONTRACTION|PCR:PCR_NEUTRAL|IV:IV_NORMAL|SCORE:SCORE_NEUTRAL|PATTERN:SHORT BUILDUP|DIRECTION:UNKNOWN,PDNA_151840E4
BAJAJFINSV,2002.1,-0.44,6587700.0,-0.05,,,,,,,,,164100.0,-80.23,VOLUME_OI,VolumeAndOISpikesScans_25AUG26_Report_19_8_2026_112906.xlsx,0,SELL,,Long Unwinding,NORMALIZATION:1.0|PDNA:1.0|PRICE:PRICE_NEUTRAL|OI:OI_NEUTRAL|VOLUME:VOLUME_CONTRACTION|PCR:PCR_NEUTRAL|IV:IV_NORMAL|SCORE:SCORE_NEUTRAL|PATTERN:LONG UNWINDING|DIRECTION:UNKNOWN,PDNA_0FE0494C
AUROPHARMA,1631.0,-0.62,9182250.0,0.31,,,,,,,,,314600.0,-80.52,VOLUME_OI,VolumeAndOISpikesScans_25AUG26_Report_19_8_2026_112906.xlsx,0,SELL,,Short Buildup,NORMALIZATION:1.0|PDNA:1.0|PRICE:PRICE_DOWN|OI:OI_NEUTRAL|VOLUME:VOLUME_CONTRACTION|PCR:PCR_NEUTRAL|IV:IV_NORMAL|SCORE:SCORE_NEUTRAL|PATTERN:SHORT BUILDUP|DIRECTION:UNKNOWN,PDNA_A980978A
MARUTI,13692.0,-0.46,1499200.0,0.07,,,,,,,,,72050.0,-80.53,VOLUME_OI,VolumeAndOISpikesScans_25AUG26_Report_19_8_2026_112906.xlsx,0,SELL,,Short Buildup,NORMALIZATION:1.0|PDNA:1.0|PRICE:PRICE_NEUTRAL|OI:OI_NEUTRAL|VOLUME:VOLUME_CONTRACTION|PCR:PCR_NEUTRAL|IV:IV_NORMAL|SCORE:SCORE_NEUTRAL|PATTERN:SHORT BUILDUP|DIRECTION:UNKNOWN,PDNA_151840E4
PATANJALI,349.4,-0.21,34854725.0,-0.69,,,,,,,,,1288925.0,-80.78,VOLUME_OI,VolumeAndOISpikesScans_25AUG26_Report_19_8_2026_112906.xlsx,0,SELL,,Long Unwinding,NORMALIZATION:1.0|PDNA:1.0|PRICE:PRICE_NEUTRAL|OI:OI_NEUTRAL|VOLUME:VOLUME_CONTRACTION|PCR:PCR_NEUTRAL|IV:IV_NORMAL|SCORE:SCORE_NEUTRAL|PATTERN:LONG UNWINDING|DIRECTION:UNKNOWN,PDNA_0FE0494C
COCHINSHIP,1481.2,-0.88,4798000.0,0.7,,,,,,,,,166400.0,-81.31,VOLUME_OI,VolumeAndOISpikesScans_25AUG26_Report_19_8_2026_112906.xlsx,0,SELL,,Short Buildup,NORMALIZATION:1.0|PDNA:1.0|PRICE:PRICE_DOWN|OI:OI_NEUTRAL|VOLUME:VOLUME_CONTRACTION|PCR:PCR_NEUTRAL|IV:IV_NORMAL|SCORE:SCORE_NEUTRAL|PATTERN:SHORT BUILDUP|DIRECTION:UNKNOWN,PDNA_A980978A
OIL,480.25,-0.46,15236200.0,0.89,,,,,,,,,501200.0,-82.0,VOLUME_OI,VolumeAndOISpikesScans_25AUG26_Report_19_8_2026_112906.xlsx,0,SELL,,Short Buildup,NORMALIZATION:1.0|PDNA:1.0|PRICE:PRICE_NEUTRAL|OI:OI_NEUTRAL|VOLUME:VOLUME_CONTRACTION|PCR:PCR_NEUTRAL|IV:IV_NORMAL|SCORE:SCORE_NEUTRAL|PATTERN:SHORT BUILDUP|DIRECTION:UNKNOWN,PDNA_151840E4
MFSL,1561.2,-1.2,9664000.0,0.05,,,,,,,,,177200.0,-82.03,VOLUME_OI,VolumeAndOISpikesScans_25AUG26_Report_19_8_2026_112906.xlsx,0,SELL,Negative Price Momentum,Short Buildup,NORMALIZATION:1.0|PDNA:1.0|PRICE:PRICE_DOWN|OI:OI_NEUTRAL|VOLUME:VOLUME_CONTRACTION|PCR:PCR_NEUTRAL|IV:IV_NORMAL|SCORE:SCORE_NEUTRAL|PATTERN:SHORT BUILDUP|DIRECTION:UNKNOWN,PDNA_A980978A
BAJAJHLDNG,11318.0,0.39,336975.0,-0.38,,,,,,,,,3900.0,-82.49,VOLUME_OI,VolumeAndOISpikesScans_25AUG26_Report_19_8_2026_112906.xlsx,0,SELL,,Short Covering,NORMALIZATION:1.0|PDNA:1.0|PRICE:PRICE_NEUTRAL|OI:OI_NEUTRAL|VOLUME:VOLUME_CONTRACTION|PCR:PCR_NEUTRAL|IV:IV_NORMAL|SCORE:SCORE_NEUTRAL|PATTERN:SHORT COVERING|DIRECTION:UNKNOWN,PDNA_730329D2
ICICIGI,1624.5,-0.54,5642325.0,0.17,,,,,,,,,70850.0,-84.29,VOLUME_OI,VolumeAndOISpikesScans_25AUG26_Report_19_8_2026_112906.xlsx,0,SELL,,Short Buildup,NORMALIZATION:1.0|PDNA:1.0|PRICE:PRICE_DOWN|OI:OI_NEUTRAL|VOLUME:VOLUME_CONTRACTION|PCR:PCR_NEUTRAL|IV:IV_NORMAL|SCORE:SCORE_NEUTRAL|PATTERN:SHORT BUILDUP|DIRECTION:UNKNOWN,PDNA_A980978A
TIINDIA,2944.3,-0.81,2235600.0,-3.04,,,,,,,,,242400.0,-84.49,VOLUME_OI,VolumeAndOISpikesScans_25AUG26_Report_19_8_2026_112906.xlsx,0,SELL,OI Reduction,Long Unwinding,NORMALIZATION:1.0|PDNA:1.0|PRICE:PRICE_DOWN|OI:OI_LIQUIDATION|VOLUME:VOLUME_CONTRACTION|PCR:PCR_NEUTRAL|IV:IV_NORMAL|SCORE:SCORE_NEUTRAL|PATTERN:LONG UNWINDING|DIRECTION:UNKNOWN,PDNA_7D1F28A0
VMM,103.96,0.0,46977100.0,-0.24,,,,,,,,,1057300.0,-85.94,VOLUME_OI,VolumeAndOISpikesScans_25AUG26_Report_19_8_2026_112906.xlsx,0,SELL,,Neutral,NORMALIZATION:1.0|PDNA:1.0|PRICE:PRICE_NEUTRAL|OI:OI_NEUTRAL|VOLUME:VOLUME_CONTRACTION|PCR:PCR_NEUTRAL|IV:IV_NORMAL|SCORE:SCORE_NEUTRAL|PATTERN:NEUTRAL|DIRECTION:UNKNOWN,PDNA_F963B6FD
ASIANPAINT,2619.1,-0.31,7164000.0,-0.32,,,,,,,,,182250.0,-86.06,VOLUME_OI,VolumeAndOISpikesScans_25AUG26_Report_19_8_2026_112906.xlsx,0,SELL,,Long Unwinding,NORMALIZATION:1.0|PDNA:1.0|PRICE:PRICE_NEUTRAL|OI:OI_NEUTRAL|VOLUME:VOLUME_CONTRACTION|PCR:PCR_NEUTRAL|IV:IV_NORMAL|SCORE:SCORE_NEUTRAL|PATTERN:LONG UNWINDING|DIRECTION:UNKNOWN,PDNA_0FE0494C
MAXHEALTH,1010.7,-0.46,11620350.0,-0.09,,,,,,,,,267225.0,-90.0,VOLUME_OI,VolumeAndOISpikesScans_25AUG26_Report_19_8_2026_112906.xlsx,0,SELL,,Long Unwinding,NORMALIZATION:1.0|PDNA:1.0|PRICE:PRICE_NEUTRAL|OI:OI_NEUTRAL|VOLUME:VOLUME_CONTRACTION|PCR:PCR_NEUTRAL|IV:IV_NORMAL|SCORE:SCORE_NEUTRAL|PATTERN:LONG UNWINDING|DIRECTION:UNKNOWN,PDNA_0FE0494C
NIFTYFPI,1596.0,,5500.0,,,,,,,,,,5500.0,,VOLUME_OI,VolumeAndOISpikesScans_25AUG26_Report_19_8_2026_112906.xlsx,0,SELL,,Neutral,NORMALIZATION:1.0|PDNA:1.0|PRICE:PRICE_NEUTRAL|OI:OI_NEUTRAL|VOLUME:VOLUME_NORMAL|PCR:PCR_NEUTRAL|IV:IV_NORMAL|SCORE:SCORE_NEUTRAL|PATTERN:NEUTRAL|DIRECTION:UNKNOWN,PDNA_20A36C56
FOCIT,,,,,,,,,,,,,,,VOLUME_OI,VolumeAndOISpikesScans_25AUG26_Report_19_8_2026_112906.xlsx,0,SELL,,Neutral,NORMALIZATION:1.0|PDNA:1.0|PRICE:PRICE_NEUTRAL|OI:OI_NEUTRAL|VOLUME:VOLUME_NORMAL|PCR:PCR_NEUTRAL|IV:IV_NORMAL|SCORE:SCORE_NEUTRAL|PATTERN:NEUTRAL|DIRECTION:UNKNOWN,PDNA_20A36C56
BANKEX,,,,,,,,,,,,,,,VOLUME_OI,VolumeAndOISpikesScans_25AUG26_Report_19_8_2026_112906.xlsx,0,SELL,,Neutral,NORMALIZATION:1.0|PDNA:1.0|PRICE:PRICE_NEUTRAL|OI:OI_NEUTRAL|VOLUME:VOLUME_NORMAL|PCR:PCR_NEUTRAL|IV:IV_NORMAL|SCORE:SCORE_NEUTRAL|PATTERN:NEUTRAL|DIRECTION:UNKNOWN,PDNA_20A36C56
