File,Path,Size,Modified,Status,Processed_Time
Daywise_Price_and_OI_Summary_28JUL26_Report_2026-07-23(1).xlsx,D:\My-data\Share_P&L\Ichart Data\Screenshot\july26\2026-07-23\Daywise_Price_and_OI_Summary_28JUL26_Report_2026-07-23(1).xlsx,22868,2026-07-23T12:14:01.557318,PROCESSED,2026-07-23T14:37:04.845360
FuturesOI_28JUL26_Scan_23_7_2026(1).xlsx,D:\My-data\Share_P&L\Ichart Data\Screenshot\july26\2026-07-23\FuturesOI_28JUL26_Scan_23_7_2026(1).xlsx,281034,2026-07-23T12:15:59.710131,PROCESSED,2026-07-23T14:37:04.884874
FuturesOI_28JUL26_Scan_23_7_2026.xlsx,D:\My-data\Share_P&L\Ichart Data\Screenshot\july26\2026-07-23\FuturesOI_28JUL26_Scan_23_7_2026.xlsx,278699,2026-07-23T10:34:47.989095,PROCESSED,2026-07-23T14:37:04.889976
IVR-IVP_28JUL26_Report_2026-07-23(1).xlsx,D:\My-data\Share_P&L\Ichart Data\Screenshot\july26\2026-07-23\IVR-IVP_28JUL26_Report_2026-07-23(1).xlsx,32197,2026-07-23T12:14:09.369671,PROCESSED,2026-07-23T14:37:04.894892
IVR-IVP_28JUL26_Report_2026-07-23.xlsx,D:\My-data\Share_P&L\Ichart Data\Screenshot\july26\2026-07-23\IVR-IVP_28JUL26_Report_2026-07-23.xlsx,32043,2026-07-23T10:33:40.660320,PROCESSED,2026-07-23T14:37:04.901005
Resistance_28JUL26_Scan_23_7_2026 (1).xlsx,D:\My-data\Share_P&L\Ichart Data\Screenshot\july26\2026-07-23\Resistance_28JUL26_Scan_23_7_2026 (1).xlsx,58081,2026-07-23T10:35:41.424329,PROCESSED,2026-07-23T14:37:04.906110
Resistance_28JUL26_Scan_23_7_2026 (2).xlsx,D:\My-data\Share_P&L\Ichart Data\Screenshot\july26\2026-07-23\Resistance_28JUL26_Scan_23_7_2026 (2).xlsx,55835,2026-07-23T12:14:34.769219,PROCESSED,2026-07-23T14:37:04.911257
Support_Resistance_28JUL26_Scan_23_7_2026(1).xlsx,D:\My-data\Share_P&L\Ichart Data\Screenshot\july26\2026-07-23\Support_Resistance_28JUL26_Scan_23_7_2026(1).xlsx,77135,2026-07-23T12:14:24.655852,PROCESSED,2026-07-23T14:37:04.917380
Support_Resistance_28JUL26_Scan_23_7_2026.xlsx,D:\My-data\Share_P&L\Ichart Data\Screenshot\july26\2026-07-23\Support_Resistance_28JUL26_Scan_23_7_2026.xlsx,74556,2026-07-23T10:35:28.284059,PROCESSED,2026-07-23T14:37:04.922465
VolumeAndOISpikesScans_28JUL26_Report_23_7_2026(1).xlsx,D:\My-data\Share_P&L\Ichart Data\Screenshot\july26\2026-07-23\VolumeAndOISpikesScans_28JUL26_Report_23_7_2026(1).xlsx,115311,2026-07-23T12:13:30.223137,PROCESSED,2026-07-23T14:37:04.927653
VolumeAndOISpikesScans_28JUL26_Report_23_7_2026.xlsx,D:\My-data\Share_P&L\Ichart Data\Screenshot\july26\2026-07-23\VolumeAndOISpikesScans_28JUL26_Report_23_7_2026.xlsx,115273,2026-07-23T10:38:36.306964,PROCESSED,2026-07-23T14:37:04.933711
Daywise_Price_and_OI_Summary_28JUL26_Report_2026-07-23.xlsx,D:\My-data\Share_P&L\Ichart Data\Screenshot\july26\2026-07-23\Daywise_Price_and_OI_Summary_28JUL26_Report_2026-07-23.xlsx,31110,2026-07-23T14:51:20.065687,PROCESSED,2026-07-23T14:51:31.721549
Daywise_Price_and_OI_Summary_28JUL26_Report_2026-07-23(1) - Copy.xlsx,D:\My-data\Share_P&L\Ichart Data\Screenshot\july26\2026-07-23\Daywise_Price_and_OI_Summary_28JUL26_Report_2026-07-23(1) - Copy.xlsx,31602,2026-07-23T14:49:37.914294,PROCESSED,2026-07-23T15:08:20.747520
Daywise_Price_and_OI_Summary_25AUG26_Report_2026-07-24.xlsx,D:\My-data\Share_P&L\Ichart Data\Screenshot\july26\2026-07-24\Daywise_Price_and_OI_Summary_25AUG26_Report_2026-07-24.xlsx,26950,2026-07-24T09:41:44.885188,PROCESSED,2026-07-25T18:13:25.639821
Daywise_Price_and_OI_Summary_28JUL26_Report_2026-07-24.xlsx,D:\My-data\Share_P&L\Ichart Data\Screenshot\july26\2026-07-24\Daywise_Price_and_OI_Summary_28JUL26_Report_2026-07-24.xlsx,26911,2026-07-24T09:40:23.608813,PROCESSED,2026-07-25T18:13:25.654016
FuturesOI_25AUG26_Scan_24_7_2026.xlsx,D:\My-data\Share_P&L\Ichart Data\Screenshot\july26\2026-07-24\FuturesOI_25AUG26_Scan_24_7_2026.xlsx,347417,2026-07-24T09:42:25.693557,PROCESSED,2026-07-25T18:13:25.660385
FuturesOI_28JUL26_Scan_24_7_2026.xlsx,D:\My-data\Share_P&L\Ichart Data\Screenshot\july26\2026-07-24\FuturesOI_28JUL26_Scan_24_7_2026.xlsx,350922,2026-07-24T09:40:36.345943,PROCESSED,2026-07-25T18:13:25.666349
IVR-IVP_25AUG26_Report_2026-07-24.xlsx,D:\My-data\Share_P&L\Ichart Data\Screenshot\july26\2026-07-24\IVR-IVP_25AUG26_Report_2026-07-24.xlsx,31537,2026-07-24T09:41:28.749743,PROCESSED,2026-07-25T18:13:25.672869
IVR-IVP_28JUL26_Report_2026-07-24.xlsx,D:\My-data\Share_P&L\Ichart Data\Screenshot\july26\2026-07-24\IVR-IVP_28JUL26_Report_2026-07-24.xlsx,31555,2026-07-24T09:41:16.303304,PROCESSED,2026-07-25T18:13:25.679358
Resistance_25AUG26_Scan_24_7_2026 (1).xlsx,D:\My-data\Share_P&L\Ichart Data\Screenshot\july26\2026-07-24\Resistance_25AUG26_Scan_24_7_2026 (1).xlsx,47645,2026-07-24T09:42:15.523228,PROCESSED,2026-07-25T18:13:25.689095
Resistance_28JUL26_Scan_24_7_2026 (1).xlsx,D:\My-data\Share_P&L\Ichart Data\Screenshot\july26\2026-07-24\Resistance_28JUL26_Scan_24_7_2026 (1).xlsx,45467,2026-07-24T09:40:55.579628,PROCESSED,2026-07-25T18:13:25.697529
Support_Resistance_25AUG26_Scan_24_7_2026.xlsx,D:\My-data\Share_P&L\Ichart Data\Screenshot\july26\2026-07-24\Support_Resistance_25AUG26_Scan_24_7_2026.xlsx,79410,2026-07-24T09:42:09.567592,PROCESSED,2026-07-25T18:13:25.705950
Support_Resistance_28JUL26_Scan_24_7_2026.xlsx,D:\My-data\Share_P&L\Ichart Data\Screenshot\july26\2026-07-24\Support_Resistance_28JUL26_Scan_24_7_2026.xlsx,82680,2026-07-24T09:40:48.280068,PROCESSED,2026-07-25T18:13:25.713630
VolumeAndOISpikesScans_25AUG26_Report_24_7_2026.xlsx,D:\My-data\Share_P&L\Ichart Data\Screenshot\july26\2026-07-24\VolumeAndOISpikesScans_25AUG26_Report_24_7_2026.xlsx,114355,2026-07-24T09:41:52.812804,PROCESSED,2026-07-25T18:13:25.721318
VolumeAndOISpikesScans_28JUL26_Report_24_7_2026.xlsx,D:\My-data\Share_P&L\Ichart Data\Screenshot\july26\2026-07-24\VolumeAndOISpikesScans_28JUL26_Report_24_7_2026.xlsx,115374,2026-07-24T09:41:05.805760,PROCESSED,2026-07-25T18:13:25.727057
Daywise_Price_and_OI_Summary_25AUG26_Report1_2026-07-27.xlsx,D:\My-data\Share_P&L\Ichart Data\Screenshot\july26\2026-07-27\Daywise_Price_and_OI_Summary_25AUG26_Report1_2026-07-27.xlsx,11255,2026-07-27T09:36:54.606112,PROCESSED,2026-07-27T14:16:17.894490
Daywise_Price_and_OI_Summary_25AUG26_Report_2026-07-27.xlsx,D:\My-data\Share_P&L\Ichart Data\Screenshot\july26\2026-07-27\Daywise_Price_and_OI_Summary_25AUG26_Report_2026-07-27.xlsx,25899,2026-07-27T09:20:24.315815,PROCESSED,2026-07-27T14:16:17.916089
IVR-IVP_25AUG26_Report_2026-07-27.xlsx,D:\My-data\Share_P&L\Ichart Data\Screenshot\july26\2026-07-27\IVR-IVP_25AUG26_Report_2026-07-27.xlsx,30913,2026-07-27T09:21:06.934076,PROCESSED,2026-07-27T14:16:17.928002
Resistance_25AUG26_Scan_27_7_2026 (1).xlsx,D:\My-data\Share_P&L\Ichart Data\Screenshot\july26\2026-07-27\Resistance_25AUG26_Scan_27_7_2026 (1).xlsx,69794,2026-07-27T09:21:00.952969,PROCESSED,2026-07-27T14:16:17.939251
Resistance_25AUG26_Scan_27_7_2026 (2).xlsx,D:\My-data\Share_P&L\Ichart Data\Screenshot\july26\2026-07-27\Resistance_25AUG26_Scan_27_7_2026 (2).xlsx,74873,2026-07-27T09:37:43.669708,PROCESSED,2026-07-27T14:16:17.949698
Sector_Summary_25AUG26_Report_24_7_2026.xlsx,D:\My-data\Share_P&L\Ichart Data\Screenshot\july26\2026-07-27\Sector_Summary_25AUG26_Report_24_7_2026.xlsx,39880,2026-07-27T09:20:08.075753,PROCESSED,2026-07-27T14:16:17.960861
Sector_Summary_28JUL26_Report_20_7_2026.xlsx,D:\My-data\Share_P&L\Ichart Data\Screenshot\july26\2026-07-27\Sector_Summary_28JUL26_Report_20_7_2026.xlsx,39971,2026-07-27T09:02:28.190973,PROCESSED,2026-07-27T14:16:17.972319
Support_Resistance_25AUG26_Scan1_27_7_2026.xlsx,D:\My-data\Share_P&L\Ichart Data\Screenshot\july26\2026-07-27\Support_Resistance_25AUG26_Scan1_27_7_2026.xlsx,77694,2026-07-27T09:37:34.685122,PROCESSED,2026-07-27T14:16:17.982863
Support_Resistance_25AUG26_Scan_27_7_2026.xlsx,D:\My-data\Share_P&L\Ichart Data\Screenshot\july26\2026-07-27\Support_Resistance_25AUG26_Scan_27_7_2026.xlsx,68950,2026-07-27T09:20:54.389908,PROCESSED,2026-07-27T14:16:17.993873
VolumeAndOISpikesScans1_25AUG26_Report_27_7_2026.xlsx,D:\My-data\Share_P&L\Ichart Data\Screenshot\july26\2026-07-27\VolumeAndOISpikesScans1_25AUG26_Report_27_7_2026.xlsx,113333,2026-07-27T09:37:05.737513,PROCESSED,2026-07-27T14:16:18.001005
VolumeAndOISpikesScans_25AUG26_Report_27_7_2026.xlsx,D:\My-data\Share_P&L\Ichart Data\Screenshot\july26\2026-07-27\VolumeAndOISpikesScans_25AUG26_Report_27_7_2026.xlsx,113106,2026-07-27T09:20:42.174852,PROCESSED,2026-07-27T14:16:18.008802
Daywise_Price_and_OI_Summary_25AUG26_Report_2026-07-28.xlsx,D:\My-data\Share_P&L\Ichart Data\Screenshot\july26\2026-07-28\Daywise_Price_and_OI_Summary_25AUG26_Report_2026-07-28.xlsx,3962,2026-07-28T09:32:22.265277,PROCESSED,2026-07-28T11:56:04.957176
IVR-IVP_25AUG26_Report_2026-07-28.xlsx,D:\My-data\Share_P&L\Ichart Data\Screenshot\july26\2026-07-28\IVR-IVP_25AUG26_Report_2026-07-28.xlsx,31364,2026-07-28T09:32:55.809094,PROCESSED,2026-07-28T11:56:04.990712
Resistance_25AUG26_Scan_28_7_2026 (1).xlsx,D:\My-data\Share_P&L\Ichart Data\Screenshot\july26\2026-07-28\Resistance_25AUG26_Scan_28_7_2026 (1).xlsx,79279,2026-07-28T09:32:47.178940,PROCESSED,2026-07-28T11:56:05.004567
Sector_Summary_28JUL26_Report_28_7_2026.xlsx,D:\My-data\Share_P&L\Ichart Data\Screenshot\july26\2026-07-28\Sector_Summary_28JUL26_Report_28_7_2026.xlsx,38953,2026-07-28T09:32:17.250961,PROCESSED,2026-07-28T11:56:05.010838
Support_Resistance_25AUG26_Scan_28_7_2026.xlsx,D:\My-data\Share_P&L\Ichart Data\Screenshot\july26\2026-07-28\Support_Resistance_25AUG26_Scan_28_7_2026.xlsx,73062,2026-07-28T09:32:40.462984,PROCESSED,2026-07-28T11:56:05.018628
VolumeAndOISpikesScans_25AUG26_Report_28_7_2026.xlsx,D:\My-data\Share_P&L\Ichart Data\Screenshot\july26\2026-07-28\VolumeAndOISpikesScans_25AUG26_Report_28_7_2026.xlsx,113816,2026-07-28T09:32:30.145011,PROCESSED,2026-07-28T11:56:05.026726
