trading_date,observation_timestamp,Symbol,Open,High,Low,Close,ATM Straddle %,current_price,opening_straddle_premium,upper_straddle_breakout_level,lower_straddle_breakout_level,standard_straddle_breakout,breakout_direction,Price Chg %,IV Chg %,OI Chg %,PCR Chg %
2026-08-21,2026-08-21T09:20:10.997557,360ONE,1207.9,1208.9,1203.6,1205.1,2.51,1205.1,30.31829,1238.21829,1177.5817100000002,False,NONE,0.07,3.77,-0.09,-1.37
2026-08-21,2026-08-21T09:20:10.997557,ABB,7485.0,7548.5,7472.5,7472.5,2.21,7472.5,165.4185,7650.4185,7319.5815,False,NONE,0.01,10.54,-0.04,1.96
2026-08-21,2026-08-21T09:20:10.997557,ABCAPITAL,408.8,409.45,408.3,408.6,2.13,408.6,8.70744,417.50744000000003,400.09256,False,NONE,0.34,8.66,0.14,-1.41
2026-08-21,2026-08-21T09:20:10.997557,ADANIENSOL,1550.5,1556.6,1547.7,1555.6,2.61,1555.6,40.46805,1590.96805,1510.03195,False,NONE,0.58,3.79,-0.03,2.38
2026-08-21,2026-08-21T09:20:10.997557,ADANIENT,2990.0,3008.2,2987.6,3007.0,1.88,3007.0,56.211999999999996,3046.212,2933.788,False,NONE,0.44,1.49,0.34,1.56
2026-08-21,2026-08-21T09:20:10.997557,ADANIGREEN,1315.0,1325.9,1310.1,1322.7,2.64,1322.7,34.716,1349.716,1280.284,False,NONE,1.14,2.52,-0.18,4.26
2026-08-21,2026-08-21T09:20:10.997557,ADANIPORTS,1693.0,1702.0,1693.0,1697.7,1.74,1697.7,29.4582,1722.4582,1663.5418,False,NONE,0.3,-0.59,-0.1,1.96
2026-08-21,2026-08-21T09:20:10.997557,ADANIPOWER,203.72,204.35,203.28,204.14,2.37,204.14,4.828164,208.54816399999999,198.891836,False,NONE,0.41,7.48,-0.01,0.0
2026-08-21,2026-08-21T09:20:10.997557,ALKEM,5397.0,5411.0,5391.0,5391.0,1.63,5391.0,87.97109999999999,5484.9711,5309.0289,False,NONE,-0.04,-18.46,-0.02,0.0
2026-08-21,2026-08-21T09:20:10.997557,AMBER,7290.0,7315.5,7285.0,7304.5,2.35,7304.5,171.315,7461.315,7118.685,False,NONE,0.26,3.83,-0.02,0.0
2026-08-21,2026-08-21T09:20:10.997557,AMBUJACEM,411.25,412.25,410.15,412.25,1.7,412.25,6.99125,418.24125,404.25875,False,NONE,-0.04,3.78,0.29,0.0
2026-08-21,2026-08-21T09:20:10.997557,ANGELONE,290.25,290.25,288.0,289.95,2.75,289.95,7.981875,298.231875,282.268125,False,NONE,-0.1,4.4,-0.25,1.96
2026-08-21,2026-08-21T09:20:10.997557,APLAPOLLO,2149.0,2151.5,2142.0,2143.2,1.61,2143.2,34.5989,2183.5989,2114.4011,False,NONE,0.18,4.07,0.12,0.0
2026-08-21,2026-08-21T09:20:10.997557,APOLLOHOSP,8700.0,8742.0,8700.0,8711.0,1.12,8711.0,97.44000000000001,8797.44,8602.56,False,NONE,-0.1,-4.92,0.1,0.0
2026-08-21,2026-08-21T09:20:10.997557,ASHOKLEY,173.99,173.99,172.57,172.71,1.82,172.71,3.166618,177.156618,170.823382,False,NONE,-0.44,0.09,0.11,1.45
2026-08-21,2026-08-21T09:20:10.997557,ASIANPAINT,2620.2,2639.8,2620.2,2631.7,1.63,2631.7,42.70925999999999,2662.90926,2577.4907399999997,False,NONE,-0.14,6.04,0.07,0.0
2026-08-21,2026-08-21T09:20:10.997557,ASTRAL,1535.0,1540.9,1528.2,1535.0,1.76,1535.0,27.016,1562.016,1507.984,False,NONE,-0.13,3.07,0.12,0.0
2026-08-21,2026-08-21T09:20:10.997557,AUBANK,1086.9,1089.6,1084.8,1086.7,2.12,1086.7,23.042280000000005,1109.9422800000002,1063.85772,False,NONE,-0.05,9.06,-0.05,0.0
2026-08-21,2026-08-21T09:20:10.997557,AUROPHARMA,1615.0,1624.3,1615.0,1623.5,2.3,1623.5,37.144999999999996,1652.145,1577.855,False,NONE,0.48,4.11,-0.1,0.0
2026-08-21,2026-08-21T09:20:10.997557,AXISBANK,1246.4,1252.9,1246.4,1247.3,1.44,1247.3,17.94816,1264.34816,1228.4518400000002,False,NONE,-0.22,-0.38,0.02,0.0
2026-08-21,2026-08-21T09:20:10.997557,BAJAJ-AUTO,11775.0,11778.0,11713.0,11716.0,1.34,11716.0,157.78500000000003,11932.785,11617.215,False,NONE,-0.2,1.57,0.15,0.0
2026-08-21,2026-08-21T09:20:10.997557,BAJAJFINSV,2017.0,2023.8,2017.0,2023.2,1.57,2023.2,31.666900000000002,2048.6669,1985.3331,False,NONE,0.08,3.71,0.16,0.0
2026-08-21,2026-08-21T09:20:10.997557,BAJAJHLDNG,11370.0,11428.0,11369.0,11428.0,2.25,11428.0,255.825,11625.825,11114.175,False,NONE,0.33,9.65,-0.05,2.5
2026-08-21,2026-08-21T09:20:10.997557,BAJFINANCE,1104.4,1104.9,1096.1,1100.0,1.9,1100.0,20.983600000000003,1125.3836000000001,1083.4164,False,NONE,0.07,8.38,0.1,0.0
2026-08-21,2026-08-21T09:20:10.997557,BANDHANBNK,176.51,176.51,175.25,175.29,1.63,175.29,2.877113,179.387113,173.63288699999998,False,NONE,0.01,-2,-0.01,0.0
2026-08-21,2026-08-21T09:20:10.997557,BANKBARODA,245.29,245.29,244.0,244.26,1.86,244.26,4.562394,249.852394,240.72760599999998,False,NONE,-0.29,9.84,-0.04,0.0
2026-08-21,2026-08-21T09:20:10.997557,BANKEX,65066.75,65089.15,65038.85,65089.15,1.13,65089.15,735.2542749999999,65802.004275,64331.495725,False,NONE,-,-8.89,0.0,-1.19
2026-08-21,2026-08-21T09:20:10.997557,BANKINDIA,142.56,142.56,141.88,142.18,1.91,142.18,2.722896,145.282896,139.837104,False,NONE,-0.23,-0.81,0.06,0.0
2026-08-21,2026-08-21T09:20:10.997557,BANKNIFTY,57638.6,57724.0,57585.2,57626.2,0.91,57626.2,524.51126,58163.11126,57114.08874,False,NONE,-0.02,-0.19,0.17,0.0
2026-08-21,2026-08-21T09:20:10.997557,BDL,1330.4,1334.6,1325.8,1329.2,2.07,1329.2,27.539279999999998,1357.93928,1302.8607200000001,False,NONE,0.82,3.89,-0.23,0.0
2026-08-21,2026-08-21T09:20:10.997557,BEL,411.5,412.0,409.4,410.6,1.6,410.6,6.5840000000000005,418.084,404.916,False,NONE,0.48,-1.28,0.13,0.0
2026-08-21,2026-08-21T09:20:10.997557,BHARATFORG,2049.0,2056.1,2043.0,2043.0,1.78,2043.0,36.4722,2085.4722,2012.5278,False,NONE,-0.53,-0.67,0.03,0.0
2026-08-21,2026-08-21T09:20:10.997557,BHARTIARTL,1951.0,1953.5,1947.8,1947.8,1.24,1947.8,24.1924,1975.1924,1926.8076,False,NONE,-0.04,4.14,0.04,0.0
2026-08-21,2026-08-21T09:20:10.997557,BHEL,414.85,416.1,413.95,414.95,2.25,414.95,9.334125,424.184125,405.51587500000005,False,NONE,-0.11,-0.76,-0.11,0.0
2026-08-21,2026-08-21T09:20:10.997557,BIOCON,414.75,414.9,413.3,413.3,1.86,413.3,7.7143500000000005,422.46435,407.03565,False,NONE,0.05,-1.98,0.11,0.0
2026-08-21,2026-08-21T09:20:10.997557,BLUESTARCO,1521.6,1521.6,1512.8,1514.9,1.85,1514.9,28.1496,1549.7495999999999,1493.4504,False,NONE,0.32,4.54,0.05,-1.72
2026-08-21,2026-08-21T09:20:10.997557,BOSCHLTD,48445.0,48445.0,48220.0,48305.0,1.69,48305.0,818.7205,49263.7205,47626.2795,False,NONE,-0.58,16.52,0.21,1.02
2026-08-21,2026-08-21T09:20:10.997557,BPCL,307.8,308.5,307.45,308.0,2.04,308.0,6.279120000000001,314.07912,301.52088000000003,False,NONE,0.06,1.17,0.13,0.0
2026-08-21,2026-08-21T09:20:10.997557,BRITANNIA,5524.0,5525.0,5449.5,5453.5,1.88,5453.5,103.85119999999999,5627.8512,5420.1488,False,NONE,-1.17,15.92,0.33,-1.72
2026-08-21,2026-08-21T09:20:10.997557,BSE,3250.0,3289.9,3246.0,3271.7,3.33,3271.7,108.225,3358.225,3141.775,False,NONE,-0.63,8.85,0.72,0.0
2026-08-21,2026-08-21T09:20:10.997557,CAMS,754.0,755.4,751.6,751.6,1.73,751.6,13.0442,767.0442,740.9558,False,NONE,0.02,1.32,-0.13,0.0
2026-08-21,2026-08-21T09:20:10.997557,CANBK,129.06,129.67,129.06,129.25,2.0,129.25,2.5812,131.6412,126.4788,False,NONE,-0.37,-1.2,0.15,0.0
2026-08-21,2026-08-21T09:20:10.997557,CDSL,1354.0,1358.5,1353.1,1356.6,2.34,1356.6,31.6836,1385.6836,1322.3164,False,NONE,0.27,6.3,-0.03,0.0
2026-08-21,2026-08-21T09:20:10.997557,CGPOWER,873.9,876.9,872.9,872.9,2.28,872.9,19.924919999999997,893.82492,853.9750799999999,False,NONE,0.09,4.08,0.31,1.79
2026-08-21,2026-08-21T09:20:10.997557,CHOLAFIN,1884.2,1884.2,1868.4,1874.1,2.08,1874.1,39.19136,1923.39136,1845.00864,False,NONE,-0.51,6.04,0.22,-1.45
2026-08-21,2026-08-21T09:20:10.997557,CIPLA,1436.5,1442.5,1435.9,1437.5,1.68,1437.5,24.1332,1460.6332,1412.3668,False,NONE,0.15,-0.31,0.04,0.0
2026-08-21,2026-08-21T09:20:10.997557,COALINDIA,403.9,404.2,402.4,403.65,1.41,403.65,5.694989999999999,409.59499,398.20500999999996,False,NONE,0.29,6.96,0.32,0.0
2026-08-21,2026-08-21T09:20:10.997557,COCHINSHIP,1488.7,1497.1,1488.6,1489.0,2.36,1489.0,35.13332,1523.83332,1453.5666800000001,False,NONE,0.01,17.44,-0.04,1.32
2026-08-21,2026-08-21T09:20:10.997557,COFORGE,1881.5,1882.0,1866.3,1868.0,1.96,1868.0,36.877399999999994,1918.3774,1844.6226,False,NONE,-0.54,-2.55,-0.07,0.98
2026-08-21,2026-08-21T09:20:10.997557,COLPAL,1910.0,1910.0,1890.0,1902.5,1.81,1902.5,34.571,1944.571,1875.429,False,NONE,-0.32,13.13,0.47,0.0
2026-08-21,2026-08-21T09:20:10.997557,CONCOR,518.05,519.8,518.05,518.6,1.67,518.6,8.651435,526.701435,509.39856499999996,False,NONE,-0.18,-5.68,-0.03,0.0
2026-08-21,2026-08-21T09:20:10.997557,CROMPTON,255.0,256.0,253.15,253.6,2.54,253.6,6.477,261.477,248.523,False,NONE,0.28,0.94,-0.01,-1.67
2026-08-21,2026-08-21T09:20:10.997557,CUMMINSIND,5103.0,5218.5,5103.0,5195.5,1.82,5195.5,92.87460000000002,5195.8746,5010.1254,False,NONE,-0.26,15.77,-0.02,0.0
2026-08-21,2026-08-21T09:20:10.997557,DABUR,400.9,401.45,399.7,401.1,1.46,401.1,5.85314,406.75314,395.04686,False,NONE,0.1,2.93,-0.06,0.0
2026-08-21,2026-08-21T09:20:10.997557,DALBHARAT,1886.1,1913.9,1886.1,1905.6,1.96,1905.6,36.96756,1923.06756,1849.1324399999999,False,NONE,0.18,2.12,0.03,-1.2
2026-08-21,2026-08-21T09:20:10.997557,DELHIVERY,452.8,452.8,451.25,452.25,1.64,452.25,7.42592,460.22592000000003,445.37408,False,NONE,0.16,-3.76,0.0,0.0
2026-08-21,2026-08-21T09:20:10.997557,DIVISLAB,8610.5,8610.5,8569.0,8574.0,1.64,8574.0,141.2122,8751.7122,8469.2878,False,NONE,-0.19,5.79,-0.02,0.0
2026-08-21,2026-08-21T09:20:10.997557,DIXON,14850.0,14907.0,14700.0,14735.0,2.59,14735.0,384.615,15234.615,14465.385,False,NONE,-0.69,5,0.34,-2.6
2026-08-21,2026-08-21T09:20:10.997557,DLF,678.9,682.95,678.0,681.1,2.09,681.1,14.189009999999998,693.08901,664.7109899999999,False,NONE,0.21,3.41,-0.06,1.45
2026-08-21,2026-08-21T09:20:10.997557,DMART,3975.4,3979.4,3968.2,3973.0,2.16,3973.0,85.86864000000001,4061.2686400000002,3889.53136,False,NONE,0.03,9.79,0.06,-1.89
2026-08-21,2026-08-21T09:20:10.997557,DRREDDY,1178.0,1184.3,1178.0,1183.3,1.32,1183.3,15.5496,1193.5496,1162.4504,False,NONE,0.48,-2.62,0.0,0.0
2026-08-21,2026-08-21T09:20:10.997557,EICHERMOT,8086.5,8108.5,8056.5,8058.5,1.75,8058.5,141.51375,8228.01375,7944.98625,False,NONE,-0.09,19.04,0.13,-2.38
2026-08-21,2026-08-21T09:20:10.997557,ETERNAL,328.45,329.7,327.75,329.0,2.1,329.0,6.89745,335.34745,321.55255,False,NONE,0.57,6.51,0.1,1.19
2026-08-21,2026-08-21T09:20:10.997557,FEDERALBNK,357.25,358.15,355.7,357.95,1.63,357.95,5.823175,363.073175,351.426825,False,NONE,0.24,6.45,0.25,1.41
2026-08-21,2026-08-21T09:20:10.997557,FINNIFTY,26259.8,26299.2,26259.8,26299.2,0.94,26299.2,246.84212,26506.64212,26012.957879999998,False,NONE,0.07,-1,0.0,3.7
2026-08-21,2026-08-21T09:20:10.997557,FOCIT,37605.0,37605.0,37600.0,37600.0,2.15,37600.0,808.5075,38413.5075,36796.4925,False,NONE,0,0.64,0.0,0.0
2026-08-21,2026-08-21T09:20:10.997557,FORCEMOT,17897.0,18013.0,17817.0,17998.0,2.7,17998.0,483.219,18380.219,17413.781,False,NONE,0.63,6.01,0.0,0.0
2026-08-21,2026-08-21T09:20:10.997557,FORTIS,911.55,919.95,911.55,917.35,1.8,917.35,16.407899999999998,927.9579,895.1420999999999,False,NONE,0.01,5.06,0.04,1.16
2026-08-21,2026-08-21T09:20:10.997557,GAIL,172.99,173.29,172.45,173.0,1.63,173.0,2.819737,175.809737,170.170263,False,NONE,0.2,-4.08,0.12,0.0
2026-08-21,2026-08-21T09:20:10.997557,GLENMARK,2340.6,2354.0,2325.1,2335.8,2.36,2335.8,55.23816,2395.83816,2285.36184,False,NONE,-0.34,6.47,0.02,0.0
2026-08-21,2026-08-21T09:20:10.997557,GMRAIRPORT,101.07,101.07,100.53,100.86,2.24,100.86,2.263968,103.333968,98.80603199999999,False,NONE,0.36,2.77,-0.07,0.0
2026-08-21,2026-08-21T09:20:10.997557,GODFRYPHLP,2110.0,2110.1,2096.5,2103.5,2.79,2103.5,58.869,2168.869,2051.131,False,NONE,0.16,6.87,0.14,0.0
2026-08-21,2026-08-21T09:20:10.997557,GODREJCP,945.0,946.5,940.4,945.4,1.67,945.4,15.7815,960.7815,929.2185,False,NONE,0.13,3.99,-0.17,0.0
2026-08-21,2026-08-21T09:20:10.997557,GODREJPROP,2030.1,2041.9,2030.1,2040.9,2.44,2040.9,49.53444,2079.63444,1980.56556,False,NONE,0.43,4.7,0.05,1.64
2026-08-21,2026-08-21T09:20:10.997557,GRASIM,3271.3,3284.1,3271.3,3279.5,1.56,3279.5,51.03228,3322.33228,3220.2677200000003,False,NONE,-0.11,0.67,0.04,-5.56
2026-08-21,2026-08-21T09:20:10.997557,GVT&D,4043.8,4080.2,4032.1,4040.0,2.35,4040.0,95.0293,4138.8293,3948.7707,False,NONE,-1,0.35,0.1,0.0
2026-08-21,2026-08-21T09:20:10.997557,HAL,4989.6,5015.0,4988.1,5000.6,1.7,5000.6,84.8232,5074.4232,4904.776800000001,False,NONE,0.37,-2.42,0.04,1.45
2026-08-21,2026-08-21T09:20:10.997557,HAVELLS,1268.8,1276.2,1268.0,1272.2,1.87,1272.2,23.72656,1292.52656,1245.07344,False,NONE,0.25,3.14,-0.02,2.22
2026-08-21,2026-08-21T09:20:10.997557,HCLTECH,1325.2,1325.2,1313.9,1314.0,1.99,1314.0,26.371480000000002,1351.57148,1298.82852,False,NONE,-1.01,4,0.0,0.0
2026-08-21,2026-08-21T09:20:10.997557,HDFCAMC,2594.7,2614.6,2594.7,2597.9,1.82,2597.9,47.22354,2641.92354,2547.47646,False,NONE,-0.12,0.33,0.08,0.0
2026-08-21,2026-08-21T09:20:10.997557,HDFCBANK,730.05,730.95,727.7,728.85,1.41,728.85,10.293704999999997,740.343705,719.7562949999999,False,NONE,0.2,1.18,0.08,0.0
2026-08-21,2026-08-21T09:20:10.997557,HDFCLIFE,539.5,539.9,537.05,537.2,1.63,537.2,8.793849999999999,548.29385,530.70615,False,NONE,-0.66,4.48,0.13,-1.75
2026-08-21,2026-08-21T09:20:10.997557,HEROMOTOCO,5730.0,5736.0,5696.5,5699.5,1.72,5699.5,98.556,5828.556,5631.444,False,NONE,-0.4,6.24,0.17,0.0
2026-08-21,2026-08-21T09:20:10.997557,HINDALCO,1024.1,1031.9,1024.0,1028.9,2.01,1028.9,20.58441,1044.6844099999998,1003.5155899999999,False,NONE,0.36,6.17,-0.01,1.67
2026-08-21,2026-08-21T09:20:10.997557,HINDPETRO,365.0,365.0,363.65,364.5,1.99,364.5,7.2635000000000005,372.2635,357.7365,False,NONE,0.05,-4.89,0.13,-9.52
2026-08-21,2026-08-21T09:20:10.997557,HINDUNILVR,2035.5,2035.5,2030.0,2033.5,1.42,2033.5,28.9041,2064.4041,2006.5959,False,NONE,-0.26,4.5,-0.02,0.0
2026-08-21,2026-08-21T09:20:10.997557,HINDZINC,579.9,588.95,579.4,587.9,3.03,587.9,17.57097,597.47097,562.32903,False,NONE,2.77,30.1,-0.13,-1.85
2026-08-21,2026-08-21T09:20:10.997557,HYUNDAI,2238.9,2241.6,2205.4,2228.5,2.01,2228.5,45.001889999999996,2283.90189,2193.89811,False,NONE,0.03,6.97,0.09,0.0
2026-08-21,2026-08-21T09:20:10.997557,ICICIBANK,1415.0,1418.0,1415.0,1416.4,1.27,1416.4,17.9705,1432.9705,1397.0295,False,NONE,0.37,4.73,0.04,0.0
2026-08-21,2026-08-21T09:20:10.997557,ICICIGI,1629.8,1629.8,1617.9,1625.7,1.6,1625.7,26.076800000000002,1655.8768,1603.7232,False,NONE,-0.53,5.55,-0.02,1.59
2026-08-21,2026-08-21T09:20:10.997557,ICICIPRULI,502.7,505.1,502.7,505.1,1.97,505.1,9.90319,512.60319,492.79681,False,NONE,0.4,-13.61,0.09,1.56
2026-08-21,2026-08-21T09:20:10.997557,IDEA,14.06,14.09,14.05,14.07,1.49,14.07,0.209494,14.269494,13.850506000000001,False,NONE,-0.14,2.47,0.0,0.0
2026-08-21,2026-08-21T09:20:10.997557,IDFCFIRSTB,86.09,86.1,85.8,86.01,1.63,86.01,1.4032669999999998,87.493267,84.686733,False,NONE,-0.1,2.61,0.01,1.25
2026-08-21,2026-08-21T09:20:10.997557,IEX,124.0,124.48,123.92,124.1,2.34,124.1,2.9015999999999997,126.9016,121.0984,False,NONE,0.28,6.72,-0.04,3.45
2026-08-21,2026-08-21T09:20:10.997557,INDHOTEL,738.7,738.7,731.4,732.1,1.41,732.1,10.41567,749.11567,728.2843300000001,False,NONE,0.14,2.87,0.18,0.0
2026-08-21,2026-08-21T09:20:10.997557,INDIANB,873.75,873.8,871.45,873.0,1.76,873.0,15.378,889.128,858.372,False,NONE,-0.18,-3.12,0.06,0.0
2026-08-21,2026-08-21T09:20:10.997557,INDIGO,5150.0,5168.5,5150.0,5162.0,2.17,5162.0,111.755,5261.755,5038.245,False,NONE,-0.01,3.09,0.26,4.84
2026-08-21,2026-08-21T09:20:10.997557,INDUSINDBK,1002.6,1005.6,1001.5,1004.3,1.67,1004.3,16.74342,1019.34342,985.85658,False,NONE,-0.15,-4.77,0.02,0.0
2026-08-21,2026-08-21T09:20:10.997557,INDUSTOWER,371.5,372.0,370.9,370.9,2.53,370.9,9.39895,380.89895,362.10105,False,NONE,-0.01,4.6,0.04,-3.23
2026-08-21,2026-08-21T09:20:10.997557,INFY,1134.0,1134.0,1121.0,1121.9,1.87,1121.9,21.2058,1155.2058,1112.7942,False,NONE,-0.99,7.93,0.06,-1.39
2026-08-21,2026-08-21T09:20:10.997557,INOXWIND,74.42,74.67,74.36,74.45,2.98,74.45,2.2177160000000002,76.637716,72.202284,False,NONE,0.51,2.61,-0.1,0.0
2026-08-21,2026-08-21T09:20:10.997557,IOC,135.21,135.6,135.21,135.6,2.18,135.6,2.9475780000000005,138.157578,132.26242200000002,False,NONE,-0.01,0.47,0.05,0.0
2026-08-21,2026-08-21T09:20:10.997557,IREDA,114.31,115.19,114.31,114.74,2.43,114.74,2.777733,117.087733,111.532267,False,NONE,0.15,13.8,0.14,-1.89
2026-08-21,2026-08-21T09:20:10.997557,IRFC,86.46,86.92,86.46,86.76,2.54,86.76,2.196084,88.65608399999999,84.263916,False,NONE,0.31,7.08,-0.08,0.0
2026-08-21,2026-08-21T09:20:10.997557,ITC,271.5,271.5,270.1,271.2,1.53,271.2,4.15395,275.65395,267.34605,False,NONE,0.15,1.4,0.05,0.0
2026-08-21,2026-08-21T09:20:10.997557,JINDALSTEL,1124.0,1126.9,1122.0,1124.8,1.84,1124.8,20.681600000000003,1144.6816,1103.3184,False,NONE,0.46,1.8,0.02,0.0
2026-08-21,2026-08-21T09:20:10.997557,JIOFIN,245.3,246.25,245.2,245.85,1.83,245.85,4.48899,249.78899,240.81101,False,NONE,0.22,0.53,0.17,0.0
2026-08-21,2026-08-21T09:20:10.997557,JSWENERGY,543.45,546.2,543.45,545.9,2.02,545.9,10.97769,554.4276900000001,532.47231,False,NONE,0.34,21.51,0.0,0.0
2026-08-21,2026-08-21T09:20:10.997557,JSWSTEEL,1294.8,1294.8,1285.3,1289.2,1.89,1289.2,24.471719999999994,1319.27172,1270.32828,False,NONE,0.16,6.19,0.07,0.0
2026-08-21,2026-08-21T09:20:10.997557,JUBLFOOD,508.0,510.0,508.0,508.05,2.09,508.05,10.6172,518.6172,497.3828,False,NONE,0.23,1.53,0.04,0.0
2026-08-21,2026-08-21T09:20:10.997557,KALYANKJIL,597.3,598.0,595.0,595.35,2.57,595.35,15.350609999999996,612.6506099999999,581.94939,False,NONE,-0.43,0.07,0.0,-1.59
2026-08-21,2026-08-21T09:20:10.997557,KAYNES,3844.6,3844.7,3816.6,3835.0,3.21,3835.0,123.41166,3968.01166,3721.1883399999997,False,NONE,0.01,5.07,0.0,-1.22
2026-08-21,2026-08-21T09:20:10.997557,KEI,5718.5,5758.3,5718.5,5719.0,2.12,5719.0,121.2322,5839.7322,5597.2678,False,NONE,0.45,8.3,-0.04,0.0
2026-08-21,2026-08-21T09:20:10.997557,KFINTECH,955.0,955.0,951.0,951.5,2.65,951.5,25.3075,980.3075,929.6925,False,NONE,-0.39,4.17,-0.26,0.0
2026-08-21,2026-08-21T09:20:10.997557,KOTAKBANK,400.1,401.3,398.8,399.9,1.45,399.9,5.80145,405.90145,394.29855000000003,False,NONE,0.24,4.09,0.02,0.0
2026-08-21,2026-08-21T09:20:10.997557,KPITTECH,594.85,594.85,589.05,589.05,2.55,589.05,15.168675,610.018675,579.681325,False,NONE,-0.78,-0.64,0.02,0.0
2026-08-21,2026-08-21T09:20:10.997557,LAURUSLABS,1825.0,1832.0,1820.9,1824.2,1.5,1824.2,27.375,1852.375,1797.625,False,NONE,0.27,1.16,-0.09,0.0
2026-08-21,2026-08-21T09:20:10.997557,LICHSGFIN,499.05,500.4,494.65,494.8,1.98,494.8,9.88119,508.93119,489.16881,False,NONE,-0.74,17.87,-0.19,3.08
2026-08-21,2026-08-21T09:20:10.997557,LICI,422.0,422.25,420.0,420.2,1.81,420.2,7.6382,429.6382,414.3618,False,NONE,-0.28,4.8,0.03,-2.78
2026-08-21,2026-08-21T09:20:10.997557,LODHA,1247.9,1261.0,1247.9,1257.0,2.93,1257.0,36.56347000000001,1284.4634700000001,1211.33653,False,NONE,1.26,20.09,0.29,0.0
2026-08-21,2026-08-21T09:20:10.997557,LT,4083.9,4087.8,4070.4,4073.5,1.3,4073.5,53.090700000000005,4136.9907,4030.8093,False,NONE,-0.16,-6.72,0.11,1.54
2026-08-21,2026-08-21T09:20:10.997557,LTF,316.85,316.9,314.65,316.35,2.27,316.35,7.192495,324.04249500000003,309.657505,False,NONE,0.3,-4.12,-0.05,0.0
2026-08-21,2026-08-21T09:20:10.997557,LTM,4470.0,4470.0,4390.9,4431.2,4.74,4431.2,211.878,4681.878,4258.122,False,NONE,-1.84,3.45,0.34,6.98
2026-08-21,2026-08-21T09:20:10.997557,LUPIN,2209.6,2220.9,2209.6,2214.8,1.45,2214.8,32.039199999999994,2241.6392,2177.5607999999997,False,NONE,0.05,-5.37,0.03,0.0
2026-08-21,2026-08-21T09:20:10.997557,M&M,3449.5,3454.4,3434.0,3434.0,1.5,3434.0,51.7425,3501.2425,3397.7575,False,NONE,-0.15,5.65,0.15,0.0
2026-08-21,2026-08-21T09:20:10.997557,MANAPPURAM,352.0,355.0,350.9,353.0,3.43,353.0,12.0736,364.0736,339.9264,False,NONE,1.15,17.98,-0.02,0.0
2026-08-21,2026-08-21T09:20:10.997557,MANKIND,2397.7,2411.0,2393.7,2408.0,1.76,2408.0,42.19951999999999,2439.89952,2355.5004799999997,False,NONE,0.69,7.79,-0.15,0.0
2026-08-21,2026-08-21T09:20:10.997557,MARICO,856.0,857.95,850.75,852.25,1.38,852.25,11.8128,867.8128,844.1872,False,NONE,-0.21,7.66,0.24,0.0
2026-08-21,2026-08-21T09:20:10.997557,MARUTI,13742.0,13808.0,13742.0,13770.0,1.39,13770.0,191.01379999999997,13933.0138,13550.9862,False,NONE,-0.16,3.97,0.12,0.0
2026-08-21,2026-08-21T09:20:10.997557,MAXHEALTH,1003.4,1006.0,1001.6,1003.0,1.87,1003.0,18.76358,1022.16358,984.6364199999999,False,NONE,0.28,4.26,0.17,0.0
2026-08-21,2026-08-21T09:20:10.997557,MAZDOCK,2503.9,2580.0,2503.9,2569.5,2.37,2569.5,59.34243000000001,2563.2424300000002,2444.55757,True,UP,-0.14,9.02,-0.14,0.0
2026-08-21,2026-08-21T09:20:10.997557,MCX,3142.0,3169.7,3130.1,3150.0,3.11,3150.0,97.71619999999999,3239.7162,3044.2838,False,NONE,0.8,10.51,0.39,-3.7
2026-08-21,2026-08-21T09:20:10.997557,MFSL,1568.0,1572.3,1565.0,1567.5,1.89,1567.5,29.6352,1597.6352,1538.3648,False,NONE,-0.01,1.17,0.1,0.0
2026-08-21,2026-08-21T09:20:10.997557,MIDCPNIFTY,14909.0,14909.0,14862.8,14871.05,0.91,14871.05,135.6719,15044.6719,14773.3281,False,NONE,-0.13,0.76,0.03,1.16
2026-08-21,2026-08-21T09:20:10.997557,MOTHERSON,169.72,170.58,168.8,168.81,2.23,168.81,3.784756,173.504756,165.935244,False,NONE,-0.75,12.44,0.17,0.0
2026-08-21,2026-08-21T09:20:10.997557,MOTILALOFS,971.3,981.25,971.3,977.25,2.47,977.25,23.99111,995.29111,947.3088899999999,False,NONE,-0.1,-2.91,0.02,0.0
2026-08-21,2026-08-21T09:20:10.997557,MPHASIS,2422.5,2422.5,2406.0,2406.0,2.7,2406.0,65.4075,2487.9075,2357.0925,False,NONE,-1.18,7.8,0.15,0.0
2026-08-21,2026-08-21T09:20:10.997557,MUTHOOTFIN,3019.0,3024.0,2993.3,3009.1,2.16,3009.1,65.2104,3084.2104,2953.7896,False,NONE,1.33,5,1.12,3.64
2026-08-21,2026-08-21T09:20:10.997557,NAM-INDIA,1230.0,1230.9,1227.0,1227.1,2.35,1227.1,28.905,1258.905,1201.095,False,NONE,-0.59,4.4,0.0,1.32
2026-08-21,2026-08-21T09:20:10.997557,NATIONALUM,384.5,388.8,384.5,388.8,2.86,388.8,10.996699999999999,395.4967,373.5033,False,NONE,1.04,5.45,-0.14,0.0
2026-08-21,2026-08-21T09:20:10.997557,NAUKRI,1358.5,1358.5,1351.0,1351.0,2.13,1351.0,28.93605,1387.43605,1329.56395,False,NONE,-0.77,3.28,0.09,0.0
2026-08-21,2026-08-21T09:20:10.997557,NBCC,88.39,89.31,88.2,89.24,2.36,89.24,2.086004,90.476004,86.303996,False,NONE,0.98,-0.81,-0.14,0.0
2026-08-21,2026-08-21T09:20:10.997557,NESTLEIND,1468.0,1468.0,1464.7,1465.7,1.67,1465.7,24.5156,1492.5156,1443.4844,False,NONE,0.05,6.44,0.09,0.0
2026-08-21,2026-08-21T09:20:10.997557,NHPC,76.39,76.94,76.39,76.94,1.76,76.94,1.344464,77.734464,75.045536,False,NONE,1.08,6.26,-0.02,1.39
2026-08-21,2026-08-21T09:20:10.997557,NIFTY,24325.0,24325.5,24293.0,24300.0,0.7,24300.0,170.275,24495.275,24154.725,False,NONE,0.03,-3.46,0.06,-3.64
2026-08-21,2026-08-21T09:20:10.997557,NIFTYFPI,1580.0,1588.45,1577.05,1586.5,3.97,1586.5,62.726000000000006,1642.726,1517.274,False,NONE,0,-,0.0,0.0
2026-08-21,2026-08-21T09:20:10.997557,NIFTYNXT50,74135.6,74299.8,74014.2,74052.8,1.36,74052.8,1008.2441600000001,75143.84416000001,73127.35584,False,NONE,0,-4.26,0.32,0.0
2026-08-21,2026-08-21T09:20:10.997557,NMDC,84.45,84.65,83.76,84.64,2.3,84.64,1.9423499999999998,86.39235000000001,82.50765,False,NONE,0.76,12.37,-0.02,2.13
2026-08-21,2026-08-21T09:20:10.997557,NTPC,338.0,339.3,338.0,339.05,1.5,339.05,5.07,343.07,332.93,False,NONE,0.19,2.93,-0.03,0.0
2026-08-21,2026-08-21T09:20:10.997557,NYKAA,330.6,331.05,329.45,329.45,1.69,329.45,5.587140000000001,336.18714,325.01286000000005,False,NONE,-0.12,0.62,0.06,0.0
2026-08-21,2026-08-21T09:20:10.997557,OBEROIRLTY,1917.0,1924.0,1915.2,1918.0,2.19,1918.0,41.982299999999995,1958.9823,1875.0177,False,NONE,0.15,-0.67,0.17,0.0
2026-08-21,2026-08-21T09:20:10.997557,OFSS,11841.0,11882.0,11819.0,11819.0,2.61,11819.0,309.0501,12150.0501,11531.9499,False,NONE,-0.51,6.28,0.24,-1.18
2026-08-21,2026-08-21T09:20:10.997557,OIL,478.5,482.15,478.5,482.15,2.23,482.15,10.67055,489.17055,467.82945,False,NONE,0.31,2.02,-0.06,0.0
2026-08-21,2026-08-21T09:20:10.997557,ONGC,238.98,238.98,237.76,238.21,1.63,238.21,3.8953739999999994,242.875374,235.084626,False,NONE,0.03,1.24,-0.01,0.0
2026-08-21,2026-08-21T09:20:10.997557,PAGEIND,35665.0,35695.0,35530.0,35530.0,2.09,35530.0,745.3984999999999,36410.3985,34919.6015,False,NONE,-0.42,8.98,-0.01,0.0
2026-08-21,2026-08-21T09:20:10.997557,PATANJALI,350.9,351.5,349.25,349.8,2.32,349.8,8.14088,359.04087999999996,342.75912,False,NONE,0.21,3.69,-0.02,0.0
2026-08-21,2026-08-21T09:20:10.997557,PAYTM,1616.0,1620.9,1605.7,1610.9,2.29,1610.9,37.0064,1653.0064,1578.9936,False,NONE,0.02,24.92,0.27,0.0
2026-08-21,2026-08-21T09:20:10.997557,PERSISTENT,5749.5,5749.5,5661.0,5665.0,2.39,5665.0,137.41305,5886.91305,5612.08695,False,NONE,-0.38,6.98,0.1,0.0
2026-08-21,2026-08-21T09:20:10.997557,PETRONET,290.95,291.15,290.0,290.1,1.38,290.1,4.01511,294.96511,286.93489,False,NONE,-0.03,-8.28,0.03,0.0
2026-08-21,2026-08-21T09:20:10.997557,PFC,364.9,365.0,364.05,364.8,1.76,364.8,6.4222399999999995,371.32223999999997,358.47776,False,NONE,-0.01,1.75,-0.04,1.82
2026-08-21,2026-08-21T09:20:10.997557,PGEL,606.0,608.8,603.85,603.85,2.19,603.85,13.271399999999998,619.2714,592.7286,False,NONE,-0.29,-0.61,-0.02,0.0
2026-08-21,2026-08-21T09:20:10.997557,PHOENIXLTD,1934.5,1943.0,1934.5,1940.4,2.29,1940.4,44.30005,1978.80005,1890.19995,False,NONE,0.6,-0.92,-0.01,0.0
2026-08-21,2026-08-21T09:20:10.997557,PIDILITIND,1662.2,1667.0,1657.3,1665.0,1.72,1665.0,28.58984,1690.7898400000001,1633.61016,False,NONE,0.2,29.71,0.47,0.0
2026-08-21,2026-08-21T09:20:10.997557,PIIND,2485.2,2493.9,2484.0,2487.8,2.0,2487.8,49.70399999999999,2534.904,2435.4959999999996,False,NONE,-0.08,3.07,0.01,0.0
2026-08-21,2026-08-21T09:20:10.997557,PNB,117.42,117.42,116.5,116.51,1.91,116.51,2.242722,119.662722,115.177278,False,NONE,-1.13,9.24,-0.03,-0.98
2026-08-21,2026-08-21T09:20:10.997557,PNBHOUSING,1183.2,1190.0,1183.2,1186.3,2.17,1186.3,25.67544,1208.87544,1157.52456,False,NONE,0.47,6.8,-0.03,1.89
2026-08-21,2026-08-21T09:20:10.997557,POLICYBZR,1771.8,1784.9,1771.7,1772.0,2.15,1772.0,38.0937,1809.8936999999999,1733.7063,False,NONE,-0.12,4.93,0.09,-1.43
2026-08-21,2026-08-21T09:20:10.997557,POLYCAB,9123.5,9175.0,9118.5,9139.5,2.01,9139.5,183.38234999999997,9306.88235,8940.11765,False,NONE,-0.04,8.08,0.01,0.0
2026-08-21,2026-08-21T09:20:10.997557,POWERGRID,263.6,267.35,263.15,267.35,1.42,267.35,3.7431200000000002,267.34312,259.85688000000005,True,UP,0.66,7.62,-0.01,-1.69
2026-08-21,2026-08-21T09:20:10.997557,POWERINDIA,33315.0,33530.0,33120.0,33410.0,2.08,33410.0,692.952,34007.952,32622.048,False,NONE,-0.16,1.92,-0.06,0.0
2026-08-21,2026-08-21T09:20:10.997557,PREMIERENE,1053.0,1056.5,1049.0,1053.9,3.0,1053.9,31.59,1084.59,1021.41,False,NONE,0.88,14.93,0.04,0.0
2026-08-21,2026-08-21T09:20:10.997557,PRESTIGE,1611.0,1611.0,1594.4,1607.9,2.45,1607.9,39.469500000000004,1650.4695,1571.5305,False,NONE,0.8,2.67,3.43,-1.16
2026-08-21,2026-08-21T09:20:10.997557,RADICO,4720.1,4734.5,4693.7,4693.7,1.81,4693.7,85.43381000000001,4805.533810000001,4634.66619,False,NONE,-0.3,-3.89,0.12,-1.72
2026-08-21,2026-08-21T09:20:10.997557,RBLBANK,394.35,394.4,390.1,390.75,2.18,390.75,8.59683,402.94683000000003,385.75317,False,NONE,-0.56,3.62,0.0,-4.6
2026-08-21,2026-08-21T09:20:10.997557,RECLTD,327.85,329.25,327.85,328.3,1.95,328.3,6.393075,334.24307500000003,321.456925,False,NONE,-0.05,-0.81,0.18,0.0
2026-08-21,2026-08-21T09:20:10.997557,RELIANCE,1313.2,1315.6,1310.5,1312.0,1.06,1312.0,13.919920000000001,1327.11992,1299.28008,False,NONE,-0.04,-0.81,0.13,-1.75
2026-08-21,2026-08-21T09:20:10.997557,RVNL,228.09,231.99,228.09,230.43,2.26,230.43,5.154833999999999,233.244834,222.935166,False,NONE,0.48,3.56,-0.1,0.0
2026-08-21,2026-08-21T09:20:10.997557,SAIL,175.5,177.29,175.19,175.64,2.42,175.64,4.2471,179.7471,171.2529,False,NONE,0.62,-1.08,2.84,0.0
2026-08-21,2026-08-21T09:20:10.997557,SBICARD,637.5,648.8,637.0,648.8,2.29,648.8,14.59875,652.09875,622.90125,False,NONE,-0.15,14.29,0.05,-1.47
2026-08-21,2026-08-21T09:20:10.997557,SBILIFE,1783.2,1783.2,1773.3,1774.0,1.46,1774.0,26.034720000000004,1809.2347200000002,1757.16528,False,NONE,-0.55,-,0.1,0.0
2026-08-21,2026-08-21T09:20:10.997557,SBIN,1053.0,1053.0,1048.3,1048.6,1.47,1048.6,15.4791,1068.4791,1037.5209,False,NONE,-0.03,-0.41,0.0,0.0
2026-08-21,2026-08-21T09:20:10.997557,SENSEX,77786.8,77872.9,77759.2,77759.2,1.0,77759.2,777.868,78564.668,77008.932,False,NONE,-0.04,0.63,0.2,-1.77
2026-08-21,2026-08-21T09:20:10.997557,SHREECEM,24205.0,24415.0,24190.0,24405.0,2.31,24405.0,559.1355,24764.1355,23645.8645,False,NONE,0.08,19.42,0.23,2.04
2026-08-21,2026-08-21T09:20:10.997557,SHRIRAMFIN,1139.5,1139.5,1129.3,1132.3,2.27,1132.3,25.86665,1165.36665,1113.63335,False,NONE,1.09,10.16,0.38,1.72
2026-08-21,2026-08-21T09:20:10.997557,SIEMENS,3890.0,3964.9,3890.0,3935.4,2.53,3935.4,98.41699999999999,3988.417,3791.583,False,NONE,0.95,12.91,-0.29,1.79
2026-08-21,2026-08-21T09:20:10.997557,SOLARINDS,19779.0,19827.0,19711.0,19739.0,2.25,19739.0,445.0275,20224.0275,19333.9725,False,NONE,0.4,-1.33,0.14,0.0
2026-08-21,2026-08-21T09:20:10.997557,SONACOMS,823.95,823.95,813.9,813.9,2.13,813.9,17.550135,841.500135,806.3998650000001,False,NONE,-1.46,8.52,0.04,-1.49
2026-08-21,2026-08-21T09:20:10.997557,SRF,2571.3,2592.9,2571.3,2592.0,1.91,2592.0,49.11183,2620.41183,2522.1881700000004,False,NONE,0.4,0.33,0.05,2.0
2026-08-21,2026-08-21T09:20:10.997557,SUNPHARMA,1907.7,1914.0,1907.1,1910.0,1.45,1910.0,27.661649999999998,1935.36165,1880.03835,False,NONE,0.37,-0.43,0.12,0.0
2026-08-21,2026-08-21T09:20:10.997557,SUPREMEIND,3633.6,3670.4,3633.6,3653.4,1.65,3653.4,59.95439999999999,3693.5544,3573.6456,False,NONE,-0.36,3.97,0.12,0.0
2026-08-21,2026-08-21T09:20:10.997557,SUZLON,47.01,47.48,46.97,47.3,2.69,47.3,1.2645689999999998,48.274569,45.745430999999996,False,NONE,0.19,7.64,0.07,0.0
2026-08-21,2026-08-21T09:20:10.997557,SWIGGY,282.0,282.0,280.45,280.85,2.83,280.85,7.980600000000001,289.9806,274.0194,False,NONE,0.18,1.73,0.16,0.0
2026-08-21,2026-08-21T09:20:10.997557,TATACONSUM,1057.6,1063.4,1054.7,1061.4,1.55,1061.4,16.3928,1073.9928,1041.2071999999998,False,NONE,-0.21,-4.16,0.02,0.0
2026-08-21,2026-08-21T09:20:10.997557,TATAELXSI,3680.2,3680.2,3645.8,3656.0,2.77,3656.0,101.94154,3782.1415399999996,3578.25846,False,NONE,-0.69,5.31,-0.1,0.0
2026-08-21,2026-08-21T09:20:10.997557,TATAPOWER,375.55,376.0,374.95,375.65,1.52,375.65,5.70836,381.25836000000004,369.84164,False,NONE,0.13,2.08,0.04,0.0
2026-08-21,2026-08-21T09:20:10.997557,TATASTEEL,184.0,184.31,183.6,184.3,1.89,184.3,3.4776,187.4776,180.5224,False,NONE,0.36,3.1,0.04,0.0
2026-08-21,2026-08-21T09:20:10.997557,TCS,2283.4,2298.9,2277.1,2278.0,1.94,2278.0,44.29796,2327.69796,2239.10204,False,NONE,-0.84,1.77,0.01,0.0
2026-08-21,2026-08-21T09:20:10.997557,TECHM,1597.0,1602.6,1595.0,1597.3,1.78,1597.3,28.426599999999997,1625.4266,1568.5734,False,NONE,-0.27,16.25,0.05,0.0
2026-08-21,2026-08-21T09:20:10.997557,TIINDIA,2926.4,2943.3,2926.4,2937.0,2.44,2937.0,71.40416,2997.80416,2854.99584,False,NONE,0.02,0.61,0.0,-3.06
2026-08-21,2026-08-21T09:20:10.997557,TITAN,5086.7,5086.7,5072.7,5080.0,1.27,5080.0,64.60109,5151.30109,5022.09891,False,NONE,-0.03,4.98,-0.06,1.47
2026-08-21,2026-08-21T09:20:10.997557,TMPV,323.0,323.5,321.6,322.1,1.89,322.1,6.104699999999999,329.1047,316.8953,False,NONE,0.39,5.45,0.17,1.79
2026-08-21,2026-08-21T09:20:10.997557,TORNTPHARM,5003.5,5029.0,5003.0,5018.0,1.65,5018.0,82.55775,5086.05775,4920.94225,False,NONE,0.35,3.27,0.03,-1.35
2026-08-21,2026-08-21T09:20:10.997557,TRENT,2978.9,2978.9,2969.2,2969.2,2.21,2969.2,65.83368999999999,3044.73369,2913.06631,False,NONE,-0.18,-3.04,0.23,0.0
2026-08-21,2026-08-21T09:20:10.997557,TVSMOTOR,4361.3,4384.9,4340.0,4346.5,1.74,4346.5,75.88662000000001,4437.18662,4285.41338,False,NONE,-0.7,5.9,0.06,-1.27
2026-08-21,2026-08-21T09:20:10.997557,ULTRACEMCO,11583.0,11593.0,11542.0,11585.0,1.13,11585.0,130.8879,11713.8879,11452.1121,False,NONE,-0.02,0.69,0.24,0.0
2026-08-21,2026-08-21T09:20:10.997557,UNIONBANK,185.21,185.21,184.22,184.42,1.9,184.42,3.51899,188.72899,181.69101,False,NONE,-0.56,3.12,0.09,0.0
2026-08-21,2026-08-21T09:20:10.997557,UNITDSPR,1550.0,1550.0,1538.5,1543.2,1.57,1543.2,24.335,1574.335,1525.665,False,NONE,0.33,12.89,0.25,-1.64
2026-08-21,2026-08-21T09:20:10.997557,UNOMINDA,1263.9,1265.9,1261.0,1261.2,1.62,1261.2,20.47518,1284.37518,1243.4248200000002,False,NONE,-0.51,1.78,0.0,0.0
2026-08-21,2026-08-21T09:20:10.997557,UPL,569.25,573.65,569.05,573.0,1.68,573.0,9.5634,578.8134,559.6866,False,NONE,0.57,-5.06,-0.09,0.0
2026-08-21,2026-08-21T09:20:10.997557,VBL,440.0,441.2,439.3,439.55,1.59,439.55,6.996,446.996,433.004,False,NONE,0.29,-5.94,0.04,-2.27
2026-08-21,2026-08-21T09:20:10.997557,VEDL,271.0,274.0,268.4,273.9,3.07,273.9,8.3197,279.3197,262.6803,False,NONE,2.03,26.18,-0.06,2.0
2026-08-21,2026-08-21T09:20:10.997557,VMM,102.78,102.8,102.74,102.74,2.74,102.74,2.8161720000000003,105.596172,99.963828,False,NONE,-0.35,9.95,0.0,0.0
2026-08-21,2026-08-21T09:20:10.997557,VOLTAS,1227.6,1234.9,1226.8,1229.6,2.19,1229.6,26.884439999999998,1254.48444,1200.7155599999999,False,NONE,0.22,-1.36,-0.13,0.0
2026-08-21,2026-08-21T09:20:10.997557,WAAREEENER,2670.0,2706.9,2670.0,2698.2,2.03,2698.2,54.20099999999999,2724.201,2615.799,False,NONE,0.62,8.79,0.44,0.0
2026-08-21,2026-08-21T09:20:10.997557,WIPRO,181.23,181.7,180.75,181.25,1.65,181.25,2.9902949999999997,184.220295,178.239705,False,NONE,-0.3,-0.59,0.12,1.72
2026-08-21,2026-08-21T09:20:10.997557,YESBANK,22.72,22.74,22.68,22.71,1.99,22.71,0.4521279999999999,23.172127999999997,22.267872,False,NONE,-0.35,-5.53,0.0,0.0
2026-08-21,2026-08-21T09:20:10.997557,ZYDUSLIFE,1112.9,1113.0,1110.0,1112.4,1.87,1112.4,20.811230000000005,1133.7112300000001,1092.08877,False,NONE,0.13,0.94,0.04,0.0
2026-08-21,2026-08-21T09:25:19.114465,360ONE,1207.9,1208.9,1200.9,1202.0,2.42,1202.0,30.31829,1238.21829,1177.5817100000002,False,NONE,-0.19,1.74,-0.19,0.0
2026-08-21,2026-08-21T09:25:19.114465,ABB,7485.0,7548.5,7445.0,7445.0,2.04,7445.0,165.4185,7650.4185,7319.5815,False,NONE,-0.36,0.04,0.48,0.0
2026-08-21,2026-08-21T09:25:19.114465,ABCAPITAL,408.8,409.45,407.85,407.85,2.17,407.85,8.70744,417.50744000000003,400.09256,False,NONE,0.16,9.37,0.23,-2.82
2026-08-21,2026-08-21T09:25:19.114465,ADANIENSOL,1550.5,1558.5,1547.7,1554.9,2.53,1554.9,40.46805,1590.96805,1510.03195,False,NONE,0.54,0.17,-0.03,4.76
2026-08-21,2026-08-21T09:25:19.114465,ADANIENT,2990.0,3008.2,2987.6,2997.0,1.83,2997.0,56.211999999999996,3046.212,2933.788,False,NONE,0.1,-0.98,0.36,1.56
2026-08-21,2026-08-21T09:25:19.114465,ADANIGREEN,1315.0,1325.9,1310.1,1322.0,2.6,1322.0,34.716,1349.716,1280.284,False,NONE,1.09,1.21,-0.21,2.13
2026-08-21,2026-08-21T09:25:19.114465,ADANIPORTS,1693.0,1702.0,1690.1,1690.1,1.78,1690.1,29.4582,1722.4582,1663.5418,False,NONE,-0.15,-1.73,-0.08,0.0
2026-08-21,2026-08-21T09:25:19.114465,ADANIPOWER,203.72,204.39,203.28,203.97,2.17,203.97,4.828164,208.54816399999999,198.891836,False,NONE,0.32,-2,-0.01,0.0
2026-08-21,2026-08-21T09:25:19.114465,ALKEM,5397.0,5411.0,5372.5,5379.5,1.68,5379.5,87.97109999999999,5484.9711,5309.0289,False,NONE,-0.25,1.04,-0.11,0.0
2026-08-21,2026-08-21T09:25:19.114465,AMBER,7290.0,7315.5,7285.0,7302.5,2.3,7302.5,171.315,7461.315,7118.685,False,NONE,0.23,1.87,-0.03,0.0
2026-08-21,2026-08-21T09:25:19.114465,AMBUJACEM,411.25,413.6,410.15,413.45,1.65,413.45,6.99125,418.24125,404.25875,False,NONE,0.25,-0.05,0.3,0.0
2026-08-21,2026-08-21T09:25:19.114465,ANGELONE,290.25,290.45,288.0,290.05,2.79,290.05,7.981875,298.231875,282.268125,False,NONE,-0.07,6.44,-0.48,1.96
2026-08-21,2026-08-21T09:25:19.114465,APLAPOLLO,2149.0,2151.5,2131.5,2131.5,1.56,2131.5,34.5989,2183.5989,2114.4011,False,NONE,-0.37,-0.45,0.35,0.0
2026-08-21,2026-08-21T09:25:19.114465,APOLLOHOSP,8700.0,8742.0,8679.5,8681.5,1.18,8681.5,97.44000000000001,8797.44,8602.56,False,NONE,-0.44,-0.95,0.58,0.0
2026-08-21,2026-08-21T09:25:19.114465,ASHOKLEY,173.99,173.99,172.25,172.7,1.75,172.7,3.166618,177.156618,170.823382,False,NONE,-0.44,-3.61,0.18,1.45
2026-08-21,2026-08-21T09:25:19.114465,ASIANPAINT,2620.2,2639.8,2620.2,2625.8,1.51,2625.8,42.70925999999999,2662.90926,2577.4907399999997,False,NONE,-0.37,-0.8,0.31,1.89
2026-08-21,2026-08-21T09:25:19.114465,ASTRAL,1535.0,1540.9,1528.2,1536.0,1.75,1536.0,27.016,1562.016,1507.984,False,NONE,-0.07,2.04,0.55,1.92
2026-08-21,2026-08-21T09:25:19.114465,AUBANK,1086.9,1090.0,1084.8,1087.0,2.11,1087.0,23.042280000000005,1109.9422800000002,1063.85772,False,NONE,-0.02,7.01,0.16,1.59
2026-08-21,2026-08-21T09:25:19.114465,AUROPHARMA,1615.0,1624.3,1615.0,1617.5,2.28,1617.5,37.144999999999996,1652.145,1577.855,False,NONE,0.11,3.44,-0.24,0.0
2026-08-21,2026-08-21T09:25:19.114465,AXISBANK,1246.4,1252.9,1246.4,1248.7,1.42,1248.7,17.94816,1264.34816,1228.4518400000002,False,NONE,-0.11,-3.27,0.13,1.61
2026-08-21,2026-08-21T09:25:19.114465,BAJAJ-AUTO,11775.0,11778.0,11695.0,11721.0,1.3,11721.0,157.78500000000003,11932.785,11617.215,False,NONE,-0.15,-1.31,0.19,-2.54
2026-08-21,2026-08-21T09:25:19.114465,BAJAJFINSV,2017.0,2025.0,2017.0,2020.2,1.6,2020.2,31.666900000000002,2048.6669,1985.3331,False,NONE,-0.06,5.76,0.47,1.89
2026-08-21,2026-08-21T09:25:19.114465,BAJAJHLDNG,11370.0,11428.0,11369.0,11418.0,2.25,11418.0,255.825,11625.825,11114.175,False,NONE,0.25,9.65,-0.03,2.5
2026-08-21,2026-08-21T09:25:19.114465,BAJFINANCE,1104.4,1104.9,1094.1,1094.6,1.9,1094.6,20.983600000000003,1125.3836000000001,1083.4164,False,NONE,-0.42,6.71,0.31,0.0
2026-08-21,2026-08-21T09:25:19.114465,BANDHANBNK,176.51,176.51,175.25,176.39,1.79,176.39,2.877113,179.387113,173.63288699999998,False,NONE,0.64,33.1,0.03,0.0
2026-08-21,2026-08-21T09:25:19.114465,BANKBARODA,245.29,245.29,244.0,244.67,1.66,244.67,4.562394,249.852394,240.72760599999998,False,NONE,-0.13,-1.18,0.17,0.0
2026-08-21,2026-08-21T09:25:19.114465,BANKEX,65066.75,65089.15,65038.85,65089.15,1.13,65089.15,735.2542749999999,65802.004275,64331.495725,False,NONE,-,-10.87,0.0,-1.19
2026-08-21,2026-08-21T09:25:19.114465,BANKINDIA,142.56,142.84,141.88,142.44,1.9,142.44,2.722896,145.282896,139.837104,False,NONE,-0.05,-0.81,0.12,0.0
2026-08-21,2026-08-21T09:25:19.114465,BANKNIFTY,57638.6,57724.0,57585.2,57615.0,0.92,57615.0,524.51126,58163.11126,57114.08874,False,NONE,-0.04,1.52,0.34,1.23
2026-08-21,2026-08-21T09:25:19.114465,BDL,1330.4,1334.6,1325.8,1330.7,2.12,1330.7,27.539279999999998,1357.93928,1302.8607200000001,False,NONE,0.93,6.79,-0.51,0.0
2026-08-21,2026-08-21T09:25:19.114465,BEL,411.5,412.0,409.4,410.0,1.56,410.0,6.5840000000000005,418.084,404.916,False,NONE,0.33,-3.52,0.13,-1.56
2026-08-21,2026-08-21T09:25:19.114465,BHARATFORG,2049.0,2056.1,2035.3,2035.9,1.93,2035.9,36.4722,2085.4722,2012.5278,False,NONE,-0.87,6.88,0.19,0.0
2026-08-21,2026-08-21T09:25:19.114465,BHARTIARTL,1951.0,1953.5,1945.0,1947.2,1.19,1947.2,24.1924,1975.1924,1926.8076,False,NONE,-0.07,2.26,0.14,2.22
2026-08-21,2026-08-21T09:25:19.114465,BHEL,414.85,416.1,413.95,414.95,2.23,414.95,9.334125,424.184125,405.51587500000005,False,NONE,-0.11,-1.82,0.0,0.0
2026-08-21,2026-08-21T09:25:19.114465,BIOCON,414.75,414.9,412.6,413.2,1.88,413.2,7.7143500000000005,422.46435,407.03565,False,NONE,0.02,-0.85,0.32,0.0
2026-08-21,2026-08-21T09:25:19.114465,BLUESTARCO,1521.6,1521.6,1509.9,1511.5,1.88,1511.5,28.1496,1549.7495999999999,1493.4504,False,NONE,0.1,0.72,0.22,-3.45
2026-08-21,2026-08-21T09:25:19.114465,BOSCHLTD,48445.0,48445.0,48220.0,48320.0,1.68,48320.0,818.7205,49263.7205,47626.2795,False,NONE,-0.55,15.12,0.32,1.02
2026-08-21,2026-08-21T09:25:19.114465,BPCL,307.8,308.5,307.45,308.1,1.88,308.1,6.279120000000001,314.07912,301.52088000000003,False,NONE,0.1,-4.19,0.35,0.0
2026-08-21,2026-08-21T09:25:19.114465,BRITANNIA,5524.0,5525.0,5391.0,5392.0,2.2,5392.0,103.85119999999999,5627.8512,5420.1488,True,DOWN,-2.28,35.36,0.33,0.0
2026-08-21,2026-08-21T09:25:19.114465,BSE,3250.0,3289.9,3246.0,3260.3,3.4,3260.3,108.225,3358.225,3141.775,False,NONE,-0.98,9.05,1.04,0.0
2026-08-21,2026-08-21T09:25:19.114465,CAMS,754.0,755.4,749.35,749.35,1.68,749.35,13.0442,767.0442,740.9558,False,NONE,-0.28,-0.92,-0.02,0.0
2026-08-21,2026-08-21T09:25:19.114465,CANBK,129.06,129.67,129.06,129.42,1.95,129.42,2.5812,131.6412,126.4788,False,NONE,-0.24,-2.09,0.2,0.0
2026-08-21,2026-08-21T09:25:19.114465,CDSL,1354.0,1358.9,1353.1,1358.7,2.4,1358.7,31.6836,1385.6836,1322.3164,False,NONE,0.43,6.99,0.03,0.0
2026-08-21,2026-08-21T09:25:19.114465,CGPOWER,873.9,876.9,870.1,870.1,2.25,870.1,19.924919999999997,893.82492,853.9750799999999,False,NONE,-0.24,0.93,0.62,0.0
2026-08-21,2026-08-21T09:25:19.114465,CHOLAFIN,1884.2,1884.2,1862.0,1862.0,1.98,1862.0,39.19136,1923.39136,1845.00864,False,NONE,-1.15,2.68,0.68,-1.45
2026-08-21,2026-08-21T09:25:19.114465,CIPLA,1436.5,1442.5,1434.8,1435.1,1.68,1435.1,24.1332,1460.6332,1412.3668,False,NONE,-0.02,-0.16,0.26,1.67
2026-08-21,2026-08-21T09:25:19.114465,COALINDIA,403.9,404.2,402.4,403.4,1.38,403.4,5.694989999999999,409.59499,398.20500999999996,False,NONE,0.22,4.21,0.84,0.0
2026-08-21,2026-08-21T09:25:19.114465,COCHINSHIP,1488.7,1497.1,1486.3,1490.4,2.56,1490.4,35.13332,1523.83332,1453.5666800000001,False,NONE,0.1,10.59,-0.08,0.0
2026-08-21,2026-08-21T09:25:19.114465,COFORGE,1881.5,1882.0,1856.3,1859.8,1.86,1859.8,36.877399999999994,1918.3774,1844.6226,False,NONE,-0.97,-6.57,-0.17,-0.98
2026-08-21,2026-08-21T09:25:19.114465,COLPAL,1910.0,1910.0,1890.0,1900.0,1.82,1900.0,34.571,1944.571,1875.429,False,NONE,-0.45,13.4,0.61,0.0
2026-08-21,2026-08-21T09:25:19.114465,CONCOR,518.05,519.8,516.15,516.95,1.44,516.95,8.651435,526.701435,509.39856499999996,False,NONE,-0.5,-18.83,-0.05,0.0
2026-08-21,2026-08-21T09:25:19.114465,CROMPTON,255.0,256.0,253.15,254.5,2.48,254.5,6.477,261.477,248.523,False,NONE,0.63,-0.28,-0.24,-1.67
2026-08-21,2026-08-21T09:25:19.114465,CUMMINSIND,5103.0,5218.5,5103.0,5171.0,1.72,5171.0,92.87460000000002,5195.8746,5010.1254,False,NONE,-0.73,6.21,1.59,1.56
2026-08-21,2026-08-21T09:25:19.114465,DABUR,400.9,401.45,399.65,400.6,1.39,400.6,5.85314,406.75314,395.04686,False,NONE,-0.02,-1.95,-0.05,0.0
2026-08-21,2026-08-21T09:25:19.114465,DALBHARAT,1886.1,1918.2,1886.1,1911.2,1.97,1911.2,36.96756,1923.06756,1849.1324399999999,False,NONE,0.48,1.85,-0.08,0.0
2026-08-21,2026-08-21T09:25:19.114465,DELHIVERY,452.8,452.8,450.05,450.05,1.7,450.05,7.42592,460.22592000000003,445.37408,False,NONE,-0.33,-1.5,0.01,0.0
2026-08-21,2026-08-21T09:25:19.114465,DIVISLAB,8610.5,8610.5,8561.0,8564.5,1.64,8564.5,141.2122,8751.7122,8469.2878,False,NONE,-0.3,5.85,0.16,0.0
2026-08-21,2026-08-21T09:25:19.114465,DIXON,14850.0,14907.0,14700.0,14746.0,2.66,14746.0,384.615,15234.615,14465.385,False,NONE,-0.61,7.94,0.61,-3.9
2026-08-21,2026-08-21T09:25:19.114465,DLF,678.9,682.95,678.0,679.05,2.11,679.05,14.189009999999998,693.08901,664.7109899999999,False,NONE,-0.09,3.84,-0.12,0.0
2026-08-21,2026-08-21T09:25:19.114465,DMART,3975.4,3979.4,3942.2,3942.2,2.04,3942.2,85.86864000000001,4061.2686400000002,3889.53136,False,NONE,-0.74,5.07,0.23,0.0
2026-08-21,2026-08-21T09:25:19.114465,DRREDDY,1178.0,1184.3,1178.0,1182.1,1.26,1182.1,15.5496,1193.5496,1162.4504,False,NONE,0.38,-7.22,-0.05,-1.54
2026-08-21,2026-08-21T09:25:19.114465,EICHERMOT,8086.5,8108.5,8030.5,8049.5,1.8,8049.5,141.51375,8228.01375,7944.98625,False,NONE,-0.2,22.07,0.43,-1.19
2026-08-21,2026-08-21T09:25:19.114465,ETERNAL,328.45,331.45,327.75,330.15,2.05,330.15,6.89745,335.34745,321.55255,False,NONE,0.92,5.05,0.52,3.57
2026-08-21,2026-08-21T09:25:19.114465,FEDERALBNK,357.25,358.65,355.7,357.95,1.62,357.95,5.823175,363.073175,351.426825,False,NONE,0.24,4.46,0.77,1.41
2026-08-21,2026-08-21T09:25:19.114465,FINNIFTY,26259.8,26299.2,26248.0,26248.0,0.94,26248.0,246.84212,26506.64212,26012.957879999998,False,NONE,-0.13,-1.18,0.0,7.41
2026-08-21,2026-08-21T09:25:19.114465,FOCIT,37605.0,37605.0,37600.0,37600.0,2.15,37600.0,808.5075,38413.5075,36796.4925,False,NONE,0,0.98,0.0,-4.04
2026-08-21,2026-08-21T09:25:19.114465,FORCEMOT,17897.0,18013.0,17817.0,17969.0,2.61,17969.0,483.219,18380.219,17413.781,False,NONE,0.47,6.62,-0.55,4.65
2026-08-21,2026-08-21T09:25:19.114465,FORTIS,911.55,919.95,911.55,912.55,1.82,912.55,16.407899999999998,927.9579,895.1420999999999,False,NONE,-0.51,15.77,0.1,1.16
2026-08-21,2026-08-21T09:25:19.114465,GAIL,172.99,173.29,172.45,173.0,1.54,173.0,2.819737,175.809737,170.170263,False,NONE,0.2,-0.22,0.22,0.0
2026-08-21,2026-08-21T09:25:19.114465,GLENMARK,2340.6,2354.0,2322.0,2322.0,2.2,2322.0,55.23816,2395.83816,2285.36184,False,NONE,-0.93,-0.04,-0.02,-1.59
2026-08-21,2026-08-21T09:25:19.114465,GMRAIRPORT,101.07,101.07,100.4,100.4,2.12,100.4,2.263968,103.333968,98.80603199999999,False,NONE,-0.1,1.96,0.01,1.69
2026-08-21,2026-08-21T09:25:19.114465,GODFRYPHLP,2110.0,2110.1,2096.5,2107.3,2.7,2107.3,58.869,2168.869,2051.131,False,NONE,0.34,5.94,0.19,0.0
2026-08-21,2026-08-21T09:25:19.114465,GODREJCP,945.0,946.5,940.4,943.0,1.44,943.0,15.7815,960.7815,929.2185,False,NONE,-0.13,-8.42,-0.16,1.43
2026-08-21,2026-08-21T09:25:19.114465,GODREJPROP,2030.1,2041.9,2030.1,2032.2,2.02,2032.2,49.53444,2079.63444,1980.56556,False,NONE,0,-0.52,0.13,1.64
2026-08-21,2026-08-21T09:25:19.114465,GRASIM,3271.3,3287.0,3271.3,3274.2,1.47,3274.2,51.03228,3322.33228,3220.2677200000003,False,NONE,-0.27,-5.61,0.01,-3.7
2026-08-21,2026-08-21T09:25:19.114465,GVT&D,4043.8,4080.2,4028.2,4062.8,2.66,4062.8,95.0293,4138.8293,3948.7707,False,NONE,-0.44,15.82,0.21,-2.27
2026-08-21,2026-08-21T09:25:19.114465,HAL,4989.6,5015.0,4988.1,5000.2,1.78,5000.2,84.8232,5074.4232,4904.776800000001,False,NONE,0.36,1.78,0.18,0.0
2026-08-21,2026-08-21T09:25:19.114465,HAVELLS,1268.8,1276.2,1268.0,1269.3,1.9,1269.3,23.72656,1292.52656,1245.07344,False,NONE,0.02,3.83,-0.06,0.0
2026-08-21,2026-08-21T09:25:19.114465,HCLTECH,1325.2,1325.2,1312.5,1313.8,1.96,1313.8,26.371480000000002,1351.57148,1298.82852,False,NONE,-1.02,3.09,0.15,0.0
2026-08-21,2026-08-21T09:25:19.114465,HDFCAMC,2594.7,2614.6,2594.5,2599.8,1.85,2599.8,47.22354,2641.92354,2547.47646,False,NONE,-0.05,1.66,0.25,1.11
2026-08-21,2026-08-21T09:25:19.114465,HDFCBANK,730.05,730.95,727.7,729.85,1.33,729.85,10.293704999999997,740.343705,719.7562949999999,False,NONE,0.34,-3.93,0.2,-1.89
2026-08-21,2026-08-21T09:25:19.114465,HDFCLIFE,539.5,539.9,537.05,538.65,1.56,538.65,8.793849999999999,548.29385,530.70615,False,NONE,-0.39,0.28,0.61,0.0
2026-08-21,2026-08-21T09:25:19.114465,HEROMOTOCO,5730.0,5736.0,5693.5,5699.5,1.66,5699.5,98.556,5828.556,5631.444,False,NONE,-0.4,2.56,0.43,0.0
2026-08-21,2026-08-21T09:25:19.114465,HINDALCO,1024.1,1032.95,1024.0,1031.9,2.07,1031.9,20.58441,1044.6844099999998,1003.5155899999999,False,NONE,0.65,10.73,0.07,1.67
2026-08-21,2026-08-21T09:25:19.114465,HINDPETRO,365.0,365.0,363.5,364.25,2.12,364.25,7.2635000000000005,372.2635,357.7365,False,NONE,-0.01,-0.26,0.11,-7.94
2026-08-21,2026-08-21T09:25:19.114465,HINDUNILVR,2035.5,2035.5,2029.2,2029.3,1.39,2029.3,28.9041,2064.4041,2006.5959,False,NONE,-0.47,1.29,0.06,0.0
2026-08-21,2026-08-21T09:25:19.114465,HINDZINC,579.9,589.75,579.4,587.9,2.95,587.9,17.57097,597.47097,562.32903,False,NONE,2.77,26.74,-0.74,-1.85
2026-08-21,2026-08-21T09:25:19.114465,HYUNDAI,2238.9,2241.6,2205.4,2231.7,2.13,2231.7,45.001889999999996,2283.90189,2193.89811,False,NONE,0.18,0.96,0.28,2.33
2026-08-21,2026-08-21T09:25:19.114465,ICICIBANK,1415.0,1418.0,1412.9,1412.9,1.2,1412.9,17.9705,1432.9705,1397.0295,False,NONE,0.12,0.22,0.34,-1.59
2026-08-21,2026-08-21T09:25:19.114465,ICICIGI,1629.8,1629.8,1617.9,1628.5,1.71,1628.5,26.076800000000002,1655.8768,1603.7232,False,NONE,-0.35,10.29,0.17,0.0
2026-08-21,2026-08-21T09:25:19.114465,ICICIPRULI,502.7,506.8,502.7,505.65,1.97,505.65,9.90319,512.60319,492.79681,False,NONE,0.51,-18.83,0.06,0.0
2026-08-21,2026-08-21T09:25:19.114465,IDEA,14.06,14.09,14.04,14.06,1.64,14.06,0.209494,14.269494,13.850506000000001,False,NONE,-0.21,12.63,0.02,-4.48
2026-08-21,2026-08-21T09:25:19.114465,IDFCFIRSTB,86.09,86.13,85.8,85.98,1.68,85.98,1.4032669999999998,87.493267,84.686733,False,NONE,-0.14,5.6,0.11,1.25
2026-08-21,2026-08-21T09:25:19.114465,IEX,124.0,124.48,123.71,124.0,2.23,124.0,2.9015999999999997,126.9016,121.0984,False,NONE,0.2,-1.48,-0.05,3.45
2026-08-21,2026-08-21T09:25:19.114465,INDHOTEL,738.7,738.7,729.6,730.55,1.44,730.55,10.41567,749.11567,728.2843300000001,False,NONE,-0.07,0.12,0.48,1.89
2026-08-21,2026-08-21T09:25:19.114465,INDIANB,873.75,879.6,871.45,876.85,1.84,876.85,15.378,889.128,858.372,False,NONE,0.26,-2.88,0.28,1.41
2026-08-21,2026-08-21T09:25:19.114465,INDIGO,5150.0,5168.5,5127.0,5129.5,2.31,5129.5,111.755,5261.755,5038.245,False,NONE,-0.64,14.47,0.58,6.45
2026-08-21,2026-08-21T09:25:19.114465,INDUSINDBK,1002.6,1005.6,1000.4,1000.4,1.73,1000.4,16.74342,1019.34342,985.85658,False,NONE,-0.54,0.4,0.25,0.0
2026-08-21,2026-08-21T09:25:19.114465,INDUSTOWER,371.5,372.75,370.9,372.75,2.59,372.75,9.39895,380.89895,362.10105,False,NONE,0.49,-8.05,0.05,-3.23
2026-08-21,2026-08-21T09:25:19.114465,INFY,1134.0,1134.0,1121.0,1125.5,1.84,1125.5,21.2058,1155.2058,1112.7942,False,NONE,-0.67,6.04,0.17,-1.39
2026-08-21,2026-08-21T09:25:19.114465,INOXWIND,74.42,74.67,74.36,74.55,2.52,74.55,2.2177160000000002,76.637716,72.202284,False,NONE,0.65,-2.02,-0.31,0.0
2026-08-21,2026-08-21T09:25:19.114465,IOC,135.21,135.79,135.21,135.58,2.15,135.58,2.9475780000000005,138.157578,132.26242200000002,False,NONE,-0.02,15.52,0.17,0.0
2026-08-21,2026-08-21T09:25:19.114465,IREDA,114.31,115.19,114.31,114.66,2.21,114.66,2.777733,117.087733,111.532267,False,NONE,0.08,1.41,0.29,-1.89
2026-08-21,2026-08-21T09:25:19.114465,IRFC,86.46,86.92,86.35,86.35,2.14,86.35,2.196084,88.65608399999999,84.263916,False,NONE,-0.16,0.99,-0.14,0.0
2026-08-21,2026-08-21T09:25:19.114465,ITC,271.5,271.5,269.95,270.25,1.41,270.25,4.15395,275.65395,267.34605,False,NONE,-0.2,-4.96,0.29,0.0
2026-08-21,2026-08-21T09:25:19.114465,JINDALSTEL,1124.0,1127.5,1122.0,1125.5,1.84,1125.5,20.681600000000003,1144.6816,1103.3184,False,NONE,0.52,2.53,0.42,3.28
2026-08-21,2026-08-21T09:25:19.114465,JIOFIN,245.3,246.25,245.2,245.6,1.77,245.6,4.48899,249.78899,240.81101,False,NONE,0.12,-2.34,0.36,0.0
2026-08-21,2026-08-21T09:25:19.114465,JSWENERGY,543.45,546.2,543.45,544.7,1.58,544.7,10.97769,554.4276900000001,532.47231,False,NONE,0.12,-0.19,0.09,0.0
2026-08-21,2026-08-21T09:25:19.114465,JSWSTEEL,1294.8,1294.8,1285.3,1289.8,1.73,1289.8,24.471719999999994,1319.27172,1270.32828,False,NONE,0.2,-2.4,0.16,-1.25
2026-08-21,2026-08-21T09:25:19.114465,JUBLFOOD,508.0,510.0,507.4,507.4,2.15,507.4,10.6172,518.6172,497.3828,False,NONE,0.1,2.97,0.06,0.0
2026-08-21,2026-08-21T09:25:19.114465,KALYANKJIL,597.3,598.0,594.35,595.15,2.56,595.15,15.350609999999996,612.6506099999999,581.94939,False,NONE,-0.46,-0.2,0.11,-1.59
2026-08-21,2026-08-21T09:25:19.114465,KAYNES,3844.6,3844.7,3816.6,3824.8,3.08,3824.8,123.41166,3968.01166,3721.1883399999997,False,NONE,-0.26,2.1,-0.01,-2.44
2026-08-21,2026-08-21T09:25:19.114465,KEI,5718.5,5758.3,5651.0,5654.1,2.18,5654.1,121.2322,5839.7322,5597.2678,False,NONE,-0.69,7.55,0.23,-1.23
2026-08-21,2026-08-21T09:25:19.114465,KFINTECH,955.0,958.5,951.0,956.5,2.61,956.5,25.3075,980.3075,929.6925,False,NONE,0.13,6.25,-0.38,-2.5
2026-08-21,2026-08-21T09:25:19.114465,KOTAKBANK,400.1,401.3,398.65,399.2,1.44,399.2,5.80145,405.90145,394.29855000000003,False,NONE,0.06,2.41,0.18,0.0
2026-08-21,2026-08-21T09:25:19.114465,KPITTECH,594.85,594.85,588.55,590.65,2.49,590.65,15.168675,610.018675,579.681325,False,NONE,-0.51,-2.56,-0.01,0.0
2026-08-21,2026-08-21T09:25:19.114465,LAURUSLABS,1825.0,1832.0,1814.0,1815.5,1.51,1815.5,27.375,1852.375,1797.625,False,NONE,-0.2,0.87,-0.07,1.28
2026-08-21,2026-08-21T09:25:19.114465,LICHSGFIN,499.05,500.4,492.25,492.7,1.97,492.7,9.88119,508.93119,489.16881,False,NONE,-1.16,22.63,-0.62,4.62
2026-08-21,2026-08-21T09:25:19.114465,LICI,422.0,422.25,420.0,420.8,1.72,420.8,7.6382,429.6382,414.3618,False,NONE,-0.14,-0.05,0.12,-2.78
2026-08-21,2026-08-21T09:25:19.114465,LODHA,1247.9,1261.0,1247.9,1257.1,2.85,1257.1,36.56347000000001,1284.4634700000001,1211.33653,False,NONE,1.27,16.91,0.22,-3.23
2026-08-21,2026-08-21T09:25:19.114465,LT,4083.9,4087.8,4066.2,4072.9,1.4,4072.9,53.090700000000005,4136.9907,4030.8093,False,NONE,-0.17,1.65,0.19,0.0
2026-08-21,2026-08-21T09:25:19.114465,LTF,316.85,316.9,314.65,315.8,2.19,315.8,7.192495,324.04249500000003,309.657505,False,NONE,0.13,-5.56,0.05,0.0
2026-08-21,2026-08-21T09:25:19.114465,LTM,4470.0,4470.0,4390.9,4423.8,2.79,4423.8,211.878,4681.878,4258.122,False,NONE,-2,-1.82,0.02,13.95
2026-08-21,2026-08-21T09:25:19.114465,LUPIN,2209.6,2221.7,2209.6,2215.1,1.45,2215.1,32.039199999999994,2241.6392,2177.5607999999997,False,NONE,0.06,-6.16,0.16,0.0
2026-08-21,2026-08-21T09:25:19.114465,M&M,3449.5,3454.4,3416.3,3421.1,1.57,3421.1,51.7425,3501.2425,3397.7575,False,NONE,-0.52,9.78,0.29,-1.59
2026-08-21,2026-08-21T09:25:19.114465,MANAPPURAM,352.0,355.0,350.9,352.5,3.72,352.5,12.0736,364.0736,339.9264,False,NONE,1,-17.07,-0.11,0.0
2026-08-21,2026-08-21T09:25:19.114465,MANKIND,2397.7,2411.0,2393.7,2394.6,1.75,2394.6,42.19951999999999,2439.89952,2355.5004799999997,False,NONE,0.13,6.78,-0.17,1.52
2026-08-21,2026-08-21T09:25:19.114465,MARICO,856.0,857.95,850.4,850.4,1.46,850.4,11.8128,867.8128,844.1872,False,NONE,-0.43,10.44,0.43,0.0
2026-08-21,2026-08-21T09:25:19.114465,MARUTI,13742.0,13808.0,13742.0,13757.0,1.37,13757.0,191.01379999999997,13933.0138,13550.9862,False,NONE,-0.25,1.17,0.25,0.0
2026-08-21,2026-08-21T09:25:19.114465,MAXHEALTH,1003.4,1006.0,995.7,996.9,1.96,996.9,18.76358,1022.16358,984.6364199999999,False,NONE,-0.33,2.93,0.52,1.92
2026-08-21,2026-08-21T09:25:19.114465,MAZDOCK,2503.9,2580.0,2503.9,2564.8,2.32,2564.8,59.34243000000001,2563.2424300000002,2444.55757,True,UP,-0.32,8,-0.42,-1.85
2026-08-21,2026-08-21T09:25:19.114465,MCX,3142.0,3169.7,3130.1,3151.2,3.1,3151.2,97.71619999999999,3239.7162,3044.2838,False,NONE,0.84,10.26,0.24,-5.56
2026-08-21,2026-08-21T09:25:19.114465,MFSL,1568.0,1572.3,1565.0,1567.3,1.78,1567.3,29.6352,1597.6352,1538.3648,False,NONE,-0.03,-4.92,0.28,-1.79
2026-08-21,2026-08-21T09:25:19.114465,MIDCPNIFTY,14909.0,14909.0,14852.1,14855.2,0.91,14855.2,135.6719,15044.6719,14773.3281,False,NONE,-0.23,1.05,0.16,0.0
2026-08-21,2026-08-21T09:25:19.114465,MOTHERSON,169.72,170.58,168.04,168.09,2.3,168.09,3.784756,173.504756,165.935244,False,NONE,-1.18,16.94,0.24,0.0
2026-08-21,2026-08-21T09:25:19.114465,MOTILALOFS,971.3,981.25,971.3,975.25,2.69,975.25,23.99111,995.29111,947.3088899999999,False,NONE,-0.31,6.03,0.35,1.41
2026-08-21,2026-08-21T09:25:19.114465,MPHASIS,2422.5,2422.5,2397.9,2400.0,2.61,2400.0,65.4075,2487.9075,2357.0925,False,NONE,-1.43,4.31,0.14,2.0
2026-08-21,2026-08-21T09:25:19.114465,MUTHOOTFIN,3019.0,3036.0,2993.3,3029.3,2.52,3029.3,65.2104,3084.2104,2953.7896,False,NONE,2.01,19.55,2.72,12.73
2026-08-21,2026-08-21T09:25:19.114465,NAM-INDIA,1230.0,1230.9,1226.1,1227.5,2.26,1227.5,28.905,1258.905,1201.095,False,NONE,-0.56,0.08,0.06,-1.32
2026-08-21,2026-08-21T09:25:19.114465,NATIONALUM,384.5,389.5,384.5,388.25,2.8,388.25,10.996699999999999,395.4967,373.5033,False,NONE,0.9,2.56,-0.33,0.0
2026-08-21,2026-08-21T09:25:19.114465,NAUKRI,1358.5,1358.5,1347.1,1349.2,2.21,1349.2,28.93605,1387.43605,1329.56395,False,NONE,-0.9,8.56,0.12,-1.64
2026-08-21,2026-08-21T09:25:19.114465,NBCC,88.39,89.31,88.2,89.01,2.46,89.01,2.086004,90.476004,86.303996,False,NONE,0.72,3.22,-0.32,0.0
2026-08-21,2026-08-21T09:25:19.114465,NESTLEIND,1468.0,1468.0,1456.0,1456.9,1.75,1456.9,24.5156,1492.5156,1443.4844,False,NONE,-0.55,12.22,0.31,1.82
2026-08-21,2026-08-21T09:25:19.114465,NHPC,76.39,76.95,76.39,76.85,1.72,76.85,1.344464,77.734464,75.045536,False,NONE,0.96,4.05,0.02,1.39
2026-08-21,2026-08-21T09:25:19.114465,NIFTY,24325.0,24325.5,24270.0,24287.9,0.72,24287.9,170.275,24495.275,24154.725,False,NONE,-0.02,-0.48,0.04,-9.09
2026-08-21,2026-08-21T09:25:19.114465,NIFTYFPI,1580.0,1588.45,1577.05,1586.5,3.97,1586.5,62.726000000000006,1642.726,1517.274,False,NONE,0,-,0.0,0.0
2026-08-21,2026-08-21T09:25:19.114465,NIFTYNXT50,74005.2,74005.2,74005.0,74005.0,1.36,74005.0,1008.2441600000001,75143.84416000001,73127.35584,False,NONE,-0.06,-17.91,0.0,10.1
2026-08-21,2026-08-21T09:25:19.114465,NMDC,84.45,84.96,83.76,84.55,2.23,84.55,1.9423499999999998,86.39235000000001,82.50765,False,NONE,0.65,8.78,-0.05,6.38
2026-08-21,2026-08-21T09:25:19.114465,NTPC,338.0,339.3,338.0,338.5,1.55,338.5,5.07,343.07,332.93,False,NONE,0.03,3.58,0.07,0.0
2026-08-21,2026-08-21T09:25:19.114465,NYKAA,330.6,331.05,329.15,329.35,1.65,329.35,5.587140000000001,336.18714,325.01286000000005,False,NONE,-0.15,-1.04,0.23,0.0
2026-08-21,2026-08-21T09:25:19.114465,OBEROIRLTY,1917.0,1924.0,1903.4,1905.0,2.01,1905.0,41.982299999999995,1958.9823,1875.0177,False,NONE,-0.53,-8.69,0.32,0.0
2026-08-21,2026-08-21T09:25:19.114465,OFSS,11841.0,11882.0,11794.0,11817.0,2.58,11817.0,309.0501,12150.0501,11531.9499,False,NONE,-0.52,4.95,0.38,-1.18
2026-08-21,2026-08-21T09:25:19.114465,OIL,478.5,482.45,478.5,482.05,2.08,482.05,10.67055,489.17055,467.82945,False,NONE,0.29,-5.11,0.12,0.0
2026-08-21,2026-08-21T09:25:19.114465,ONGC,238.98,238.98,237.76,238.09,1.57,238.09,3.8953739999999994,242.875374,235.084626,False,NONE,-0.03,-3.18,-0.07,0.0
2026-08-21,2026-08-21T09:25:19.114465,PAGEIND,35665.0,35695.0,35475.0,35475.0,2.03,35475.0,745.3984999999999,36410.3985,34919.6015,False,NONE,-0.57,6.09,0.26,-3.12
2026-08-21,2026-08-21T09:25:19.114465,PATANJALI,350.9,351.5,349.05,350.05,2.26,350.05,8.14088,359.04087999999996,342.75912,False,NONE,0.29,1.59,-0.05,0.0
2026-08-21,2026-08-21T09:25:19.114465,PAYTM,1616.0,1620.9,1605.7,1611.9,2.22,1611.9,37.0064,1653.0064,1578.9936,False,NONE,0.08,21.44,0.83,-1.3
2026-08-21,2026-08-21T09:25:19.114465,PERSISTENT,5749.5,5749.5,5632.5,5636.5,2.47,5636.5,137.41305,5886.91305,5612.08695,False,NONE,-0.88,10.99,0.06,0.0
2026-08-21,2026-08-21T09:25:19.114465,PETRONET,290.95,291.15,288.75,288.75,1.57,288.75,4.01511,294.96511,286.93489,False,NONE,-0.5,6.91,-0.08,0.0
2026-08-21,2026-08-21T09:25:19.114465,PFC,364.9,365.0,363.2,363.7,1.84,363.7,6.4222399999999995,371.32223999999997,358.47776,False,NONE,-0.32,5.31,0.29,0.0
2026-08-21,2026-08-21T09:25:19.114465,PGEL,606.0,608.8,603.85,604.75,2.19,604.75,13.271399999999998,619.2714,592.7286,False,NONE,-0.14,-0.48,-0.16,0.0
2026-08-21,2026-08-21T09:25:19.114465,PHOENIXLTD,1934.5,1943.0,1929.6,1929.6,2.02,1929.6,44.30005,1978.80005,1890.19995,False,NONE,0.04,-4.5,0.02,2.08
2026-08-21,2026-08-21T09:25:19.114465,PIDILITIND,1662.2,1667.4,1657.3,1658.2,1.25,1658.2,28.58984,1690.7898400000001,1633.61016,False,NONE,-0.2,2.49,0.95,0.0
2026-08-21,2026-08-21T09:25:19.114465,PIIND,2485.2,2493.9,2484.0,2486.9,1.9,2486.9,49.70399999999999,2534.904,2435.4959999999996,False,NONE,-0.12,-1.56,0.12,0.0
2026-08-21,2026-08-21T09:25:19.114465,PNB,117.42,117.42,116.13,116.22,1.75,116.22,2.242722,119.662722,115.177278,False,NONE,-1.37,0.8,0.15,-1.96
2026-08-21,2026-08-21T09:25:19.114465,PNBHOUSING,1183.2,1190.0,1180.3,1182.5,2.11,1182.5,25.67544,1208.87544,1157.52456,False,NONE,0.15,5.89,0.07,0.0
2026-08-21,2026-08-21T09:25:19.114465,POLICYBZR,1771.8,1784.9,1764.2,1765.2,2.08,1765.2,38.0937,1809.8936999999999,1733.7063,False,NONE,-0.5,2.12,0.16,0.0
2026-08-21,2026-08-21T09:25:19.114465,POLYCAB,9123.5,9175.0,9050.5,9056.5,2.07,9056.5,183.38234999999997,9306.88235,8940.11765,False,NONE,-0.95,9.81,0.24,-1.75
2026-08-21,2026-08-21T09:25:19.114465,POWERGRID,263.6,267.35,263.15,265.95,1.37,265.95,3.7431200000000002,267.34312,259.85688000000005,False,NONE,0.13,3.97,0.21,0.0
2026-08-21,2026-08-21T09:25:19.114465,POWERINDIA,33315.0,33530.0,33120.0,33410.0,2.03,33410.0,692.952,34007.952,32622.048,False,NONE,-0.16,-0.13,-0.05,1.39
2026-08-21,2026-08-21T09:25:19.114465,PREMIERENE,1053.0,1076.5,1049.0,1073.2,4.91,1073.2,31.59,1084.59,1021.41,False,NONE,2.73,36.61,0.5,9.09
2026-08-21,2026-08-21T09:25:19.114465,PRESTIGE,1611.0,1611.0,1594.4,1607.0,2.42,1607.0,39.469500000000004,1650.4695,1571.5305,False,NONE,0.74,18.23,3.71,-4.65
2026-08-21,2026-08-21T09:25:19.114465,RADICO,4720.1,4734.5,4669.1,4669.1,2.1,4669.1,85.43381000000001,4805.533810000001,4634.66619,False,NONE,-0.82,1.3,0.5,-1.72
2026-08-21,2026-08-21T09:25:19.114465,RBLBANK,394.35,394.4,389.75,390.0,2.13,390.0,8.59683,402.94683000000003,385.75317,False,NONE,-0.75,1.4,-0.15,-4.6
2026-08-21,2026-08-21T09:25:19.114465,RECLTD,327.85,329.25,327.3,327.65,1.94,327.65,6.393075,334.24307500000003,321.456925,False,NONE,-0.24,-4.08,0.45,-1.72
2026-08-21,2026-08-21T09:25:19.114465,RELIANCE,1313.2,1315.6,1310.5,1313.0,1.03,1313.0,13.919920000000001,1327.11992,1299.28008,False,NONE,0.04,-3.73,0.27,-1.75
2026-08-21,2026-08-21T09:25:19.114465,RVNL,228.09,231.99,228.09,230.3,2.43,230.3,5.154833999999999,233.244834,222.935166,False,NONE,0.42,11.37,-0.2,0.0
2026-08-21,2026-08-21T09:25:19.114465,SAIL,175.5,177.29,175.19,175.35,2.14,175.35,4.2471,179.7471,171.2529,False,NONE,0.46,-6.18,3.01,0.0
2026-08-21,2026-08-21T09:25:19.114465,SBICARD,637.5,648.8,637.0,645.0,2.32,645.0,14.59875,652.09875,622.90125,False,NONE,-0.74,14.86,0.17,-1.47
2026-08-21,2026-08-21T09:25:19.114465,SBILIFE,1783.2,1783.2,1773.3,1778.4,1.53,1778.4,26.034720000000004,1809.2347200000002,1757.16528,False,NONE,-0.3,7.85,0.3,0.0
2026-08-21,2026-08-21T09:25:19.114465,SBIN,1053.0,1053.0,1048.3,1050.8,1.42,1050.8,15.4791,1068.4791,1037.5209,False,NONE,0.18,-3.81,0.01,0.0
2026-08-21,2026-08-21T09:25:19.114465,SENSEX,77786.8,77872.9,77670.0,77673.3,1.02,77673.3,777.868,78564.668,77008.932,False,NONE,-0.15,1.89,0.35,-4.42
2026-08-21,2026-08-21T09:25:19.114465,SHREECEM,24205.0,24465.0,24190.0,24375.0,2.28,24375.0,559.1355,24764.1355,23645.8645,False,NONE,-0.04,18.34,0.25,2.04
2026-08-21,2026-08-21T09:25:19.114465,SHRIRAMFIN,1139.5,1139.5,1129.3,1131.4,2.31,1131.4,25.86665,1165.36665,1113.63335,False,NONE,1.01,10.5,0.97,3.45
2026-08-21,2026-08-21T09:25:19.114465,SIEMENS,3890.0,3964.9,3890.0,3915.0,2.37,3915.0,98.41699999999999,3988.417,3791.583,False,NONE,0.43,6.44,-0.32,0.0
2026-08-21,2026-08-21T09:25:19.114465,SOLARINDS,19779.0,19827.0,19700.0,19700.0,2.45,19700.0,445.0275,20224.0275,19333.9725,False,NONE,0.2,7.16,0.53,1.32
2026-08-21,2026-08-21T09:25:19.114465,SONACOMS,823.95,823.95,808.25,808.25,2.1,808.25,17.550135,841.500135,806.3998650000001,False,NONE,-2.14,7.9,-0.02,-1.49
2026-08-21,2026-08-21T09:25:19.114465,SRF,2571.3,2594.0,2571.3,2589.0,1.82,2589.0,49.11183,2620.41183,2522.1881700000004,False,NONE,0.28,-7.23,0.14,0.0
2026-08-21,2026-08-21T09:25:19.114465,SUNPHARMA,1907.7,1914.0,1903.4,1903.9,1.39,1903.9,27.661649999999998,1935.36165,1880.03835,False,NONE,0.05,-1.05,0.22,0.0
2026-08-21,2026-08-21T09:25:19.114465,SUPREMEIND,3633.6,3670.4,3630.3,3635.4,1.66,3635.4,59.95439999999999,3693.5544,3573.6456,False,NONE,-0.85,2.07,0.31,-1.32
2026-08-21,2026-08-21T09:25:19.114465,SUZLON,47.01,47.48,46.97,47.23,2.58,47.23,1.2645689999999998,48.274569,45.745430999999996,False,NONE,0.04,3.82,0.28,0.0
2026-08-21,2026-08-21T09:25:19.114465,SWIGGY,282.0,282.05,280.15,281.4,2.9,281.4,7.980600000000001,289.9806,274.0194,False,NONE,0.37,3.5,0.23,0.0
2026-08-21,2026-08-21T09:25:19.114465,TATACONSUM,1057.6,1063.4,1054.7,1056.6,1.6,1056.6,16.3928,1073.9928,1041.2071999999998,False,NONE,-0.66,-2.13,0.18,0.0
2026-08-21,2026-08-21T09:25:19.114465,TATAELXSI,3680.2,3680.2,3645.8,3657.1,2.71,3657.1,101.94154,3782.1415399999996,3578.25846,False,NONE,-0.66,2.89,-0.13,0.0
2026-08-21,2026-08-21T09:25:19.114465,TATAPOWER,375.55,376.0,374.2,374.3,1.51,374.3,5.70836,381.25836000000004,369.84164,False,NONE,-0.23,0.75,0.07,0.0
2026-08-21,2026-08-21T09:25:19.114465,TATASTEEL,184.0,184.4,183.6,183.98,1.93,183.98,3.4776,187.4776,180.5224,False,NONE,0.19,5.62,0.08,0.0
2026-08-21,2026-08-21T09:25:19.114465,TCS,2283.4,2298.9,2268.2,2270.3,2.01,2270.3,44.29796,2327.69796,2239.10204,False,NONE,-1.18,4.58,0.16,1.79
2026-08-21,2026-08-21T09:25:19.114465,TECHM,1597.0,1602.6,1595.0,1599.8,1.76,1599.8,28.426599999999997,1625.4266,1568.5734,False,NONE,-0.11,15.35,0.14,-2.33
2026-08-21,2026-08-21T09:25:19.114465,TIINDIA,2926.4,2945.5,2926.4,2935.0,2.51,2935.0,71.40416,2997.80416,2854.99584,False,NONE,-0.04,3.05,0.02,-7.14
2026-08-21,2026-08-21T09:25:19.114465,TITAN,5086.7,5086.7,5046.2,5047.9,1.25,5047.9,64.60109,5151.30109,5022.09891,False,NONE,-0.66,8.03,-0.03,0.0
2026-08-21,2026-08-21T09:25:19.114465,TMPV,323.0,323.5,321.6,322.55,1.94,322.55,6.104699999999999,329.1047,316.8953,False,NONE,0.53,6.45,0.42,1.79
2026-08-21,2026-08-21T09:25:19.114465,TORNTPHARM,5003.5,5029.0,5003.0,5015.0,1.63,5015.0,82.55775,5086.05775,4920.94225,False,NONE,0.29,2.24,0.27,-1.35
2026-08-21,2026-08-21T09:25:19.114465,TRENT,2978.9,2978.9,2962.9,2963.6,2.17,2963.6,65.83368999999999,3044.73369,2913.06631,False,NONE,-0.37,-6.35,0.55,0.0
2026-08-21,2026-08-21T09:25:19.114465,TVSMOTOR,4361.3,4384.9,4340.0,4349.7,1.68,4349.7,75.88662000000001,4437.18662,4285.41338,False,NONE,-0.62,2.95,0.15,1.27
2026-08-21,2026-08-21T09:25:19.114465,ULTRACEMCO,11583.0,11625.0,11542.0,11594.0,1.09,11594.0,130.8879,11713.8879,11452.1121,False,NONE,0.06,-5.74,0.36,0.0
2026-08-21,2026-08-21T09:25:19.114465,UNIONBANK,185.21,185.21,184.22,184.39,1.91,184.39,3.51899,188.72899,181.69101,False,NONE,-0.58,4.11,0.31,0.0
2026-08-21,2026-08-21T09:25:19.114465,UNITDSPR,1550.0,1550.0,1537.1,1540.2,1.69,1540.2,24.335,1574.335,1525.665,False,NONE,0.13,21.56,0.31,-3.28
2026-08-21,2026-08-21T09:25:19.114465,UNOMINDA,1263.9,1265.9,1255.5,1256.9,1.46,1256.9,20.47518,1284.37518,1243.4248200000002,False,NONE,-0.85,6.54,0.02,0.0
2026-08-21,2026-08-21T09:25:19.114465,UPL,569.25,573.65,569.05,570.5,1.61,570.5,9.5634,578.8134,559.6866,False,NONE,0.13,-6.36,-0.2,-1.82
2026-08-21,2026-08-21T09:25:19.114465,VBL,440.0,441.2,436.5,436.5,1.84,436.5,6.996,446.996,433.004,False,NONE,-0.41,2.56,0.15,-2.27
2026-08-21,2026-08-21T09:25:19.114465,VEDL,271.0,275.6,268.4,275.1,2.91,275.1,8.3197,279.3197,262.6803,False,NONE,2.48,20.71,0.03,4.0
2026-08-21,2026-08-21T09:25:19.114465,VMM,102.78,103.58,102.7,103.37,2.57,103.37,2.8161720000000003,105.596172,99.963828,False,NONE,0.26,5.96,-0.06,0.0
2026-08-21,2026-08-21T09:25:19.114465,VOLTAS,1227.6,1234.9,1226.8,1229.0,2.16,1229.0,26.884439999999998,1254.48444,1200.7155599999999,False,NONE,0.17,-2.64,-0.14,2.08
2026-08-21,2026-08-21T09:25:19.114465,WAAREEENER,2670.0,2730.0,2670.0,2729.4,2.4,2729.4,54.20099999999999,2724.201,2615.799,True,UP,1.79,22.05,0.19,0.0
2026-08-21,2026-08-21T09:25:19.114465,WIPRO,181.23,181.7,180.75,180.76,1.48,180.76,2.9902949999999997,184.220295,178.239705,False,NONE,-0.57,-9.56,0.55,1.72
2026-08-21,2026-08-21T09:25:19.114465,YESBANK,22.72,22.74,22.65,22.65,2.12,22.65,0.4521279999999999,23.172127999999997,22.267872,False,NONE,-0.61,1.36,0.04,0.0
2026-08-21,2026-08-21T09:25:19.114465,ZYDUSLIFE,1112.9,1114.7,1109.1,1109.1,1.84,1109.1,20.811230000000005,1133.7112300000001,1092.08877,False,NONE,-0.17,0.19,0.02,0.0
