Symbol,Price,Price Chg %,OI,OI Chg %,PCR,Fut OI,Fut OI Chg,Fut OI Chg %,Fut Buildup,Volume,Volume Chg %,Report_Type,Source_File,NTIS Intraday Score,Trade Bias,Reason,Pattern,Pattern_DNA,Pattern_ID,Intraday Probability %,Confidence,Final Bias,Validation Signal,Risk Level,Entry Price,Stop Loss,Target,Replay Eligible,Filter Reason,High,Low,Close,Outcome,Outcome Reason,Exit Price,Points,Return %,Pattern_Fingerprint,Business_Pattern_ID,Occurrences,Success_%,Average_PnL,Confidence_Score,First_Seen,Last_Seen,Repository_Matched,Historical_Probability,Historical_Confidence,Evidence_Level,Replay_Run_Date,Replay_Run_Time,Replay_Version,Replay_Status,Admission_Status
KEI,5378.0,6.81,1996225.0,2.06,,,,,,644525.0,58.41,VOLUME_OI,VolumeAndOISpikesScans_25AUG26_Report_4_8_2026.xlsx,55,NEUTRAL,Positive Price Momentum; Fresh OI Buildup; Volume Expansion,Fresh Long Buildup,PAT:Fresh Long Buildup|SCR:|P:6.81|OI:2.06|VOL:58.41|FUT:nan,PDNA_0F2D468C,80,HIGH,BUY,VALID BUY,LOW,5378.0,5270.44,5593.12,True,Eligible,5537.0,5178.5,5521.5,STOP LOSS HIT,Stop loss breached during replay range,5270.44,-107.5600000000004,-2.000000000000007,0F2D468CCFE8,,0,0.0,0.0,0.0,,,False,50.0,50.0,NEW,2026-08-09,17:22:28,2.3,COMPLETED,ADMITTED
GODFRYPHLP,2357.5,5.9,1861475.0,7.41,,,,,,672925.0,-28.99,VOLUME_OI,VolumeAndOISpikesScans_25AUG26_Report_4_8_2026.xlsx,40,NEUTRAL,Positive Price Momentum; Fresh OI Buildup,Fresh Long Buildup,PAT:Fresh Long Buildup|SCR:|P:5.9|OI:7.41|VOL:-28.99|FUT:nan,PDNA_0E789A7A,75,HIGH,BUY,VALID BUY,MEDIUM,2357.5,2310.35,2451.8,True,Eligible,2390.0,2246.6,2331.7,STOP LOSS HIT,Stop loss breached during replay range,2310.35,-47.15000000000009,-2.000000000000004,0E789A7A24E2,,0,0.0,0.0,0.0,,,False,50.0,50.0,NEW,2026-08-09,17:22:28,2.3,COMPLETED,ADMITTED
CANBK,128.49,1.05,391014000.0,0.0,,,,,,5292000.0,-80.47,VOLUME_OI,VolumeAndOISpikesScans_25AUG26_Report_4_8_2026.xlsx,20,SELL,Positive Price Momentum,Neutral,PAT:Neutral|SCR:|P:1.05|OI:0.0|VOL:-80.47|FUT:nan,PDNA_1EC9EE10,35,LOW,SELL,VALID SELL,HIGH,128.49,131.05980000000002,123.3504,True,Eligible,129.2,126.57,127.97,EOD EXIT,Neither target nor stop reached; exited at close,127.97,0.5200000000000102,0.40470075492256996,1EC9EE107791,,0,0.0,0.0,0.0,,,False,50.0,50.0,NEW,2026-08-09,17:22:28,2.3,COMPLETED,ADMITTED
ULTRACEMCO,12007.0,-0.14,1614300.0,0.0,,,,,,2800.0,-98.44,VOLUME_OI,VolumeAndOISpikesScans_25AUG26_Report_4_8_2026.xlsx,0,SELL,,Neutral,PAT:Neutral|SCR:|P:-0.14|OI:0.0|VOL:-98.44|FUT:nan,PDNA_D783329B,35,LOW,SELL,VALID SELL,HIGH,12007.0,12247.14,11526.72,True,Eligible,12039.0,11936.0,12008.0,EOD EXIT,Neither target nor stop reached; exited at close,12008.0,-1.0,-0.008328475056217206,D783329B692E,,0,0.0,0.0,0.0,,,False,50.0,50.0,NEW,2026-08-09,17:22:28,2.3,COMPLETED,ADMITTED
PFC,419.3,0.0,53159600.0,0.06,,,,,,161200.0,-97.24,VOLUME_OI,VolumeAndOISpikesScans_25AUG26_Report_4_8_2026.xlsx,0,SELL,,Neutral,PAT:Neutral|SCR:|P:0.0|OI:0.06|VOL:-97.24|FUT:nan,PDNA_644160F7,35,LOW,SELL,VALID SELL,HIGH,419.3,427.686,402.528,True,Eligible,423.2,418.15,419.6,EOD EXIT,Neither target nor stop reached; exited at close,419.6,-0.30000000000001137,-0.07154781779156007,644160F71416,,0,0.0,0.0,0.0,,,False,50.0,50.0,NEW,2026-08-09,17:22:28,2.3,COMPLETED,ADMITTED
NMDC,84.48,0.88,343696500.0,0.0,,,,,,884250.0,-95.52,VOLUME_OI,VolumeAndOISpikesScans_25AUG26_Report_4_8_2026.xlsx,0,SELL,,Neutral,PAT:Neutral|SCR:|P:0.88|OI:0.0|VOL:-95.52|FUT:nan,PDNA_94A5DC5F,35,LOW,SELL,VALID SELL,HIGH,84.48,86.1696,81.1008,True,Eligible,85.08,83.41,84.77,EOD EXIT,Neither target nor stop reached; exited at close,84.77,-0.28999999999999204,-0.3432765151515057,94A5DC5FF1E5,,0,0.0,0.0,0.0,,,False,50.0,50.0,NEW,2026-08-09,17:22:28,2.3,COMPLETED,ADMITTED
BIOCON,425.4,0.0,47822500.0,0.18,,,,,,287500.0,-94.23,VOLUME_OI,VolumeAndOISpikesScans_25AUG26_Report_4_8_2026.xlsx,0,SELL,,Neutral,PAT:Neutral|SCR:|P:0.0|OI:0.18|VOL:-94.23|FUT:nan,PDNA_5DF3CAC5,35,LOW,SELL,VALID SELL,HIGH,425.4,433.908,408.384,True,Eligible,428.45,422.4,425.95,EOD EXIT,Neither target nor stop reached; exited at close,425.95,-0.5500000000000114,-0.12929007992477937,5DF3CAC5852E,,0,0.0,0.0,0.0,,,False,50.0,50.0,NEW,2026-08-09,17:22:28,2.3,COMPLETED,ADMITTED
MIDCPNIFTY,14859.55,0.0,1895880.0,0.39,,,,,,23760.0,-91.2,VOLUME_OI,VolumeAndOISpikesScans_25AUG26_Report_4_8_2026.xlsx,0,SELL,,Neutral,PAT:Neutral|SCR:|P:0.0|OI:0.39|VOL:-91.2|FUT:nan,PDNA_BE10D583,35,LOW,SELL,VALID SELL,HIGH,14859.55,15156.741,14265.168,True,Eligible,14924.5,14807.35,14856.75,EOD EXIT,Neither target nor stop reached; exited at close,14856.75,2.7999999999992724,0.01884310090143559,BE10D583F212,,0,0.0,0.0,0.0,,,False,50.0,50.0,NEW,2026-08-09,17:22:28,2.3,COMPLETED,ADMITTED
BHARATFORG,2198.1,-0.41,7628000.0,0.26,,,,,,78500.0,-89.31,VOLUME_OI,VolumeAndOISpikesScans_25AUG26_Report_4_8_2026.xlsx,0,SELL,,Short Buildup,PAT:Short Buildup|SCR:|P:-0.41|OI:0.26|VOL:-89.31|FUT:nan,PDNA_EACD3D91,20,LOW,SELL,VALID SELL,HIGH,2198.1,2242.062,2110.176,True,Eligible,2219.0,2188.1,2195.0,EOD EXIT,Neither target nor stop reached; exited at close,2195.0,3.099999999999909,0.14103089031435828,EACD3D916399,,0,0.0,0.0,0.0,,,False,50.0,50.0,NEW,2026-08-09,17:22:28,2.3,COMPLETED,ADMITTED
INDUSTOWER,393.35,-0.06,90033700.0,0.2,,,,,,479400.0,-89.89,VOLUME_OI,VolumeAndOISpikesScans_25AUG26_Report_4_8_2026.xlsx,0,SELL,,Short Buildup,PAT:Short Buildup|SCR:|P:-0.06|OI:0.2|VOL:-89.89|FUT:nan,PDNA_3F3F266E,20,LOW,SELL,VALID SELL,HIGH,393.35,401.217,377.616,True,Eligible,396.3,387.9,390.3,EOD EXIT,Neither target nor stop reached; exited at close,390.3,3.0500000000000114,0.7753908732680846,3F3F266E8DD9,,0,0.0,0.0,0.0,,,False,50.0,50.0,NEW,2026-08-09,17:22:28,2.3,COMPLETED,ADMITTED
BRITANNIA,5471.5,-0.17,1916125.0,0.39,,,,,,19000.0,-89.49,VOLUME_OI,VolumeAndOISpikesScans_25AUG26_Report_4_8_2026.xlsx,0,SELL,,Short Buildup,PAT:Short Buildup|SCR:|P:-0.17|OI:0.39|VOL:-89.49|FUT:nan,PDNA_4A1B47E7,20,LOW,SELL,VALID SELL,HIGH,5471.5,5580.93,5252.639999999999,True,Eligible,5489.5,5400.0,5424.5,EOD EXIT,Neither target nor stop reached; exited at close,5424.5,47.0,0.8589966188430961,4A1B47E788F3,,0,0.0,0.0,0.0,,,False,50.0,50.0,NEW,2026-08-09,17:22:28,2.3,COMPLETED,ADMITTED
IRFC,90.03,-0.55,86490775.0,0.43,,,,,,1209775.0,-89.11,VOLUME_OI,VolumeAndOISpikesScans_25AUG26_Report_4_8_2026.xlsx,0,SELL,,Short Buildup,PAT:Short Buildup|SCR:|P:-0.55|OI:0.43|VOL:-89.11|FUT:nan,PDNA_ED2B9215,20,LOW,SELL,VALID SELL,HIGH,90.03,91.8306,86.4288,True,Eligible,90.73,89.4,89.6,EOD EXIT,Neither target nor stop reached; exited at close,89.6,0.4300000000000068,0.47761857158725624,ED2B9215F316,,0,0.0,0.0,0.0,,,False,50.0,50.0,NEW,2026-08-09,17:22:28,2.3,COMPLETED,ADMITTED
GODREJCP,1067.9,-0.9,10951000.0,0.92,,,,,,174500.0,-86.87,VOLUME_OI,VolumeAndOISpikesScans_25AUG26_Report_4_8_2026.xlsx,0,SELL,,Short Buildup,PAT:Short Buildup|SCR:|P:-0.9|OI:0.92|VOL:-86.87|FUT:nan,PDNA_D6C0543C,20,LOW,SELL,VALID SELL,HIGH,1067.9,1089.258,1025.184,True,Eligible,1088.3,1054.7,1058.2,EOD EXIT,Neither target nor stop reached; exited at close,1058.2,9.700000000000045,0.9083247495083852,D6C0543C43FB,,0,0.0,0.0,0.0,,,False,50.0,50.0,NEW,2026-08-09,17:22:28,2.3,COMPLETED,ADMITTED
GODREJPROP,2074.5,-0.32,7601750.0,0.56,,,,,,167050.0,-81.19,VOLUME_OI,VolumeAndOISpikesScans_25AUG26_Report_4_8_2026.xlsx,0,SELL,,Short Buildup,PAT:Short Buildup|SCR:|P:-0.32|OI:0.56|VOL:-81.19|FUT:nan,PDNA_53808ED4,20,LOW,SELL,VALID SELL,HIGH,2074.5,2115.99,1991.52,True,Eligible,2084.1,1997.7,2038.6,EOD EXIT,Neither target nor stop reached; exited at close,2038.6,35.90000000000009,1.7305374789105852,53808ED4E559,,0,0.0,0.0,0.0,,,False,50.0,50.0,NEW,2026-08-09,17:22:28,2.3,COMPLETED,ADMITTED
OBEROIRLTY,1825.0,-0.63,5441100.0,0.28,,,,,,51450.0,-84.66,VOLUME_OI,VolumeAndOISpikesScans_25AUG26_Report_4_8_2026.xlsx,0,SELL,,Short Buildup,PAT:Short Buildup|SCR:|P:-0.63|OI:0.28|VOL:-84.66|FUT:nan,PDNA_6EEC462A,20,LOW,SELL,VALID SELL,HIGH,1825.0,1861.5,1752.0,True,Eligible,1850.0,1785.7,1790.2,EOD EXIT,Neither target nor stop reached; exited at close,1790.2,34.799999999999955,1.9068493150684909,6EEC462AD198,,0,0.0,0.0,0.0,,,False,50.0,50.0,NEW,2026-08-09,17:22:28,2.3,COMPLETED,ADMITTED
COLPAL,2045.7,-1.16,4971725.0,1.24,,,,,,104775.0,-85.53,VOLUME_OI,VolumeAndOISpikesScans_25AUG26_Report_4_8_2026.xlsx,0,SELL,Negative Price Momentum,Short Buildup,PAT:Short Buildup|SCR:|P:-1.16|OI:1.24|VOL:-85.53|FUT:nan,PDNA_1A7D3706,20,LOW,SELL,VALID SELL,HIGH,2045.7,2086.614,1963.872,True,Eligible,2076.1,2017.0,2027.0,EOD EXIT,Neither target nor stop reached; exited at close,2027.0,18.700000000000045,0.9141125287187782,1A7D3706B264,,0,0.0,0.0,0.0,,,False,50.0,50.0,NEW,2026-08-09,17:22:28,2.3,COMPLETED,ADMITTED
FEDERALBNK,359.0,-0.28,85975000.0,0.44,,,,,,1212500.0,-74.41,VOLUME_OI,VolumeAndOISpikesScans_25AUG26_Report_4_8_2026.xlsx,0,SELL,,Short Buildup,PAT:Short Buildup|SCR:|P:-0.28|OI:0.44|VOL:-74.41|FUT:nan,PDNA_13E58932,20,LOW,SELL,VALID SELL,HIGH,359.0,366.18,344.64,True,Eligible,362.5,357.3,358.25,EOD EXIT,Neither target nor stop reached; exited at close,358.25,0.75,0.20891364902506965,13E589320931,,0,0.0,0.0,0.0,,,False,50.0,50.0,NEW,2026-08-09,17:22:28,2.3,COMPLETED,ADMITTED
GRASIM,3151.1,-0.6,11822750.0,0.04,,,,,,117250.0,-79.85,VOLUME_OI,VolumeAndOISpikesScans_25AUG26_Report_4_8_2026.xlsx,0,SELL,,Short Buildup,PAT:Short Buildup|SCR:|P:-0.6|OI:0.04|VOL:-79.85|FUT:nan,PDNA_45C0E212,20,LOW,SELL,VALID SELL,HIGH,3151.1,3214.122,3025.056,True,Eligible,3194.0,3122.7,3135.0,EOD EXIT,Neither target nor stop reached; exited at close,3135.0,16.09999999999991,0.5109326901716832,45C0E21291F9,,0,0.0,0.0,0.0,,,False,50.0,50.0,NEW,2026-08-09,17:22:28,2.3,COMPLETED,ADMITTED
COFORGE,1759.9,-0.68,13769775.0,1.13,,,,,,376200.0,-81.58,VOLUME_OI,VolumeAndOISpikesScans_25AUG26_Report_4_8_2026.xlsx,0,SELL,,Short Buildup,PAT:Short Buildup|SCR:|P:-0.68|OI:1.13|VOL:-81.58|FUT:nan,PDNA_767C796B,20,LOW,SELL,VALID SELL,HIGH,1759.9,1795.0980000000002,1689.504,True,Eligible,1783.4,1744.0,1749.7,EOD EXIT,Neither target nor stop reached; exited at close,1749.7,10.200000000000045,0.5795783851355216,767C796BDD3F,,0,0.0,0.0,0.0,,,False,50.0,50.0,NEW,2026-08-09,17:22:28,2.3,COMPLETED,ADMITTED
HDFCLIFE,547.1,-1.04,46524500.0,0.34,,,,,,815100.0,-73.65,VOLUME_OI,VolumeAndOISpikesScans_25AUG26_Report_4_8_2026.xlsx,0,SELL,Negative Price Momentum,Short Buildup,PAT:Short Buildup|SCR:|P:-1.04|OI:0.34|VOL:-73.65|FUT:nan,PDNA_98413838,20,LOW,SELL,VALID SELL,HIGH,547.1,558.042,525.216,True,Eligible,553.0,532.2,535.7,EOD EXIT,Neither target nor stop reached; exited at close,535.7,11.399999999999977,2.083714129044046,98413838394E,,0,0.0,0.0,0.0,,,False,50.0,50.0,NEW,2026-08-09,17:22:28,2.3,COMPLETED,ADMITTED
HDFCBANK,752.2,-0.23,298402650.0,0.22,,,,,,1684800.0,-88.35,VOLUME_OI,VolumeAndOISpikesScans_25AUG26_Report_4_8_2026.xlsx,0,SELL,,Short Buildup,PAT:Short Buildup|SCR:|P:-0.23|OI:0.22|VOL:-88.35|FUT:nan,PDNA_A00FBEED,20,LOW,SELL,VALID SELL,HIGH,752.2,767.244,722.112,True,Eligible,754.95,741.7,743.7,EOD EXIT,Neither target nor stop reached; exited at close,743.7,8.5,1.1300186120712576,A00FBEEDF850,,0,0.0,0.0,0.0,,,False,50.0,50.0,NEW,2026-08-09,17:22:28,2.3,COMPLETED,ADMITTED
MFSL,1533.5,-0.15,9638000.0,0.1,,,,,,98800.0,-85.18,VOLUME_OI,VolumeAndOISpikesScans_25AUG26_Report_4_8_2026.xlsx,0,SELL,,Short Buildup,PAT:Short Buildup|SCR:|P:-0.15|OI:0.1|VOL:-85.18|FUT:nan,PDNA_A60D5F94,20,LOW,SELL,VALID SELL,HIGH,1533.5,1564.17,1472.16,True,Eligible,1545.0,1498.3,1506.2,EOD EXIT,Neither target nor stop reached; exited at close,1506.2,27.299999999999955,1.78024127812194,A60D5F94BDFD,,0,0.0,0.0,0.0,,,False,50.0,50.0,NEW,2026-08-09,17:22:28,2.3,COMPLETED,ADMITTED
HINDUNILVR,2109.7,-0.47,14865000.0,0.24,,,,,,128400.0,-87.41,VOLUME_OI,VolumeAndOISpikesScans_25AUG26_Report_4_8_2026.xlsx,0,SELL,,Short Buildup,PAT:Short Buildup|SCR:|P:-0.47|OI:0.24|VOL:-87.41|FUT:nan,PDNA_1609B776,20,LOW,SELL,VALID SELL,HIGH,2109.7,2151.894,2025.312,True,Eligible,2125.0,2075.0,2089.7,EOD EXIT,Neither target nor stop reached; exited at close,2089.7,20.0,0.9480020856045884,1609B7766E94,,0,0.0,0.0,0.0,,,False,50.0,50.0,NEW,2026-08-09,17:22:28,2.3,COMPLETED,ADMITTED
TITAN,4889.3,-0.17,5346775.0,0.36,,,,,,47250.0,-89.49,VOLUME_OI,VolumeAndOISpikesScans_25AUG26_Report_4_8_2026.xlsx,0,SELL,,Short Buildup,PAT:Short Buildup|SCR:|P:-0.17|OI:0.36|VOL:-89.49|FUT:nan,PDNA_56284594,20,LOW,SELL,VALID SELL,HIGH,4889.3,4987.086,4693.728,True,Eligible,4927.4,4865.1,4897.7,EOD EXIT,Neither target nor stop reached; exited at close,4897.7,-8.399999999999636,-0.17180373468593943,56284594E8D4,,0,0.0,0.0,0.0,,,False,50.0,50.0,NEW,2026-08-09,17:22:28,2.3,COMPLETED,ADMITTED
DABUR,416.05,-2.48,29857500.0,1.59,,,,,,1553750.0,-52.08,VOLUME_OI,VolumeAndOISpikesScans_25AUG26_Report_4_8_2026.xlsx,0,SELL,Negative Price Momentum,Short Buildup,PAT:Short Buildup|SCR:|P:-2.48|OI:1.59|VOL:-52.08|FUT:nan,PDNA_1221020B,20,LOW,SELL,VALID SELL,HIGH,416.05,424.371,399.408,True,Eligible,421.0,406.9,408.95,EOD EXIT,Neither target nor stop reached; exited at close,408.95,7.100000000000023,1.7065256579738068,1221020BF9E6,,0,0.0,0.0,0.0,,,False,50.0,50.0,NEW,2026-08-09,17:22:28,2.3,COMPLETED,ADMITTED
LICI,393.95,-7.41,28266000.0,56.12,,,,,,15590400.0,707.54,VOLUME_OI,VolumeAndOISpikesScans_25AUG26_Report_4_8_2026.xlsx,15,SELL,Negative Price Momentum; Fresh OI Buildup; Volume Expansion,Short Buildup,PAT:Short Buildup|SCR:|P:-7.41|OI:56.12|VOL:707.54|FUT:nan,PDNA_120A5C9E,20,LOW,SELL,VALID SELL,HIGH,393.95,401.829,378.192,True,Eligible,394.9,387.5,390.3,EOD EXIT,Neither target nor stop reached; exited at close,390.3,3.6499999999999773,0.9265135169437688,120A5C9E6D43,,0,0.0,0.0,0.0,,,False,50.0,50.0,NEW,2026-08-09,17:22:28,2.3,COMPLETED,ADMITTED
DLF,654.0,-1.84,46515800.0,0.27,,,,,,1820200.0,-54.22,VOLUME_OI,VolumeAndOISpikesScans_25AUG26_Report_4_8_2026.xlsx,0,SELL,Negative Price Momentum,Short Buildup,PAT:Short Buildup|SCR:|P:-1.84|OI:0.27|VOL:-54.22|FUT:nan,PDNA_36AACFA8,20,LOW,SELL,VALID SELL,HIGH,654.0,667.08,627.84,True,Eligible,663.0,647.5,649.0,EOD EXIT,Neither target nor stop reached; exited at close,649.0,5.0,0.764525993883792,36AACFA85B71,,0,0.0,0.0,0.0,,,False,50.0,50.0,NEW,2026-08-09,17:22:28,2.3,COMPLETED,ADMITTED
UPL,596.4,-3.72,31318115.0,1.05,,,,,,3304845.0,-60.42,VOLUME_OI,VolumeAndOISpikesScans_25AUG26_Report_4_8_2026.xlsx,0,SELL,Negative Price Momentum,Short Buildup,PAT:Short Buildup|SCR:|P:-3.72|OI:1.05|VOL:-60.42|FUT:nan,PDNA_BF126461,20,LOW,SELL,VALID SELL,HIGH,596.4,608.328,572.544,True,Eligible,618.0,581.65,585.05,STOP LOSS HIT,Stop loss breached during replay range,608.328,-11.927999999999997,-1.9999999999999998,BF1264617B17,,0,0.0,0.0,0.0,,,False,50.0,50.0,NEW,2026-08-09,17:22:28,2.3,COMPLETED,ADMITTED
INOXWIND,79.36,-0.46,105280000.0,0.15,,,,,,390400.0,-96.72,VOLUME_OI,VolumeAndOISpikesScans_25AUG26_Report_4_8_2026.xlsx,0,SELL,,Short Buildup,PAT:Short Buildup|SCR:|P:-0.46|OI:0.15|VOL:-96.72|FUT:nan,PDNA_D10610EA,20,LOW,SELL,VALID SELL,HIGH,79.36,80.9472,76.1856,True,Eligible,81.0,78.92,79.52,STOP LOSS HIT,Stop loss breached during replay range,80.9472,-1.5871999999999957,-1.9999999999999944,D10610EAF0D2,,0,0.0,0.0,0.0,,,False,50.0,50.0,NEW,2026-08-09,17:22:28,2.3,COMPLETED,ADMITTED
MPHASIS,2402.6,-0.82,3824700.0,0.2,,,,,,20075.0,-96.61,VOLUME_OI,VolumeAndOISpikesScans_25AUG26_Report_4_8_2026.xlsx,0,SELL,,Short Buildup,PAT:Short Buildup|SCR:|P:-0.82|OI:0.2|VOL:-96.61|FUT:nan,PDNA_A8BFF982,20,LOW,SELL,VALID SELL,HIGH,2402.6,2450.652,2306.496,True,Eligible,2420.4,2385.0,2390.4,EOD EXIT,Neither target nor stop reached; exited at close,2390.4,12.199999999999818,0.5077832348289277,A8BFF9822AB7,,0,0.0,0.0,0.0,,,False,50.0,50.0,NEW,2026-08-09,17:22:28,2.3,COMPLETED,ADMITTED
NBCC,95.29,-0.12,99333000.0,0.03,,,,,,149500.0,-96.61,VOLUME_OI,VolumeAndOISpikesScans_25AUG26_Report_4_8_2026.xlsx,0,SELL,,Short Buildup,PAT:Short Buildup|SCR:|P:-0.12|OI:0.03|VOL:-96.61|FUT:nan,PDNA_A75A0311,20,LOW,SELL,VALID SELL,HIGH,95.29,97.1958,91.4784,True,Eligible,95.95,94.59,94.75,EOD EXIT,Neither target nor stop reached; exited at close,94.75,0.5400000000000063,0.5666911533214464,A75A0311847A,,0,0.0,0.0,0.0,,,False,50.0,50.0,NEW,2026-08-09,17:22:28,2.3,COMPLETED,ADMITTED
SBILIFE,1891.0,-1.09,6296250.0,0.71,,,,,,181500.0,-71.79,VOLUME_OI,VolumeAndOISpikesScans_25AUG26_Report_4_8_2026.xlsx,0,SELL,Negative Price Momentum,Short Buildup,PAT:Short Buildup|SCR:|P:-1.09|OI:0.71|VOL:-71.79|FUT:nan,PDNA_9116D69E,20,LOW,SELL,VALID SELL,HIGH,1891.0,1928.82,1815.36,True,Eligible,1899.9,1859.2,1869.2,EOD EXIT,Neither target nor stop reached; exited at close,1869.2,21.799999999999955,1.1528291909042812,9116D69EBBE5,,0,0.0,0.0,0.0,,,False,50.0,50.0,NEW,2026-08-09,17:22:28,2.3,COMPLETED,ADMITTED
CROMPTON,267.35,-0.11,59559300.0,0.08,,,,,,393450.0,-91.23,VOLUME_OI,VolumeAndOISpikesScans_25AUG26_Report_4_8_2026.xlsx,0,SELL,,Short Buildup,PAT:Short Buildup|SCR:|P:-0.11|OI:0.08|VOL:-91.23|FUT:nan,PDNA_D0D64B3F,20,LOW,SELL,VALID SELL,HIGH,267.35,272.697,256.656,True,Eligible,271.8,265.4,266.3,EOD EXIT,Neither target nor stop reached; exited at close,266.3,1.0500000000000114,0.39274359453899804,D0D64B3F89EB,,0,0.0,0.0,0.0,,,False,50.0,50.0,NEW,2026-08-09,17:22:28,2.3,COMPLETED,ADMITTED
BSE,3571.1,-0.01,8435600.0,0.29,,,,,,251200.0,-91.21,VOLUME_OI,VolumeAndOISpikesScans_25AUG26_Report_4_8_2026.xlsx,0,SELL,,Short Buildup,PAT:Short Buildup|SCR:|P:-0.01|OI:0.29|VOL:-91.21|FUT:nan,PDNA_5A4F9A89,20,LOW,SELL,VALID SELL,HIGH,3571.1,3642.522,3428.256,True,Eligible,3643.0,3550.0,3605.2,STOP LOSS HIT,Stop loss breached during replay range,3642.522,-71.42200000000003,-2.000000000000001,5A4F9A89830F,,0,0.0,0.0,0.0,,,False,50.0,50.0,NEW,2026-08-09,17:22:28,2.3,COMPLETED,ADMITTED
ICICIPRULI,513.6,-1.09,18316850.0,0.39,,,,,,181300.0,-90.94,VOLUME_OI,VolumeAndOISpikesScans_25AUG26_Report_4_8_2026.xlsx,0,SELL,Negative Price Momentum,Short Buildup,PAT:Short Buildup|SCR:|P:-1.09|OI:0.39|VOL:-90.94|FUT:nan,PDNA_F2245D01,20,LOW,SELL,VALID SELL,HIGH,513.6,523.8720000000001,493.056,True,Eligible,519.55,504.3,508.9,EOD EXIT,Neither target nor stop reached; exited at close,508.9,4.7000000000000455,0.9151090342679216,F2245D01C356,,0,0.0,0.0,0.0,,,False,50.0,50.0,NEW,2026-08-09,17:22:28,2.3,COMPLETED,ADMITTED
IREDA,117.43,-4.01,67861425.0,8.74,,,,,,12565925.0,1.98,VOLUME_OI,VolumeAndOISpikesScans_25AUG26_Report_4_8_2026.xlsx,0,SELL,Negative Price Momentum; Fresh OI Buildup,Short Buildup,PAT:Short Buildup|SCR:|P:-4.01|OI:8.74|VOL:1.98|FUT:nan,PDNA_8D7B98AA,20,LOW,SELL,VALID SELL,HIGH,117.43,119.7786,112.7328,True,Eligible,120.0,114.31,116.29,STOP LOSS HIT,Stop loss breached during replay range,119.7786,-2.3485999999999905,-1.9999999999999918,8D7B98AA09B0,,0,0.0,0.0,0.0,,,False,50.0,50.0,NEW,2026-08-09,17:22:28,2.3,COMPLETED,ADMITTED
SBIN,1038.9,-0.27,82570500.0,0.28,,,,,,907500.0,-90.84,VOLUME_OI,VolumeAndOISpikesScans_25AUG26_Report_4_8_2026.xlsx,0,SELL,,Short Buildup,PAT:Short Buildup|SCR:|P:-0.27|OI:0.28|VOL:-90.84|FUT:nan,PDNA_25710590,20,LOW,SELL,VALID SELL,HIGH,1038.9,1059.678,997.344,True,Eligible,1048.8,1036.1,1040.7,EOD EXIT,Neither target nor stop reached; exited at close,1040.7,-1.7999999999999545,-0.17326017903551394,2571059044A5,,0,0.0,0.0,0.0,,,False,50.0,50.0,NEW,2026-08-09,17:22:28,2.3,COMPLETED,ADMITTED
MARICO,876.0,-0.54,16303200.0,0.35,,,,,,343200.0,-90.43,VOLUME_OI,VolumeAndOISpikesScans_25AUG26_Report_4_8_2026.xlsx,0,SELL,,Short Buildup,PAT:Short Buildup|SCR:|P:-0.54|OI:0.35|VOL:-90.43|FUT:nan,PDNA_24A774A9,20,LOW,SELL,VALID SELL,HIGH,876.0,893.52,840.9599999999999,True,Eligible,884.85,855.2,874.6,EOD EXIT,Neither target nor stop reached; exited at close,874.6,1.3999999999999773,0.15981735159817093,24A774A93631,,0,0.0,0.0,0.0,,,False,50.0,50.0,NEW,2026-08-09,17:22:28,2.3,COMPLETED,ADMITTED
TATACONSUM,1094.1,-0.5,15703050.0,0.16,,,,,,108900.0,-89.12,VOLUME_OI,VolumeAndOISpikesScans_25AUG26_Report_4_8_2026.xlsx,0,SELL,,Short Buildup,PAT:Short Buildup|SCR:|P:-0.5|OI:0.16|VOL:-89.12|FUT:nan,PDNA_7618C0B5,20,LOW,SELL,VALID SELL,HIGH,1094.1,1115.982,1050.3359999999998,True,Eligible,1104.8,1082.0,1089.3,EOD EXIT,Neither target nor stop reached; exited at close,1089.3,4.7999999999999545,0.43871675349602,7618C0B5BC8A,,0,0.0,0.0,0.0,,,False,50.0,50.0,NEW,2026-08-09,17:22:28,2.3,COMPLETED,ADMITTED
HINDPETRO,394.5,-0.13,44932725.0,0.02,,,,,,202500.0,-94.3,VOLUME_OI,VolumeAndOISpikesScans_25AUG26_Report_4_8_2026.xlsx,0,SELL,,Short Buildup,PAT:Short Buildup|SCR:|P:-0.13|OI:0.02|VOL:-94.3|FUT:nan,PDNA_0C2AD09B,20,LOW,SELL,VALID SELL,HIGH,394.5,402.39,378.72,True,Eligible,396.0,392.1,393.45,EOD EXIT,Neither target nor stop reached; exited at close,393.45,1.0500000000000114,0.2661596958174934,0C2AD09B4ADC,,0,0.0,0.0,0.0,,,False,50.0,50.0,NEW,2026-08-09,17:22:28,2.3,COMPLETED,ADMITTED
TCS,2451.4,-0.54,31454775.0,0.05,,,,,,230175.0,-93.44,VOLUME_OI,VolumeAndOISpikesScans_25AUG26_Report_4_8_2026.xlsx,0,SELL,,Short Buildup,PAT:Short Buildup|SCR:|P:-0.54|OI:0.05|VOL:-93.44|FUT:nan,PDNA_EB0696D5,20,LOW,SELL,VALID SELL,HIGH,2451.4,2500.4280000000003,2353.344,True,Eligible,2474.0,2442.5,2457.4,EOD EXIT,Neither target nor stop reached; exited at close,2457.4,-6.0,-0.24475809741372276,EB0696D589D4,,0,0.0,0.0,0.0,,,False,50.0,50.0,NEW,2026-08-09,17:22:28,2.3,COMPLETED,ADMITTED
BANKBARODA,247.56,-0.07,129217725.0,0.09,,,,,,722475.0,-93.66,VOLUME_OI,VolumeAndOISpikesScans_25AUG26_Report_4_8_2026.xlsx,0,SELL,,Short Buildup,PAT:Short Buildup|SCR:|P:-0.07|OI:0.09|VOL:-93.66|FUT:nan,PDNA_16D74437,20,LOW,SELL,VALID SELL,HIGH,247.56,252.5112,237.6576,True,Eligible,250.39,246.3,246.64,EOD EXIT,Neither target nor stop reached; exited at close,246.64,0.9200000000000159,0.3716270803037712,16D7443700F7,,0,0.0,0.0,0.0,,,False,50.0,50.0,NEW,2026-08-09,17:22:28,2.3,COMPLETED,ADMITTED
UNOMINDA,1215.0,-0.16,4631000.0,0.35,,,,,,64900.0,-94.96,VOLUME_OI,VolumeAndOISpikesScans_25AUG26_Report_4_8_2026.xlsx,0,SELL,,Short Buildup,PAT:Short Buildup|SCR:|P:-0.16|OI:0.35|VOL:-94.96|FUT:nan,PDNA_7C9D9821,20,LOW,SELL,VALID SELL,HIGH,1215.0,1239.3,1166.4,True,Eligible,1249.0,1205.0,1232.6,STOP LOSS HIT,Stop loss breached during replay range,1239.3,-24.299999999999955,-1.9999999999999962,7C9D9821828B,,0,0.0,0.0,0.0,,,False,50.0,50.0,NEW,2026-08-09,17:22:28,2.3,COMPLETED,ADMITTED
PERSISTENT,5503.0,-0.91,3573000.0,0.23,,,,,,74875.0,-95.42,VOLUME_OI,VolumeAndOISpikesScans_25AUG26_Report_4_8_2026.xlsx,0,SELL,,Short Buildup,PAT:Short Buildup|SCR:|P:-0.91|OI:0.23|VOL:-95.42|FUT:nan,PDNA_069F0D6C,20,LOW,SELL,VALID SELL,HIGH,5503.0,5613.06,5282.88,True,Eligible,5610.0,5475.0,5502.0,EOD EXIT,Neither target nor stop reached; exited at close,5502.0,1.0,0.018171906232963837,069F0D6CFA04,,0,0.0,0.0,0.0,,,False,50.0,50.0,NEW,2026-08-09,17:22:28,2.3,COMPLETED,ADMITTED
TECHM,1645.0,-0.77,17176200.0,0.25,,,,,,231600.0,-91.62,VOLUME_OI,VolumeAndOISpikesScans_25AUG26_Report_4_8_2026.xlsx,0,SELL,,Short Buildup,PAT:Short Buildup|SCR:|P:-0.77|OI:0.25|VOL:-91.62|FUT:nan,PDNA_C2AC376A,20,LOW,SELL,VALID SELL,HIGH,1645.0,1677.9,1579.2,True,Eligible,1666.9,1642.2,1651.9,EOD EXIT,Neither target nor stop reached; exited at close,1651.9,-6.900000000000091,-0.4194528875379995,C2AC376A925B,,0,0.0,0.0,0.0,,,False,50.0,50.0,NEW,2026-08-09,17:22:28,2.3,COMPLETED,ADMITTED
RVNL,231.27,-0.77,34961850.0,0.37,,,,,,479325.0,-93.12,VOLUME_OI,VolumeAndOISpikesScans_25AUG26_Report_4_8_2026.xlsx,0,SELL,,Short Buildup,PAT:Short Buildup|SCR:|P:-0.77|OI:0.37|VOL:-93.12|FUT:nan,PDNA_F7855002,20,LOW,SELL,VALID SELL,HIGH,231.27,235.8954,222.0192,True,Eligible,235.71,230.22,231.65,EOD EXIT,Neither target nor stop reached; exited at close,231.65,-0.37999999999999545,-0.16431011371989254,F78550026D96,,0,0.0,0.0,0.0,,,False,50.0,50.0,NEW,2026-08-09,17:22:28,2.3,COMPLETED,ADMITTED
CDSL,1322.0,-0.29,10555450.0,0.69,,,,,,199025.0,-92.95,VOLUME_OI,VolumeAndOISpikesScans_25AUG26_Report_4_8_2026.xlsx,0,SELL,,Short Buildup,PAT:Short Buildup|SCR:|P:-0.29|OI:0.69|VOL:-92.95|FUT:nan,PDNA_9B17FA84,20,LOW,SELL,VALID SELL,HIGH,1322.0,1348.44,1269.12,True,Eligible,1364.0,1316.7,1339.8,STOP LOSS HIT,Stop loss breached during replay range,1348.44,-26.440000000000055,-2.000000000000004,9B17FA847470,,0,0.0,0.0,0.0,,,False,50.0,50.0,NEW,2026-08-09,17:22:28,2.3,COMPLETED,ADMITTED
M&M,3401.0,-0.14,12298000.0,0.07,,,,,,121800.0,-92.98,VOLUME_OI,VolumeAndOISpikesScans_25AUG26_Report_4_8_2026.xlsx,0,SELL,,Short Buildup,PAT:Short Buildup|SCR:|P:-0.14|OI:0.07|VOL:-92.98|FUT:nan,PDNA_44D0A794,20,LOW,SELL,VALID SELL,HIGH,3401.0,3469.02,3264.96,True,Eligible,3444.9,3399.7,3422.7,EOD EXIT,Neither target nor stop reached; exited at close,3422.7,-21.699999999999818,-0.6380476330490978,44D0A794D08C,,0,0.0,0.0,0.0,,,False,50.0,50.0,NEW,2026-08-09,17:22:28,2.3,COMPLETED,ADMITTED
PAGEIND,39985.0,-0.58,233420.0,0.51,,,,,,2580.0,-91.45,VOLUME_OI,VolumeAndOISpikesScans_25AUG26_Report_4_8_2026.xlsx,0,SELL,,Short Buildup,PAT:Short Buildup|SCR:|P:-0.58|OI:0.51|VOL:-91.45|FUT:nan,PDNA_F2E1102B,20,LOW,SELL,VALID SELL,HIGH,39985.0,40784.7,38385.6,True,Eligible,40255.0,39695.0,39970.0,EOD EXIT,Neither target nor stop reached; exited at close,39970.0,15.0,0.03751406777541578,F2E1102B704A,,0,0.0,0.0,0.0,,,False,50.0,50.0,NEW,2026-08-09,17:22:28,2.3,COMPLETED,ADMITTED
PATANJALI,361.8,-0.17,33030450.0,1.0,,,,,,561150.0,-92.66,VOLUME_OI,VolumeAndOISpikesScans_25AUG26_Report_4_8_2026.xlsx,0,SELL,,Short Buildup,PAT:Short Buildup|SCR:|P:-0.17|OI:1.0|VOL:-92.66|FUT:nan,PDNA_D244E3AD,20,LOW,SELL,VALID SELL,HIGH,361.8,369.036,347.328,True,Eligible,367.55,357.0,359.65,EOD EXIT,Neither target nor stop reached; exited at close,359.65,2.150000000000034,0.5942509673853051,D244E3AD5CA0,,0,0.0,0.0,0.0,,,False,50.0,50.0,NEW,2026-08-09,17:22:28,2.3,COMPLETED,ADMITTED
PGEL,618.95,-0.67,10660900.0,0.21,,,,,,173850.0,-92.23,VOLUME_OI,VolumeAndOISpikesScans_25AUG26_Report_4_8_2026.xlsx,0,SELL,,Short Buildup,PAT:Short Buildup|SCR:|P:-0.67|OI:0.21|VOL:-92.23|FUT:nan,PDNA_B0A68BD2,20,LOW,SELL,VALID SELL,HIGH,618.95,631.3290000000001,594.192,True,Eligible,632.0,613.05,616.85,STOP LOSS HIT,Stop loss breached during replay range,631.3290000000001,-12.379000000000019,-2.0000000000000027,B0A68BD2C7BC,,0,0.0,0.0,0.0,,,False,50.0,50.0,NEW,2026-08-09,17:22:28,2.3,COMPLETED,ADMITTED
BOSCHLTD,41090.0,-0.04,208875.0,0.19,,,,,,1325.0,-92.55,VOLUME_OI,VolumeAndOISpikesScans_25AUG26_Report_4_8_2026.xlsx,0,SELL,,Short Buildup,PAT:Short Buildup|SCR:|P:-0.04|OI:0.19|VOL:-92.55|FUT:nan,PDNA_CDFF9536,20,LOW,SELL,VALID SELL,HIGH,41090.0,41911.8,39446.4,True,Eligible,41690.0,41080.0,41450.0,EOD EXIT,Neither target nor stop reached; exited at close,41450.0,-360.0,-0.8761255779995134,CDFF953627DC,,0,0.0,0.0,0.0,,,False,50.0,50.0,NEW,2026-08-09,17:22:28,2.3,COMPLETED,ADMITTED
PNBHOUSING,1077.7,-0.72,7705750.0,0.33,,,,,,191100.0,-93.15,VOLUME_OI,VolumeAndOISpikesScans_25AUG26_Report_4_8_2026.xlsx,0,SELL,,Short Buildup,PAT:Short Buildup|SCR:|P:-0.72|OI:0.33|VOL:-93.15|FUT:nan,PDNA_654BB78B,20,LOW,SELL,VALID SELL,HIGH,1077.7,1099.254,1034.592,True,Eligible,1090.1,1053.0,1084.2,EOD EXIT,Neither target nor stop reached; exited at close,1084.2,-6.5,-0.6031363088057901,654BB78BCEEB,,0,0.0,0.0,0.0,,,False,50.0,50.0,NEW,2026-08-09,17:22:28,2.3,COMPLETED,ADMITTED
RELIANCE,1310.5,-0.09,102418000.0,0.02,,,,,,391000.0,-93.35,VOLUME_OI,VolumeAndOISpikesScans_25AUG26_Report_4_8_2026.xlsx,0,SELL,,Short Buildup,PAT:Short Buildup|SCR:|P:-0.09|OI:0.02|VOL:-93.35|FUT:nan,PDNA_9F09B98D,20,LOW,SELL,VALID SELL,HIGH,1310.5,1336.71,1258.08,True,Eligible,1315.0,1294.1,1297.4,EOD EXIT,Neither target nor stop reached; exited at close,1297.4,13.099999999999909,0.9996184662342547,9F09B98DB150,,0,0.0,0.0,0.0,,,False,50.0,50.0,NEW,2026-08-09,17:22:28,2.3,COMPLETED,ADMITTED
INFY,1167.4,-1.02,88554800.0,0.25,,,,,,784800.0,-93.39,VOLUME_OI,VolumeAndOISpikesScans_25AUG26_Report_4_8_2026.xlsx,0,SELL,Negative Price Momentum,Short Buildup,PAT:Short Buildup|SCR:|P:-1.02|OI:0.25|VOL:-93.39|FUT:nan,PDNA_5FB84D6E,20,LOW,SELL,VALID SELL,HIGH,1167.4,1190.748,1120.704,True,Eligible,1179.7,1158.4,1164.5,EOD EXIT,Neither target nor stop reached; exited at close,1164.5,2.900000000000091,0.24841528182286196,5FB84D6E4880,,0,0.0,0.0,0.0,,,False,50.0,50.0,NEW,2026-08-09,17:22:28,2.3,COMPLETED,ADMITTED
WIPRO,188.42,-0.49,222111000.0,0.13,,,,,,1218000.0,-94.17,VOLUME_OI,VolumeAndOISpikesScans_25AUG26_Report_4_8_2026.xlsx,0,SELL,,Short Buildup,PAT:Short Buildup|SCR:|P:-0.49|OI:0.13|VOL:-94.17|FUT:nan,PDNA_6AE674FA,20,LOW,SELL,VALID SELL,HIGH,188.42,192.1884,180.8832,True,Eligible,189.78,187.35,188.45,EOD EXIT,Neither target nor stop reached; exited at close,188.45,-0.030000000000001137,-0.015921876658529423,6AE674FA1DD1,,0,0.0,0.0,0.0,,,False,50.0,50.0,NEW,2026-08-09,17:22:28,2.3,COMPLETED,ADMITTED
AUBANK,1048.5,-0.21,21980000.0,0.05,,,,,,102000.0,-94.39,VOLUME_OI,VolumeAndOISpikesScans_25AUG26_Report_4_8_2026.xlsx,0,SELL,,Short Buildup,PAT:Short Buildup|SCR:|P:-0.21|OI:0.05|VOL:-94.39|FUT:nan,PDNA_2D35D556,20,LOW,SELL,VALID SELL,HIGH,1048.5,1069.47,1006.56,True,Eligible,1055.4,1038.0,1044.2,EOD EXIT,Neither target nor stop reached; exited at close,1044.2,4.2999999999999545,0.4101096804959422,2D35D5562690,,0,0.0,0.0,0.0,,,False,50.0,50.0,NEW,2026-08-09,17:22:28,2.3,COMPLETED,ADMITTED
FORCEMOT,18340.0,-0.96,250750.0,0.03,,,,,,4950.0,-94.53,VOLUME_OI,VolumeAndOISpikesScans_25AUG26_Report_4_8_2026.xlsx,0,SELL,,Short Buildup,PAT:Short Buildup|SCR:|P:-0.96|OI:0.03|VOL:-94.53|FUT:nan,PDNA_E181D537,20,LOW,SELL,VALID SELL,HIGH,18340.0,18706.8,17606.399999999998,True,Eligible,18536.0,18165.0,18439.0,EOD EXIT,Neither target nor stop reached; exited at close,18439.0,-99.0,-0.5398037077426391,E181D537F5C9,,0,0.0,0.0,0.0,,,False,50.0,50.0,NEW,2026-08-09,17:22:28,2.3,COMPLETED,ADMITTED
VBL,445.5,-0.37,53914650.0,0.45,,,,,,395250.0,-94.6,VOLUME_OI,VolumeAndOISpikesScans_25AUG26_Report_4_8_2026.xlsx,0,SELL,,Short Buildup,PAT:Short Buildup|SCR:|P:-0.37|OI:0.45|VOL:-94.6|FUT:nan,PDNA_DA8DDD5B,20,LOW,SELL,VALID SELL,HIGH,445.5,454.41,427.68,True,Eligible,449.0,440.75,442.3,EOD EXIT,Neither target nor stop reached; exited at close,442.3,3.1999999999999886,0.7182940516273824,DA8DDD5B3062,,0,0.0,0.0,0.0,,,False,50.0,50.0,NEW,2026-08-09,17:22:28,2.3,COMPLETED,ADMITTED
HCLTECH,1366.0,-0.34,27306400.0,0.06,,,,,,119600.0,-94.61,VOLUME_OI,VolumeAndOISpikesScans_25AUG26_Report_4_8_2026.xlsx,0,SELL,,Short Buildup,PAT:Short Buildup|SCR:|P:-0.34|OI:0.06|VOL:-94.61|FUT:nan,PDNA_5FEBB6A8,20,LOW,SELL,VALID SELL,HIGH,1366.0,1393.32,1311.36,True,Eligible,1376.9,1351.6,1363.8,EOD EXIT,Neither target nor stop reached; exited at close,1363.8,2.2000000000000455,0.16105417276720685,5FEBB6A8CB58,,0,0.0,0.0,0.0,,,False,50.0,50.0,NEW,2026-08-09,17:22:28,2.3,COMPLETED,ADMITTED
IOC,141.94,-0.3,150154875.0,0.01,,,,,,628875.0,-97.51,VOLUME_OI,VolumeAndOISpikesScans_25AUG26_Report_4_8_2026.xlsx,0,SELL,,Short Buildup,PAT:Short Buildup|SCR:|P:-0.3|OI:0.01|VOL:-97.51|FUT:nan,PDNA_AE961ADE,20,LOW,SELL,VALID SELL,HIGH,141.94,144.7788,136.2624,True,Eligible,143.09,140.51,140.75,EOD EXIT,Neither target nor stop reached; exited at close,140.75,1.1899999999999977,0.8383824151049722,AE961ADE6FAD,,0,0.0,0.0,0.0,,,False,50.0,50.0,NEW,2026-08-09,17:22:28,2.3,COMPLETED,ADMITTED
EICHERMOT,7982.0,-0.01,3816400.0,0.1,,,,,,24800.0,-97.35,VOLUME_OI,VolumeAndOISpikesScans_25AUG26_Report_4_8_2026.xlsx,0,SELL,,Short Buildup,PAT:Short Buildup|SCR:|P:-0.01|OI:0.1|VOL:-97.35|FUT:nan,PDNA_F5A80CFC,20,LOW,SELL,VALID SELL,HIGH,7982.0,8141.64,7662.719999999999,True,Eligible,8021.5,7885.5,7908.0,EOD EXIT,Neither target nor stop reached; exited at close,7908.0,74.0,0.9270859433725883,F5A80CFCB142,,0,0.0,0.0,0.0,,,False,50.0,50.0,NEW,2026-08-09,17:22:28,2.3,COMPLETED,ADMITTED
DIXON,13706.0,-0.12,2647900.0,0.29,,,,,,21100.0,-97.57,VOLUME_OI,VolumeAndOISpikesScans_25AUG26_Report_4_8_2026.xlsx,0,SELL,,Short Buildup,PAT:Short Buildup|SCR:|P:-0.12|OI:0.29|VOL:-97.57|FUT:nan,PDNA_08AAD96E,20,LOW,SELL,VALID SELL,HIGH,13706.0,13980.12,13157.76,True,Eligible,14012.0,13625.0,13839.0,STOP LOSS HIT,Stop loss breached during replay range,13980.12,-274.1200000000008,-2.0000000000000058,08AAD96EDB50,,0,0.0,0.0,0.0,,,False,50.0,50.0,NEW,2026-08-09,17:22:28,2.3,COMPLETED,ADMITTED
TATAPOWER,382.3,-0.25,62131050.0,0.06,,,,,,160950.0,-95.11,VOLUME_OI,VolumeAndOISpikesScans_25AUG26_Report_4_8_2026.xlsx,0,SELL,,Short Buildup,PAT:Short Buildup|SCR:|P:-0.25|OI:0.06|VOL:-95.11|FUT:nan,PDNA_416F5AAD,20,LOW,SELL,VALID SELL,HIGH,382.3,389.946,367.008,True,Eligible,385.65,381.5,382.4,EOD EXIT,Neither target nor stop reached; exited at close,382.4,-0.0999999999999659,-0.026157467957092832,416F5AAD059B,,0,0.0,0.0,0.0,,,False,50.0,50.0,NEW,2026-08-09,17:22:28,2.3,COMPLETED,ADMITTED
HDFCAMC,2580.8,-0.04,6057600.0,0.16,,,,,,35400.0,-94.83,VOLUME_OI,VolumeAndOISpikesScans_25AUG26_Report_4_8_2026.xlsx,0,SELL,,Short Buildup,PAT:Short Buildup|SCR:|P:-0.04|OI:0.16|VOL:-94.83|FUT:nan,PDNA_07315394,20,LOW,SELL,VALID SELL,HIGH,2580.8,2632.416,2477.568,True,Eligible,2594.4,2546.4,2551.1,EOD EXIT,Neither target nor stop reached; exited at close,2551.1,29.700000000000273,1.1508059516429119,07315394621F,,0,0.0,0.0,0.0,,,False,50.0,50.0,NEW,2026-08-09,17:22:28,2.3,COMPLETED,ADMITTED
PNB,113.7,-0.08,289512000.0,0.02,,,,,,1224000.0,-94.67,VOLUME_OI,VolumeAndOISpikesScans_25AUG26_Report_4_8_2026.xlsx,0,SELL,,Short Buildup,PAT:Short Buildup|SCR:|P:-0.08|OI:0.02|VOL:-94.67|FUT:nan,PDNA_5196292C,20,LOW,SELL,VALID SELL,HIGH,113.7,115.974,109.152,True,Eligible,114.38,113.14,114.02,EOD EXIT,Neither target nor stop reached; exited at close,114.02,-0.3199999999999932,-0.2814423922603282,5196292CF747,,0,0.0,0.0,0.0,,,False,50.0,50.0,NEW,2026-08-09,17:22:28,2.3,COMPLETED,ADMITTED
SBICARD,666.95,-0.27,22282400.0,0.08,,,,,,82400.0,-96.06,VOLUME_OI,VolumeAndOISpikesScans_25AUG26_Report_4_8_2026.xlsx,0,SELL,,Short Buildup,PAT:Short Buildup|SCR:|P:-0.27|OI:0.08|VOL:-96.06|FUT:nan,PDNA_C1D08BB9,20,LOW,SELL,VALID SELL,HIGH,666.95,680.2890000000001,640.272,True,Eligible,670.5,660.15,663.55,EOD EXIT,Neither target nor stop reached; exited at close,663.55,3.400000000000091,0.5097833420796297,C1D08BB928BF,,0,0.0,0.0,0.0,,,False,50.0,50.0,NEW,2026-08-09,17:22:28,2.3,COMPLETED,ADMITTED
CAMS,796.3,-0.24,7389525.0,0.12,,,,,,96525.0,-96.31,VOLUME_OI,VolumeAndOISpikesScans_25AUG26_Report_4_8_2026.xlsx,0,SELL,,Short Buildup,PAT:Short Buildup|SCR:|P:-0.24|OI:0.12|VOL:-96.31|FUT:nan,PDNA_7369E039,20,LOW,SELL,VALID SELL,HIGH,796.3,812.226,764.448,True,Eligible,830.05,790.2,807.6,STOP LOSS HIT,Stop loss breached during replay range,812.226,-15.926000000000045,-2.0000000000000058,7369E0396FD3,,0,0.0,0.0,0.0,,,False,50.0,50.0,NEW,2026-08-09,17:22:28,2.3,COMPLETED,ADMITTED
ASHOKLEY,174.48,-0.38,144635000.0,0.22,,,,,,1975000.0,-95.89,VOLUME_OI,VolumeAndOISpikesScans_25AUG26_Report_4_8_2026.xlsx,0,SELL,,Short Buildup,PAT:Short Buildup|SCR:|P:-0.38|OI:0.22|VOL:-95.89|FUT:nan,PDNA_6C7FF8B4,20,LOW,SELL,VALID SELL,HIGH,174.48,177.9696,167.5008,True,Eligible,175.75,172.81,173.28,EOD EXIT,Neither target nor stop reached; exited at close,173.28,1.1999999999999886,0.6877579092159495,6C7FF8B4ED7D,,0,0.0,0.0,0.0,,,False,50.0,50.0,NEW,2026-08-09,17:22:28,2.3,COMPLETED,ADMITTED
OIL,451.35,-0.25,15738800.0,0.03,,,,,,98000.0,-95.5,VOLUME_OI,VolumeAndOISpikesScans_25AUG26_Report_4_8_2026.xlsx,0,SELL,,Short Buildup,PAT:Short Buildup|SCR:|P:-0.25|OI:0.03|VOL:-95.5|FUT:nan,PDNA_8D1F8F09,20,LOW,SELL,VALID SELL,HIGH,451.35,460.377,433.296,True,Eligible,453.95,448.3,450.85,EOD EXIT,Neither target nor stop reached; exited at close,450.85,0.5,0.11077877478675084,8D1F8F0903FD,,0,0.0,0.0,0.0,,,False,50.0,50.0,NEW,2026-08-09,17:22:28,2.3,COMPLETED,ADMITTED
LTM,4625.0,-1.05,2264400.0,0.81,,,,,,70950.0,-95.71,VOLUME_OI,VolumeAndOISpikesScans_25AUG26_Report_4_8_2026.xlsx,0,SELL,Negative Price Momentum,Short Buildup,PAT:Short Buildup|SCR:|P:-1.05|OI:0.81|VOL:-95.71|FUT:nan,PDNA_C73AE023,20,LOW,SELL,VALID SELL,HIGH,4625.0,4717.5,4440.0,True,Eligible,4713.3,4540.0,4547.9,EOD EXIT,Neither target nor stop reached; exited at close,4547.9,77.10000000000036,1.6670270270270349,C73AE0236DF8,,0,0.0,0.0,0.0,,,False,50.0,50.0,NEW,2026-08-09,17:22:28,2.3,COMPLETED,ADMITTED
KFINTECH,931.85,-0.27,3926100.0,0.29,,,,,,37375.0,-95.93,VOLUME_OI,VolumeAndOISpikesScans_25AUG26_Report_4_8_2026.xlsx,0,SELL,,Short Buildup,PAT:Short Buildup|SCR:|P:-0.27|OI:0.29|VOL:-95.93|FUT:nan,PDNA_97C9447F,20,LOW,SELL,VALID SELL,HIGH,931.85,950.487,894.576,True,Eligible,954.0,928.75,935.5,STOP LOSS HIT,Stop loss breached during replay range,950.487,-18.636999999999944,-1.9999999999999938,97C9447FF375,,0,0.0,0.0,0.0,,,False,50.0,50.0,NEW,2026-08-09,17:22:28,2.3,COMPLETED,ADMITTED
CONCOR,521.9,-0.08,21433750.0,0.02,,,,,,76250.0,-95.96,VOLUME_OI,VolumeAndOISpikesScans_25AUG26_Report_4_8_2026.xlsx,0,SELL,,Short Buildup,PAT:Short Buildup|SCR:|P:-0.08|OI:0.02|VOL:-95.96|FUT:nan,PDNA_5BC475E0,20,LOW,SELL,VALID SELL,HIGH,521.9,532.338,501.024,True,Eligible,524.95,517.55,518.6,EOD EXIT,Neither target nor stop reached; exited at close,518.6,3.2999999999999545,0.6323050392795468,5BC475E0EF7A,,0,0.0,0.0,0.0,,,False,50.0,50.0,NEW,2026-08-09,17:22:28,2.3,COMPLETED,ADMITTED
TMPV,347.2,-0.26,75331200.0,0.22,,,,,,585600.0,-95.93,VOLUME_OI,VolumeAndOISpikesScans_25AUG26_Report_4_8_2026.xlsx,0,SELL,,Short Buildup,PAT:Short Buildup|SCR:|P:-0.26|OI:0.22|VOL:-95.93|FUT:nan,PDNA_0CB2E127,20,LOW,SELL,VALID SELL,HIGH,347.2,354.144,333.31199999999995,True,Eligible,350.8,345.1,345.95,EOD EXIT,Neither target nor stop reached; exited at close,345.95,1.25,0.36002304147465436,0CB2E127720E,,0,0.0,0.0,0.0,,,False,50.0,50.0,NEW,2026-08-09,17:22:28,2.3,COMPLETED,ADMITTED
JUBLFOOD,468.65,-0.41,16528750.0,0.36,,,,,,295000.0,-96.21,VOLUME_OI,VolumeAndOISpikesScans_25AUG26_Report_4_8_2026.xlsx,0,SELL,,Short Buildup,PAT:Short Buildup|SCR:|P:-0.41|OI:0.36|VOL:-96.21|FUT:nan,PDNA_B9CFF37E,20,LOW,SELL,VALID SELL,HIGH,468.65,478.023,449.904,True,Eligible,473.4,462.5,466.8,EOD EXIT,Neither target nor stop reached; exited at close,466.8,1.849999999999966,0.3947508801877661,B9CFF37E5CF5,,0,0.0,0.0,0.0,,,False,50.0,50.0,NEW,2026-08-09,17:22:28,2.3,COMPLETED,ADMITTED
LT,4015.5,-0.08,11500825.0,0.06,,,,,,68950.0,-95.56,VOLUME_OI,VolumeAndOISpikesScans_25AUG26_Report_4_8_2026.xlsx,0,SELL,,Short Buildup,PAT:Short Buildup|SCR:|P:-0.08|OI:0.06|VOL:-95.56|FUT:nan,PDNA_8D7D26F7,20,LOW,SELL,VALID SELL,HIGH,4015.5,4095.81,3854.88,True,Eligible,4060.5,4005.1,4021.0,EOD EXIT,Neither target nor stop reached; exited at close,4021.0,-5.5,-0.13696924417880713,8D7D26F7BA1B,,0,0.0,0.0,0.0,,,False,50.0,50.0,NEW,2026-08-09,17:22:28,2.3,COMPLETED,ADMITTED
TORNTPHARM,5044.0,-0.04,3732125.0,0.04,,,,,,10625.0,-97.71,VOLUME_OI,VolumeAndOISpikesScans_25AUG26_Report_4_8_2026.xlsx,0,SELL,,Short Buildup,PAT:Short Buildup|SCR:|P:-0.04|OI:0.04|VOL:-97.71|FUT:nan,PDNA_5DD3F425,20,LOW,SELL,VALID SELL,HIGH,5044.0,5144.88,4842.24,True,Eligible,5082.0,5020.0,5064.5,EOD EXIT,Neither target nor stop reached; exited at close,5064.5,-20.5,-0.40642347343378277,5DD3F425F7BF,,0,0.0,0.0,0.0,,,False,50.0,50.0,NEW,2026-08-09,17:22:28,2.3,COMPLETED,ADMITTED
AMBUJACEM,443.1,-0.29,80056800.0,0.03,,,,,,92400.0,-98.58,VOLUME_OI,VolumeAndOISpikesScans_25AUG26_Report_4_8_2026.xlsx,0,SELL,,Short Buildup,PAT:Short Buildup|SCR:|P:-0.29|OI:0.03|VOL:-98.58|FUT:nan,PDNA_B5AA18FF,20,LOW,SELL,VALID SELL,HIGH,443.1,451.9620000000001,425.376,True,Eligible,444.5,438.45,439.95,EOD EXIT,Neither target nor stop reached; exited at close,439.95,3.150000000000034,0.710900473933657,B5AA18FF032E,,0,0.0,0.0,0.0,,,False,50.0,50.0,NEW,2026-08-09,17:22:28,2.3,COMPLETED,ADMITTED
ICICIGI,1657.8,-0.1,4993300.0,0.01,,,,,,6825.0,-99.24,VOLUME_OI,VolumeAndOISpikesScans_25AUG26_Report_4_8_2026.xlsx,0,SELL,,Short Buildup,PAT:Short Buildup|SCR:|P:-0.1|OI:0.01|VOL:-99.24|FUT:nan,PDNA_00EDCA15,20,LOW,SELL,VALID SELL,HIGH,1657.8,1690.956,1591.4879999999998,True,Eligible,1662.5,1634.0,1638.5,EOD EXIT,Neither target nor stop reached; exited at close,1638.5,19.299999999999955,1.1641935094703797,00EDCA15AC9D,,0,0.0,0.0,0.0,,,False,50.0,50.0,NEW,2026-08-09,17:22:28,2.3,COMPLETED,ADMITTED
FORTIS,942.1,-0.35,9641775.0,0.49,,,,,,132525.0,-96.43,VOLUME_OI,VolumeAndOISpikesScans_25AUG26_Report_4_8_2026.xlsx,0,SELL,,Short Buildup,PAT:Short Buildup|SCR:|P:-0.35|OI:0.49|VOL:-96.43|FUT:nan,PDNA_ADB6E899,20,LOW,SELL,VALID SELL,HIGH,942.1,960.942,904.416,True,Eligible,947.1,926.5,929.2,EOD EXIT,Neither target nor stop reached; exited at close,929.2,12.899999999999977,1.369281392633476,ADB6E899D003,,0,0.0,0.0,0.0,,,False,50.0,50.0,NEW,2026-08-09,17:22:28,2.3,COMPLETED,ADMITTED
GLENMARK,2217.2,-0.09,11692875.0,0.26,,,,,,84375.0,-96.4,VOLUME_OI,VolumeAndOISpikesScans_25AUG26_Report_4_8_2026.xlsx,0,SELL,,Short Buildup,PAT:Short Buildup|SCR:|P:-0.09|OI:0.26|VOL:-96.4|FUT:nan,PDNA_D814F8FC,20,LOW,SELL,VALID SELL,HIGH,2217.2,2261.544,2128.512,True,Eligible,2252.3,2207.0,2226.8,EOD EXIT,Neither target nor stop reached; exited at close,2226.8,-9.600000000000364,-0.4329785314811639,D814F8FCD495,,0,0.0,0.0,0.0,,,False,50.0,50.0,NEW,2026-08-09,17:22:28,2.3,COMPLETED,ADMITTED
DRREDDY,1161.3,-0.27,12822500.0,0.35,,,,,,129375.0,-97.01,VOLUME_OI,VolumeAndOISpikesScans_25AUG26_Report_4_8_2026.xlsx,0,SELL,,Short Buildup,PAT:Short Buildup|SCR:|P:-0.27|OI:0.35|VOL:-97.01|FUT:nan,PDNA_B7B231A6,20,LOW,SELL,VALID SELL,HIGH,1161.3,1184.526,1114.848,True,Eligible,1169.0,1152.0,1154.7,EOD EXIT,Neither target nor stop reached; exited at close,1154.7,6.599999999999909,0.5683285972616816,B7B231A659EB,,0,0.0,0.0,0.0,,,False,50.0,50.0,NEW,2026-08-09,17:22:28,2.3,COMPLETED,ADMITTED
SWIGGY,287.0,-0.05,67499450.0,0.14,,,,,,567575.0,-97.01,VOLUME_OI,VolumeAndOISpikesScans_25AUG26_Report_4_8_2026.xlsx,0,SELL,,Short Buildup,PAT:Short Buildup|SCR:|P:-0.05|OI:0.14|VOL:-97.01|FUT:nan,PDNA_5DC033DB,20,LOW,SELL,VALID SELL,HIGH,287.0,292.74,275.52,True,Eligible,293.8,285.15,289.65,STOP LOSS HIT,Stop loss breached during replay range,292.74,-5.740000000000009,-2.000000000000003,5DC033DBFDB0,,0,0.0,0.0,0.0,,,False,50.0,50.0,NEW,2026-08-09,17:22:28,2.3,COMPLETED,ADMITTED
MARUTI,13989.0,-0.33,2054700.0,0.44,,,,,,34500.0,-97.19,VOLUME_OI,VolumeAndOISpikesScans_25AUG26_Report_4_8_2026.xlsx,0,SELL,,Short Buildup,PAT:Short Buildup|SCR:|P:-0.33|OI:0.44|VOL:-97.19|FUT:nan,PDNA_0008D27B,20,LOW,SELL,VALID SELL,HIGH,13989.0,14268.78,13429.44,True,Eligible,14171.0,13948.0,14048.0,EOD EXIT,Neither target nor stop reached; exited at close,14048.0,-59.0,-0.4217599542497677,0008D27B7CBC,,0,0.0,0.0,0.0,,,False,50.0,50.0,NEW,2026-08-09,17:22:28,2.3,COMPLETED,ADMITTED
DALBHARAT,1825.7,-0.29,3785600.0,0.09,,,,,,5850.0,-98.99,VOLUME_OI,VolumeAndOISpikesScans_25AUG26_Report_4_8_2026.xlsx,0,SELL,,Short Buildup,PAT:Short Buildup|SCR:|P:-0.29|OI:0.09|VOL:-98.99|FUT:nan,PDNA_03FA1DE2,20,LOW,SELL,VALID SELL,HIGH,1825.7,1862.214,1752.672,True,Eligible,1841.4,1811.7,1817.8,EOD EXIT,Neither target nor stop reached; exited at close,1817.8,7.900000000000091,0.432710741085616,03FA1DE2795F,,0,0.0,0.0,0.0,,,False,50.0,50.0,NEW,2026-08-09,17:22:28,2.3,COMPLETED,ADMITTED
RECLTD,367.5,-0.18,44518950.0,0.03,,,,,,86625.0,-97.66,VOLUME_OI,VolumeAndOISpikesScans_25AUG26_Report_4_8_2026.xlsx,0,SELL,,Short Buildup,PAT:Short Buildup|SCR:|P:-0.18|OI:0.03|VOL:-97.66|FUT:nan,PDNA_77D4B5AD,20,LOW,SELL,VALID SELL,HIGH,367.5,374.85,352.8,True,Eligible,370.9,367.05,368.5,EOD EXIT,Neither target nor stop reached; exited at close,368.5,-1.0,-0.27210884353741494,77D4B5AD27F1,,0,0.0,0.0,0.0,,,False,50.0,50.0,NEW,2026-08-09,17:22:28,2.3,COMPLETED,ADMITTED
KALYANKJIL,591.05,-2.71,23452200.0,-0.69,,,,,,1949400.0,-60.74,VOLUME_OI,VolumeAndOISpikesScans_25AUG26_Report_4_8_2026.xlsx,0,SELL,Negative Price Momentum,Long Unwinding,PAT:Long Unwinding|SCR:|P:-2.71|OI:-0.69|VOL:-60.74|FUT:nan,PDNA_ADB3CBDB,15,LOW,SELL,VALID SELL,HIGH,591.05,602.871,567.4079999999999,True,Eligible,613.0,588.15,593.35,STOP LOSS HIT,Stop loss breached during replay range,602.871,-11.821000000000026,-2.0000000000000044,ADB3CBDB65BD,,0,0.0,0.0,0.0,,,False,50.0,50.0,NEW,2026-08-09,17:22:28,2.3,COMPLETED,ADMITTED
BPCL,324.95,-0.51,40430225.0,-0.22,,,,,,493750.0,-91.0,VOLUME_OI,VolumeAndOISpikesScans_25AUG26_Report_4_8_2026.xlsx,0,SELL,,Long Unwinding,PAT:Long Unwinding|SCR:|P:-0.51|OI:-0.22|VOL:-91.0|FUT:nan,PDNA_4216DDAB,15,LOW,SELL,VALID SELL,HIGH,324.95,331.449,311.952,True,Eligible,327.75,321.1,321.8,EOD EXIT,Neither target nor stop reached; exited at close,321.8,3.1499999999999773,0.9693799046007009,4216DDAB3228,,0,0.0,0.0,0.0,,,False,50.0,50.0,NEW,2026-08-09,17:22:28,2.3,COMPLETED,ADMITTED
UNITDSPR,1531.0,-0.01,7739600.0,-0.21,,,,,,146400.0,-71.87,VOLUME_OI,VolumeAndOISpikesScans_25AUG26_Report_4_8_2026.xlsx,0,SELL,,Long Unwinding,PAT:Long Unwinding|SCR:|P:-0.01|OI:-0.21|VOL:-71.87|FUT:nan,PDNA_6F6062EE,15,LOW,SELL,VALID SELL,HIGH,1531.0,1561.62,1469.76,True,Eligible,1556.0,1527.6,1535.6,EOD EXIT,Neither target nor stop reached; exited at close,1535.6,-4.599999999999909,-0.3004572175048928,6F6062EE6F60,,0,0.0,0.0,0.0,,,False,50.0,50.0,NEW,2026-08-09,17:22:28,2.3,COMPLETED,ADMITTED
NYKAA,338.5,-0.73,44934375.0,-0.01,,,,,,771875.0,-92.01,VOLUME_OI,VolumeAndOISpikesScans_25AUG26_Report_4_8_2026.xlsx,0,SELL,,Long Unwinding,PAT:Long Unwinding|SCR:|P:-0.73|OI:-0.01|VOL:-92.01|FUT:nan,PDNA_C6C8316D,15,LOW,SELL,VALID SELL,HIGH,338.5,345.27,324.96,True,Eligible,342.0,335.4,337.95,EOD EXIT,Neither target nor stop reached; exited at close,337.95,0.5500000000000114,0.1624815361890728,C6C8316D65E4,,0,0.0,0.0,0.0,,,False,50.0,50.0,NEW,2026-08-09,17:22:28,2.3,COMPLETED,ADMITTED
PHOENIXLTD,1924.1,-0.01,3703350.0,-0.12,,,,,,26950.0,-91.72,VOLUME_OI,VolumeAndOISpikesScans_25AUG26_Report_4_8_2026.xlsx,0,SELL,,Long Unwinding,PAT:Long Unwinding|SCR:|P:-0.01|OI:-0.12|VOL:-91.72|FUT:nan,PDNA_EF5532FE,15,LOW,SELL,VALID SELL,HIGH,1924.1,1962.582,1847.136,True,Eligible,1967.8,1919.2,1946.2,STOP LOSS HIT,Stop loss breached during replay range,1962.582,-38.4820000000002,-2.0000000000000107,EF5532FE32CE,,0,0.0,0.0,0.0,,,False,50.0,50.0,NEW,2026-08-09,17:22:28,2.3,COMPLETED,ADMITTED
TATAELXSI,3770.0,-0.05,2410625.0,-0.11,,,,,,21125.0,-94.93,VOLUME_OI,VolumeAndOISpikesScans_25AUG26_Report_4_8_2026.xlsx,0,SELL,,Long Unwinding,PAT:Long Unwinding|SCR:|P:-0.05|OI:-0.11|VOL:-94.93|FUT:nan,PDNA_5629B740,15,LOW,SELL,VALID SELL,HIGH,3770.0,3845.4,3619.2,True,Eligible,3798.0,3745.6,3752.0,EOD EXIT,Neither target nor stop reached; exited at close,3752.0,18.0,0.47745358090185674,5629B740103D,,0,0.0,0.0,0.0,,,False,50.0,50.0,NEW,2026-08-09,17:22:28,2.3,COMPLETED,ADMITTED
PIDILITIND,1656.9,1.03,7736000.0,0.06,,,,,,139500.0,-78.85,VOLUME_OI,VolumeAndOISpikesScans_25AUG26_Report_4_8_2026.xlsx,20,SELL,Positive Price Momentum,Fresh Long Buildup,PAT:Fresh Long Buildup|SCR:|P:1.03|OI:0.06|VOL:-78.85|FUT:nan,PDNA_27173206,60,MEDIUM,NEUTRAL,WATCH,MEDIUM,1656.9,,,False,Non actionable signal,,,,FILTERED,Non actionable signal,,0.0,0.0,271732060DC7,,0,0.0,0.0,0.0,,,False,50.0,50.0,NEW,2026-08-09,17:22:28,2.3,COMPLETED,FILTERED
POWERINDIA,32590.0,1.29,580900.0,0.23,,,,,,9150.0,-79.07,VOLUME_OI,VolumeAndOISpikesScans_25AUG26_Report_4_8_2026.xlsx,20,SELL,Positive Price Momentum,Fresh Long Buildup,PAT:Fresh Long Buildup|SCR:|P:1.29|OI:0.23|VOL:-79.07|FUT:nan,PDNA_82837002,60,MEDIUM,NEUTRAL,WATCH,MEDIUM,32590.0,,,False,Non actionable signal,,,,FILTERED,Non actionable signal,,0.0,0.0,828370022495,,0,0.0,0.0,0.0,,,False,50.0,50.0,NEW,2026-08-09,17:22:28,2.3,COMPLETED,FILTERED
VEDL,271.6,1.91,50062950.0,0.1,,,,,,1279950.0,-62.86,VOLUME_OI,VolumeAndOISpikesScans_25AUG26_Report_4_8_2026.xlsx,20,SELL,Positive Price Momentum,Fresh Long Buildup,PAT:Fresh Long Buildup|SCR:|P:1.91|OI:0.1|VOL:-62.86|FUT:nan,PDNA_36EBF757,60,MEDIUM,NEUTRAL,WATCH,MEDIUM,271.6,,,False,Non actionable signal,,,,FILTERED,Non actionable signal,,0.0,0.0,36EBF757FAC7,,0,0.0,0.0,0.0,,,False,50.0,50.0,NEW,2026-08-09,17:22:28,2.3,COMPLETED,FILTERED
HINDALCO,1007.75,1.09,53072600.0,0.01,,,,,,1701000.0,-74.21,VOLUME_OI,VolumeAndOISpikesScans_25AUG26_Report_4_8_2026.xlsx,20,SELL,Positive Price Momentum,Fresh Long Buildup,PAT:Fresh Long Buildup|SCR:|P:1.09|OI:0.01|VOL:-74.21|FUT:nan,PDNA_02BD5AC3,60,MEDIUM,NEUTRAL,WATCH,MEDIUM,1007.75,,,False,Non actionable signal,,,,FILTERED,Non actionable signal,,0.0,0.0,02BD5AC3FF09,,0,0.0,0.0,0.0,,,False,50.0,50.0,NEW,2026-08-09,17:22:28,2.3,COMPLETED,FILTERED
NATIONALUM,375.6,2.93,46515000.0,0.27,,,,,,2739375.0,-80.73,VOLUME_OI,VolumeAndOISpikesScans_25AUG26_Report_4_8_2026.xlsx,20,SELL,Positive Price Momentum,Fresh Long Buildup,PAT:Fresh Long Buildup|SCR:|P:2.93|OI:0.27|VOL:-80.73|FUT:nan,PDNA_0A913721,60,MEDIUM,NEUTRAL,WATCH,MEDIUM,375.6,,,False,Non actionable signal,,,,FILTERED,Non actionable signal,,0.0,0.0,0A9137217C7B,,0,0.0,0.0,0.0,,,False,50.0,50.0,NEW,2026-08-09,17:22:28,2.3,COMPLETED,FILTERED
GVT&D,4387.5,1.6,2859625.0,0.06,,,,,,37375.0,-88.59,VOLUME_OI,VolumeAndOISpikesScans_25AUG26_Report_4_8_2026.xlsx,20,SELL,Positive Price Momentum,Fresh Long Buildup,PAT:Fresh Long Buildup|SCR:|P:1.6|OI:0.06|VOL:-88.59|FUT:nan,PDNA_1DB0B930,60,MEDIUM,NEUTRAL,WATCH,MEDIUM,4387.5,,,False,Non actionable signal,,,,FILTERED,Non actionable signal,,0.0,0.0,1DB0B930EA95,,0,0.0,0.0,0.0,,,False,50.0,50.0,NEW,2026-08-09,17:22:28,2.3,COMPLETED,FILTERED
DELHIVERY,478.1,1.16,27643150.0,0.45,,,,,,842450.0,-93.01,VOLUME_OI,VolumeAndOISpikesScans_25AUG26_Report_4_8_2026.xlsx,20,SELL,Positive Price Momentum,Fresh Long Buildup,PAT:Fresh Long Buildup|SCR:|P:1.16|OI:0.45|VOL:-93.01|FUT:nan,PDNA_B4C94823,60,MEDIUM,NEUTRAL,WATCH,MEDIUM,478.1,,,False,Non actionable signal,,,,FILTERED,Non actionable signal,,0.0,0.0,B4C948232552,,0,0.0,0.0,0.0,,,False,50.0,50.0,NEW,2026-08-09,17:22:28,2.3,COMPLETED,FILTERED
NAUKRI,1276.1,1.04,14070100.0,0.31,,,,,,178200.0,-82.67,VOLUME_OI,VolumeAndOISpikesScans_25AUG26_Report_4_8_2026.xlsx,20,SELL,Positive Price Momentum,Fresh Long Buildup,PAT:Fresh Long Buildup|SCR:|P:1.04|OI:0.31|VOL:-82.67|FUT:nan,PDNA_2A8DC617,60,MEDIUM,NEUTRAL,WATCH,MEDIUM,1276.1,,,False,Non actionable signal,,,,FILTERED,Non actionable signal,,0.0,0.0,2A8DC617F25F,,0,0.0,0.0,0.0,,,False,50.0,50.0,NEW,2026-08-09,17:22:28,2.3,COMPLETED,FILTERED
PAYTM,1419.9,0.15,20249250.0,2.72,,,,,,2779650.0,-81.89,VOLUME_OI,VolumeAndOISpikesScans_25AUG26_Report_4_8_2026.xlsx,20,SELL,Fresh OI Buildup,Fresh Long Buildup,PAT:Fresh Long Buildup|SCR:|P:0.15|OI:2.72|VOL:-81.89|FUT:nan,PDNA_66420248,60,MEDIUM,NEUTRAL,WATCH,MEDIUM,1419.9,,,False,Non actionable signal,,,,FILTERED,Non actionable signal,,0.0,0.0,664202480100,,0,0.0,0.0,0.0,,,False,50.0,50.0,NEW,2026-08-09,17:22:28,2.3,COMPLETED,FILTERED
BAJAJ-AUTO,11582.0,0.45,1914375.0,0.68,,,,,,52725.0,-80.03,VOLUME_OI,VolumeAndOISpikesScans_25AUG26_Report_4_8_2026.xlsx,0,SELL,,Fresh Long Buildup,PAT:Fresh Long Buildup|SCR:|P:0.45|OI:0.68|VOL:-80.03|FUT:nan,PDNA_5F96ED29,60,MEDIUM,NEUTRAL,WATCH,MEDIUM,11582.0,,,False,Non actionable signal,,,,FILTERED,Non actionable signal,,0.0,0.0,5F96ED29DBD6,,0,0.0,0.0,0.0,,,False,50.0,50.0,NEW,2026-08-09,17:22:28,2.3,COMPLETED,FILTERED
VMM,111.99,0.52,45396000.0,0.79,,,,,,955450.0,-88.38,VOLUME_OI,VolumeAndOISpikesScans_25AUG26_Report_4_8_2026.xlsx,0,SELL,,Fresh Long Buildup,PAT:Fresh Long Buildup|SCR:|P:0.52|OI:0.79|VOL:-88.38|FUT:nan,PDNA_7B25C6E7,60,MEDIUM,NEUTRAL,WATCH,MEDIUM,111.99,,,False,Non actionable signal,,,,FILTERED,Non actionable signal,,0.0,0.0,7B25C6E75E24,,0,0.0,0.0,0.0,,,False,50.0,50.0,NEW,2026-08-09,17:22:28,2.3,COMPLETED,FILTERED
IDEA,13.06,0.85,5894471775.0,0.05,,,,,,14723850.0,-88.91,VOLUME_OI,VolumeAndOISpikesScans_25AUG26_Report_4_8_2026.xlsx,0,SELL,,Fresh Long Buildup,PAT:Fresh Long Buildup|SCR:|P:0.85|OI:0.05|VOL:-88.91|FUT:nan,PDNA_A5775CFE,60,MEDIUM,NEUTRAL,WATCH,MEDIUM,13.06,,,False,Non actionable signal,,,,FILTERED,Non actionable signal,,0.0,0.0,A5775CFEC628,,0,0.0,0.0,0.0,,,False,50.0,50.0,NEW,2026-08-09,17:22:28,2.3,COMPLETED,FILTERED
SRF,2658.8,0.33,4521400.0,0.11,,,,,,28000.0,-88.18,VOLUME_OI,VolumeAndOISpikesScans_25AUG26_Report_4_8_2026.xlsx,0,SELL,,Fresh Long Buildup,PAT:Fresh Long Buildup|SCR:|P:0.33|OI:0.11|VOL:-88.18|FUT:nan,PDNA_8BD85324,60,MEDIUM,NEUTRAL,WATCH,MEDIUM,2658.8,,,False,Non actionable signal,,,,FILTERED,Non actionable signal,,0.0,0.0,8BD853246EE6,,0,0.0,0.0,0.0,,,False,50.0,50.0,NEW,2026-08-09,17:22:28,2.3,COMPLETED,FILTERED
BLUESTARCO,1728.9,0.4,3145025.0,0.8,,,,,,56550.0,-83.06,VOLUME_OI,VolumeAndOISpikesScans_25AUG26_Report_4_8_2026.xlsx,0,SELL,,Fresh Long Buildup,PAT:Fresh Long Buildup|SCR:|P:0.4|OI:0.8|VOL:-83.06|FUT:nan,PDNA_D233C151,60,MEDIUM,NEUTRAL,WATCH,MEDIUM,1728.9,,,False,Non actionable signal,,,,FILTERED,Non actionable signal,,0.0,0.0,D233C15182B1,,0,0.0,0.0,0.0,,,False,50.0,50.0,NEW,2026-08-09,17:22:28,2.3,COMPLETED,FILTERED
NESTLEIND,1523.8,0.43,8402500.0,0.56,,,,,,158000.0,-81.51,VOLUME_OI,VolumeAndOISpikesScans_25AUG26_Report_4_8_2026.xlsx,0,SELL,,Fresh Long Buildup,PAT:Fresh Long Buildup|SCR:|P:0.43|OI:0.56|VOL:-81.51|FUT:nan,PDNA_26B9EF7F,60,MEDIUM,NEUTRAL,WATCH,MEDIUM,1523.8,,,False,Non actionable signal,,,,FILTERED,Non actionable signal,,0.0,0.0,26B9EF7F545F,,0,0.0,0.0,0.0,,,False,50.0,50.0,NEW,2026-08-09,17:22:28,2.3,COMPLETED,FILTERED
ADANIPORTS,1717.0,0.82,20869125.0,0.13,,,,,,254125.0,-83.41,VOLUME_OI,VolumeAndOISpikesScans_25AUG26_Report_4_8_2026.xlsx,0,SELL,,Fresh Long Buildup,PAT:Fresh Long Buildup|SCR:|P:0.82|OI:0.13|VOL:-83.41|FUT:nan,PDNA_E95ED2B2,60,MEDIUM,NEUTRAL,WATCH,MEDIUM,1717.0,,,False,Non actionable signal,,,,FILTERED,Non actionable signal,,0.0,0.0,E95ED2B28278,,0,0.0,0.0,0.0,,,False,50.0,50.0,NEW,2026-08-09,17:22:28,2.3,COMPLETED,FILTERED
RBLBANK,380.4,0.45,44996100.0,0.43,,,,,,831850.0,-81.21,VOLUME_OI,VolumeAndOISpikesScans_25AUG26_Report_4_8_2026.xlsx,0,SELL,,Fresh Long Buildup,PAT:Fresh Long Buildup|SCR:|P:0.45|OI:0.43|VOL:-81.21|FUT:nan,PDNA_B2060835,60,MEDIUM,NEUTRAL,WATCH,MEDIUM,380.4,,,False,Non actionable signal,,,,FILTERED,Non actionable signal,,0.0,0.0,B2060835089B,,0,0.0,0.0,0.0,,,False,50.0,50.0,NEW,2026-08-09,17:22:28,2.3,COMPLETED,FILTERED
HEROMOTOCO,5472.5,0.85,4656150.0,0.7,,,,,,107850.0,-83.63,VOLUME_OI,VolumeAndOISpikesScans_25AUG26_Report_4_8_2026.xlsx,0,SELL,,Fresh Long Buildup,PAT:Fresh Long Buildup|SCR:|P:0.85|OI:0.7|VOL:-83.63|FUT:nan,PDNA_3FDEEB22,60,MEDIUM,NEUTRAL,WATCH,MEDIUM,5472.5,,,False,Non actionable signal,,,,FILTERED,Non actionable signal,,0.0,0.0,3FDEEB2209DD,,0,0.0,0.0,0.0,,,False,50.0,50.0,NEW,2026-08-09,17:22:28,2.3,COMPLETED,FILTERED
POWERGRID,284.95,0.09,45195300.0,0.25,,,,,,813200.0,-73.92,VOLUME_OI,VolumeAndOISpikesScans_25AUG26_Report_4_8_2026.xlsx,0,SELL,,Fresh Long Buildup,PAT:Fresh Long Buildup|SCR:|P:0.09|OI:0.25|VOL:-73.92|FUT:nan,PDNA_90B515F7,60,MEDIUM,NEUTRAL,WATCH,MEDIUM,284.95,,,False,Non actionable signal,,,,FILTERED,Non actionable signal,,0.0,0.0,90B515F78E66,,0,0.0,0.0,0.0,,,False,50.0,50.0,NEW,2026-08-09,17:22:28,2.3,COMPLETED,FILTERED
LICHSGFIN,508.0,0.69,29925000.0,1.3,,,,,,942000.0,-78.8,VOLUME_OI,VolumeAndOISpikesScans_25AUG26_Report_4_8_2026.xlsx,0,SELL,,Fresh Long Buildup,PAT:Fresh Long Buildup|SCR:|P:0.69|OI:1.3|VOL:-78.8|FUT:nan,PDNA_80FFDE5F,60,MEDIUM,NEUTRAL,WATCH,MEDIUM,508.0,,,False,Non actionable signal,,,,FILTERED,Non actionable signal,,0.0,0.0,80FFDE5F8B7A,,0,0.0,0.0,0.0,,,False,50.0,50.0,NEW,2026-08-09,17:22:28,2.3,COMPLETED,FILTERED
KOTAKBANK,397.15,0.51,174176000.0,0.07,,,,,,1772000.0,-76.6,VOLUME_OI,VolumeAndOISpikesScans_25AUG26_Report_4_8_2026.xlsx,0,SELL,,Fresh Long Buildup,PAT:Fresh Long Buildup|SCR:|P:0.51|OI:0.07|VOL:-76.6|FUT:nan,PDNA_C2B5CBDE,60,MEDIUM,NEUTRAL,WATCH,MEDIUM,397.15,,,False,Non actionable signal,,,,FILTERED,Non actionable signal,,0.0,0.0,C2B5CBDEE526,,0,0.0,0.0,0.0,,,False,50.0,50.0,NEW,2026-08-09,17:22:28,2.3,COMPLETED,FILTERED
NAM-INDIA,1171.3,0.84,7074375.0,0.35,,,,,,73125.0,-79.29,VOLUME_OI,VolumeAndOISpikesScans_25AUG26_Report_4_8_2026.xlsx,0,SELL,,Fresh Long Buildup,PAT:Fresh Long Buildup|SCR:|P:0.84|OI:0.35|VOL:-79.29|FUT:nan,PDNA_514EDAB2,60,MEDIUM,NEUTRAL,WATCH,MEDIUM,1171.3,,,False,Non actionable signal,,,,FILTERED,Non actionable signal,,0.0,0.0,514EDAB25452,,0,0.0,0.0,0.0,,,False,50.0,50.0,NEW,2026-08-09,17:22:28,2.3,COMPLETED,FILTERED
AXISBANK,1257.6,0.15,81002500.0,0.17,,,,,,802500.0,-87.27,VOLUME_OI,VolumeAndOISpikesScans_25AUG26_Report_4_8_2026.xlsx,0,SELL,,Fresh Long Buildup,PAT:Fresh Long Buildup|SCR:|P:0.15|OI:0.17|VOL:-87.27|FUT:nan,PDNA_339F56B7,60,MEDIUM,NEUTRAL,WATCH,MEDIUM,1257.6,,,False,Non actionable signal,,,,FILTERED,Non actionable signal,,0.0,0.0,339F56B76C67,,0,0.0,0.0,0.0,,,False,50.0,50.0,NEW,2026-08-09,17:22:28,2.3,COMPLETED,FILTERED
BHARTIARTL,1963.0,0.12,54568950.0,0.06,,,,,,213275.0,-90.28,VOLUME_OI,VolumeAndOISpikesScans_25AUG26_Report_4_8_2026.xlsx,0,SELL,,Fresh Long Buildup,PAT:Fresh Long Buildup|SCR:|P:0.12|OI:0.06|VOL:-90.28|FUT:nan,PDNA_1BF6F9CB,60,MEDIUM,NEUTRAL,WATCH,MEDIUM,1963.0,,,False,Non actionable signal,,,,FILTERED,Non actionable signal,,0.0,0.0,1BF6F9CB89D4,,0,0.0,0.0,0.0,,,False,50.0,50.0,NEW,2026-08-09,17:22:28,2.3,COMPLETED,FILTERED
RADICO,4456.2,0.4,800100.0,0.58,,,,,,17100.0,-90.05,VOLUME_OI,VolumeAndOISpikesScans_25AUG26_Report_4_8_2026.xlsx,0,SELL,,Fresh Long Buildup,PAT:Fresh Long Buildup|SCR:|P:0.4|OI:0.58|VOL:-90.05|FUT:nan,PDNA_69B201F3,60,MEDIUM,NEUTRAL,WATCH,MEDIUM,4456.2,,,False,Non actionable signal,,,,FILTERED,Non actionable signal,,0.0,0.0,69B201F3EF8F,,0,0.0,0.0,0.0,,,False,50.0,50.0,NEW,2026-08-09,17:22:28,2.3,COMPLETED,FILTERED
GMRAIRPORT,106.98,0.99,129142125.0,0.02,,,,,,676575.0,-89.93,VOLUME_OI,VolumeAndOISpikesScans_25AUG26_Report_4_8_2026.xlsx,0,SELL,,Fresh Long Buildup,PAT:Fresh Long Buildup|SCR:|P:0.99|OI:0.02|VOL:-89.93|FUT:nan,PDNA_9C905AA6,60,MEDIUM,NEUTRAL,WATCH,MEDIUM,106.98,,,False,Non actionable signal,,,,FILTERED,Non actionable signal,,0.0,0.0,9C905AA67368,,0,0.0,0.0,0.0,,,False,50.0,50.0,NEW,2026-08-09,17:22:28,2.3,COMPLETED,FILTERED
MOTHERSON,155.66,0.69,125004900.0,0.4,,,,,,2054100.0,-89.41,VOLUME_OI,VolumeAndOISpikesScans_25AUG26_Report_4_8_2026.xlsx,0,SELL,,Fresh Long Buildup,PAT:Fresh Long Buildup|SCR:|P:0.69|OI:0.4|VOL:-89.41|FUT:nan,PDNA_018F7731,60,MEDIUM,NEUTRAL,WATCH,MEDIUM,155.66,,,False,Non actionable signal,,,,FILTERED,Non actionable signal,,0.0,0.0,018F7731948B,,0,0.0,0.0,0.0,,,False,50.0,50.0,NEW,2026-08-09,17:22:28,2.3,COMPLETED,FILTERED
BEL,392.65,0.61,103259775.0,0.02,,,,,,645525.0,-89.35,VOLUME_OI,VolumeAndOISpikesScans_25AUG26_Report_4_8_2026.xlsx,0,SELL,,Fresh Long Buildup,PAT:Fresh Long Buildup|SCR:|P:0.61|OI:0.02|VOL:-89.35|FUT:nan,PDNA_7939029F,60,MEDIUM,NEUTRAL,WATCH,MEDIUM,392.65,,,False,Non actionable signal,,,,FILTERED,Non actionable signal,,0.0,0.0,7939029F088D,,0,0.0,0.0,0.0,,,False,50.0,50.0,NEW,2026-08-09,17:22:28,2.3,COMPLETED,FILTERED
SUZLON,49.27,0.02,456234800.0,0.06,,,,,,3835400.0,-89.07,VOLUME_OI,VolumeAndOISpikesScans_25AUG26_Report_4_8_2026.xlsx,0,SELL,,Fresh Long Buildup,PAT:Fresh Long Buildup|SCR:|P:0.02|OI:0.06|VOL:-89.07|FUT:nan,PDNA_7685A15F,60,MEDIUM,NEUTRAL,WATCH,MEDIUM,49.27,,,False,Non actionable signal,,,,FILTERED,Non actionable signal,,0.0,0.0,7685A15FAB2E,,0,0.0,0.0,0.0,,,False,50.0,50.0,NEW,2026-08-09,17:22:28,2.3,COMPLETED,FILTERED
NIFTYNXT50,74300.0,0.08,19350.0,0.13,,,,,,250.0,-90.48,VOLUME_OI,VolumeAndOISpikesScans_25AUG26_Report_4_8_2026.xlsx,0,SELL,,Fresh Long Buildup,PAT:Fresh Long Buildup|SCR:|P:0.08|OI:0.13|VOL:-90.48|FUT:nan,PDNA_30948C7F,60,MEDIUM,NEUTRAL,WATCH,MEDIUM,74300.0,,,False,Non actionable signal,,,,FILTERED,Non actionable signal,,0.0,0.0,30948C7FFD2A,,0,0.0,0.0,0.0,,,False,50.0,50.0,NEW,2026-08-09,17:22:28,2.3,COMPLETED,FILTERED
SIEMENS,3958.0,0.8,3543400.0,0.41,,,,,,78050.0,-90.39,VOLUME_OI,VolumeAndOISpikesScans_25AUG26_Report_4_8_2026.xlsx,0,SELL,,Fresh Long Buildup,PAT:Fresh Long Buildup|SCR:|P:0.8|OI:0.41|VOL:-90.39|FUT:nan,PDNA_7A32BBBF,60,MEDIUM,NEUTRAL,WATCH,MEDIUM,3958.0,,,False,Non actionable signal,,,,FILTERED,Non actionable signal,,0.0,0.0,7A32BBBF02E7,,0,0.0,0.0,0.0,,,False,50.0,50.0,NEW,2026-08-09,17:22:28,2.3,COMPLETED,FILTERED
LAURUSLABS,1822.0,0.61,16541850.0,0.44,,,,,,272850.0,-88.96,VOLUME_OI,VolumeAndOISpikesScans_25AUG26_Report_4_8_2026.xlsx,0,SELL,,Fresh Long Buildup,PAT:Fresh Long Buildup|SCR:|P:0.61|OI:0.44|VOL:-88.96|FUT:nan,PDNA_98D84A79,60,MEDIUM,NEUTRAL,WATCH,MEDIUM,1822.0,,,False,Non actionable signal,,,,FILTERED,Non actionable signal,,0.0,0.0,98D84A796732,,0,0.0,0.0,0.0,,,False,50.0,50.0,NEW,2026-08-09,17:22:28,2.3,COMPLETED,FILTERED
TVSMOTOR,4368.0,0.52,9291975.0,0.49,,,,,,145600.0,-86.72,VOLUME_OI,VolumeAndOISpikesScans_25AUG26_Report_4_8_2026.xlsx,0,SELL,,Fresh Long Buildup,PAT:Fresh Long Buildup|SCR:|P:0.52|OI:0.49|VOL:-86.72|FUT:nan,PDNA_C1011F14,60,MEDIUM,NEUTRAL,WATCH,MEDIUM,4368.0,,,False,Non actionable signal,,,,FILTERED,Non actionable signal,,0.0,0.0,C1011F147F4F,,0,0.0,0.0,0.0,,,False,50.0,50.0,NEW,2026-08-09,17:22:28,2.3,COMPLETED,FILTERED
ASTRAL,1460.5,0.55,7121300.0,0.14,,,,,,121550.0,-84.57,VOLUME_OI,VolumeAndOISpikesScans_25AUG26_Report_4_8_2026.xlsx,0,SELL,,Fresh Long Buildup,PAT:Fresh Long Buildup|SCR:|P:0.55|OI:0.14|VOL:-84.57|FUT:nan,PDNA_B3464A20,60,MEDIUM,NEUTRAL,WATCH,MEDIUM,1460.5,,,False,Non actionable signal,,,,FILTERED,Non actionable signal,,0.0,0.0,B3464A200C7F,,0,0.0,0.0,0.0,,,False,50.0,50.0,NEW,2026-08-09,17:22:28,2.3,COMPLETED,FILTERED
IDFCFIRSTB,85.65,0.86,357180250.0,0.09,,,,,,4294325.0,-86.21,VOLUME_OI,VolumeAndOISpikesScans_25AUG26_Report_4_8_2026.xlsx,0,SELL,,Fresh Long Buildup,PAT:Fresh Long Buildup|SCR:|P:0.86|OI:0.09|VOL:-86.21|FUT:nan,PDNA_D44A1F5B,60,MEDIUM,NEUTRAL,WATCH,MEDIUM,85.65,,,False,Non actionable signal,,,,FILTERED,Non actionable signal,,0.0,0.0,D44A1F5BF9EB,,0,0.0,0.0,0.0,,,False,50.0,50.0,NEW,2026-08-09,17:22:28,2.3,COMPLETED,FILTERED
MANKIND,2484.0,0.51,3287750.0,0.05,,,,,,17250.0,-96.48,VOLUME_OI,VolumeAndOISpikesScans_25AUG26_Report_4_8_2026.xlsx,0,SELL,,Fresh Long Buildup,PAT:Fresh Long Buildup|SCR:|P:0.51|OI:0.05|VOL:-96.48|FUT:nan,PDNA_3A08C621,60,MEDIUM,NEUTRAL,WATCH,MEDIUM,2484.0,,,False,Non actionable signal,,,,FILTERED,Non actionable signal,,0.0,0.0,3A08C6216EED,,0,0.0,0.0,0.0,,,False,50.0,50.0,NEW,2026-08-09,17:22:28,2.3,COMPLETED,FILTERED
LTF,321.75,0.8,47479500.0,0.19,,,,,,468000.0,-96.45,VOLUME_OI,VolumeAndOISpikesScans_25AUG26_Report_4_8_2026.xlsx,0,SELL,,Fresh Long Buildup,PAT:Fresh Long Buildup|SCR:|P:0.8|OI:0.19|VOL:-96.45|FUT:nan,PDNA_022F75AA,60,MEDIUM,NEUTRAL,WATCH,MEDIUM,321.75,,,False,Non actionable signal,,,,FILTERED,Non actionable signal,,0.0,0.0,022F75AA7590,,0,0.0,0.0,0.0,,,False,50.0,50.0,NEW,2026-08-09,17:22:28,2.3,COMPLETED,FILTERED
BANKINDIA,140.3,0.19,96662800.0,0.19,,,,,,514800.0,-96.28,VOLUME_OI,VolumeAndOISpikesScans_25AUG26_Report_4_8_2026.xlsx,0,SELL,,Fresh Long Buildup,PAT:Fresh Long Buildup|SCR:|P:0.19|OI:0.19|VOL:-96.28|FUT:nan,PDNA_D4C26DBB,60,MEDIUM,NEUTRAL,WATCH,MEDIUM,140.3,,,False,Non actionable signal,,,,FILTERED,Non actionable signal,,0.0,0.0,D4C26DBBB2D2,,0,0.0,0.0,0.0,,,False,50.0,50.0,NEW,2026-08-09,17:22:28,2.3,COMPLETED,FILTERED
MUTHOOTFIN,2898.3,0.2,6926150.0,0.53,,,,,,188925.0,-97.64,VOLUME_OI,VolumeAndOISpikesScans_25AUG26_Report_4_8_2026.xlsx,0,SELL,,Fresh Long Buildup,PAT:Fresh Long Buildup|SCR:|P:0.2|OI:0.53|VOL:-97.64|FUT:nan,PDNA_917F62BF,60,MEDIUM,NEUTRAL,WATCH,MEDIUM,2898.3,,,False,Non actionable signal,,,,FILTERED,Non actionable signal,,0.0,0.0,917F62BF47B8,,0,0.0,0.0,0.0,,,False,50.0,50.0,NEW,2026-08-09,17:22:28,2.3,COMPLETED,FILTERED
DIVISLAB,8428.5,0.35,3409200.0,0.09,,,,,,61100.0,-97.25,VOLUME_OI,VolumeAndOISpikesScans_25AUG26_Report_4_8_2026.xlsx,0,SELL,,Fresh Long Buildup,PAT:Fresh Long Buildup|SCR:|P:0.35|OI:0.09|VOL:-97.25|FUT:nan,PDNA_72688ADD,60,MEDIUM,NEUTRAL,WATCH,MEDIUM,8428.5,,,False,Non actionable signal,,,,FILTERED,Non actionable signal,,0.0,0.0,72688ADD99BE,,0,0.0,0.0,0.0,,,False,50.0,50.0,NEW,2026-08-09,17:22:28,2.3,COMPLETED,FILTERED
BAJAJFINSV,2083.0,0.12,8191200.0,0.1,,,,,,59700.0,-97.55,VOLUME_OI,VolumeAndOISpikesScans_25AUG26_Report_4_8_2026.xlsx,0,SELL,,Fresh Long Buildup,PAT:Fresh Long Buildup|SCR:|P:0.12|OI:0.1|VOL:-97.55|FUT:nan,PDNA_A41F4C71,60,MEDIUM,NEUTRAL,WATCH,MEDIUM,2083.0,,,False,Non actionable signal,,,,FILTERED,Non actionable signal,,0.0,0.0,A41F4C713627,,0,0.0,0.0,0.0,,,False,50.0,50.0,NEW,2026-08-09,17:22:28,2.3,COMPLETED,FILTERED
MAXHEALTH,1100.5,0.39,9687825.0,0.01,,,,,,23100.0,-97.67,VOLUME_OI,VolumeAndOISpikesScans_25AUG26_Report_4_8_2026.xlsx,0,SELL,,Fresh Long Buildup,PAT:Fresh Long Buildup|SCR:|P:0.39|OI:0.01|VOL:-97.67|FUT:nan,PDNA_6D48CFBF,60,MEDIUM,NEUTRAL,WATCH,MEDIUM,1100.5,,,False,Non actionable signal,,,,FILTERED,Non actionable signal,,0.0,0.0,6D48CFBF6504,,0,0.0,0.0,0.0,,,False,50.0,50.0,NEW,2026-08-09,17:22:28,2.3,COMPLETED,FILTERED
GAIL,174.4,0.26,95771900.0,0.22,,,,,,741950.0,-98.31,VOLUME_OI,VolumeAndOISpikesScans_25AUG26_Report_4_8_2026.xlsx,0,SELL,,Fresh Long Buildup,PAT:Fresh Long Buildup|SCR:|P:0.26|OI:0.22|VOL:-98.31|FUT:nan,PDNA_4395EC08,60,MEDIUM,NEUTRAL,WATCH,MEDIUM,174.4,,,False,Non actionable signal,,,,FILTERED,Non actionable signal,,0.0,0.0,4395EC0851B6,,0,0.0,0.0,0.0,,,False,50.0,50.0,NEW,2026-08-09,17:22:28,2.3,COMPLETED,FILTERED
SHREECEM,26540.0,0.28,367750.0,0.12,,,,,,1400.0,-98.17,VOLUME_OI,VolumeAndOISpikesScans_25AUG26_Report_4_8_2026.xlsx,0,SELL,,Fresh Long Buildup,PAT:Fresh Long Buildup|SCR:|P:0.28|OI:0.12|VOL:-98.17|FUT:nan,PDNA_1F67328E,60,MEDIUM,NEUTRAL,WATCH,MEDIUM,26540.0,,,False,Non actionable signal,,,,FILTERED,Non actionable signal,,0.0,0.0,1F67328ED52B,,0,0.0,0.0,0.0,,,False,50.0,50.0,NEW,2026-08-09,17:22:28,2.3,COMPLETED,FILTERED
DMART,4000.0,0.07,5051850.0,0.02,,,,,,8100.0,-98.09,VOLUME_OI,VolumeAndOISpikesScans_25AUG26_Report_4_8_2026.xlsx,0,SELL,,Fresh Long Buildup,PAT:Fresh Long Buildup|SCR:|P:0.07|OI:0.02|VOL:-98.09|FUT:nan,PDNA_C4DF9957,60,MEDIUM,NEUTRAL,WATCH,MEDIUM,4000.0,,,False,Non actionable signal,,,,FILTERED,Non actionable signal,,0.0,0.0,C4DF99573931,,0,0.0,0.0,0.0,,,False,50.0,50.0,NEW,2026-08-09,17:22:28,2.3,COMPLETED,FILTERED
CHOLAFIN,1876.4,0.24,13194375.0,0.13,,,,,,58125.0,-98.17,VOLUME_OI,VolumeAndOISpikesScans_25AUG26_Report_4_8_2026.xlsx,0,SELL,,Fresh Long Buildup,PAT:Fresh Long Buildup|SCR:|P:0.24|OI:0.13|VOL:-98.17|FUT:nan,PDNA_780EA5AA,60,MEDIUM,NEUTRAL,WATCH,MEDIUM,1876.4,,,False,Non actionable signal,,,,FILTERED,Non actionable signal,,0.0,0.0,780EA5AA4621,,0,0.0,0.0,0.0,,,False,50.0,50.0,NEW,2026-08-09,17:22:28,2.3,COMPLETED,FILTERED
NHPC,79.81,0.45,123466750.0,0.03,,,,,,562950.0,-97.45,VOLUME_OI,VolumeAndOISpikesScans_25AUG26_Report_4_8_2026.xlsx,0,SELL,,Fresh Long Buildup,PAT:Fresh Long Buildup|SCR:|P:0.45|OI:0.03|VOL:-97.45|FUT:nan,PDNA_D3E545E8,60,MEDIUM,NEUTRAL,WATCH,MEDIUM,79.81,,,False,Non actionable signal,,,,FILTERED,Non actionable signal,,0.0,0.0,D3E545E8D349,,0,0.0,0.0,0.0,,,False,50.0,50.0,NEW,2026-08-09,17:22:28,2.3,COMPLETED,FILTERED
PETRONET,282.9,0.09,31737600.0,0.04,,,,,,127300.0,-96.61,VOLUME_OI,VolumeAndOISpikesScans_25AUG26_Report_4_8_2026.xlsx,0,SELL,,Fresh Long Buildup,PAT:Fresh Long Buildup|SCR:|P:0.09|OI:0.04|VOL:-96.61|FUT:nan,PDNA_F34FAC85,60,MEDIUM,NEUTRAL,WATCH,MEDIUM,282.9,,,False,Non actionable signal,,,,FILTERED,Non actionable signal,,0.0,0.0,F34FAC85C202,,0,0.0,0.0,0.0,,,False,50.0,50.0,NEW,2026-08-09,17:22:28,2.3,COMPLETED,FILTERED
BAJAJHLDNG,11533.0,0.61,353025.0,0.06,,,,,,2700.0,-96.82,VOLUME_OI,VolumeAndOISpikesScans_25AUG26_Report_4_8_2026.xlsx,0,SELL,,Fresh Long Buildup,PAT:Fresh Long Buildup|SCR:|P:0.61|OI:0.06|VOL:-96.82|FUT:nan,PDNA_D57EC7D8,60,MEDIUM,NEUTRAL,WATCH,MEDIUM,11533.0,,,False,Non actionable signal,,,,FILTERED,Non actionable signal,,0.0,0.0,D57EC7D843F7,,0,0.0,0.0,0.0,,,False,50.0,50.0,NEW,2026-08-09,17:22:28,2.3,COMPLETED,FILTERED
ITC,287.85,0.14,157357950.0,0.07,,,,,,1288575.0,-96.81,VOLUME_OI,VolumeAndOISpikesScans_25AUG26_Report_4_8_2026.xlsx,0,SELL,,Fresh Long Buildup,PAT:Fresh Long Buildup|SCR:|P:0.14|OI:0.07|VOL:-96.81|FUT:nan,PDNA_52E9D946,60,MEDIUM,NEUTRAL,WATCH,MEDIUM,287.85,,,False,Non actionable signal,,,,FILTERED,Non actionable signal,,0.0,0.0,52E9D946CAEE,,0,0.0,0.0,0.0,,,False,50.0,50.0,NEW,2026-08-09,17:22:28,2.3,COMPLETED,FILTERED
HYUNDAI,2180.0,0.15,4044150.0,0.34,,,,,,55825.0,-97.22,VOLUME_OI,VolumeAndOISpikesScans_25AUG26_Report_4_8_2026.xlsx,0,SELL,,Fresh Long Buildup,PAT:Fresh Long Buildup|SCR:|P:0.15|OI:0.34|VOL:-97.22|FUT:nan,PDNA_48D6CE00,60,MEDIUM,NEUTRAL,WATCH,MEDIUM,2180.0,,,False,Non actionable signal,,,,FILTERED,Non actionable signal,,0.0,0.0,48D6CE00CE8C,,0,0.0,0.0,0.0,,,False,50.0,50.0,NEW,2026-08-09,17:22:28,2.3,COMPLETED,FILTERED
KAYNES,3821.1,0.05,4020150.0,0.15,,,,,,17250.0,-97.14,VOLUME_OI,VolumeAndOISpikesScans_25AUG26_Report_4_8_2026.xlsx,0,SELL,,Fresh Long Buildup,PAT:Fresh Long Buildup|SCR:|P:0.05|OI:0.15|VOL:-97.14|FUT:nan,PDNA_6182EC9A,60,MEDIUM,NEUTRAL,WATCH,MEDIUM,3821.1,,,False,Non actionable signal,,,,FILTERED,Non actionable signal,,0.0,0.0,6182EC9AC016,,0,0.0,0.0,0.0,,,False,50.0,50.0,NEW,2026-08-09,17:22:28,2.3,COMPLETED,FILTERED
ALKEM,5692.5,0.01,1412375.0,0.08,,,,,,4000.0,-96.96,VOLUME_OI,VolumeAndOISpikesScans_25AUG26_Report_4_8_2026.xlsx,0,SELL,,Fresh Long Buildup,PAT:Fresh Long Buildup|SCR:|P:0.01|OI:0.08|VOL:-96.96|FUT:nan,PDNA_AC80CC1D,60,MEDIUM,NEUTRAL,WATCH,MEDIUM,5692.5,,,False,Non actionable signal,,,,FILTERED,Non actionable signal,,0.0,0.0,AC80CC1D2370,,0,0.0,0.0,0.0,,,False,50.0,50.0,NEW,2026-08-09,17:22:28,2.3,COMPLETED,FILTERED
SONACOMS,778.65,0.05,10580325.0,0.14,,,,,,66150.0,-96.91,VOLUME_OI,VolumeAndOISpikesScans_25AUG26_Report_4_8_2026.xlsx,0,SELL,,Fresh Long Buildup,PAT:Fresh Long Buildup|SCR:|P:0.05|OI:0.14|VOL:-96.91|FUT:nan,PDNA_83C0B887,60,MEDIUM,NEUTRAL,WATCH,MEDIUM,778.65,,,False,Non actionable signal,,,,FILTERED,Non actionable signal,,0.0,0.0,83C0B887043B,,0,0.0,0.0,0.0,,,False,50.0,50.0,NEW,2026-08-09,17:22:28,2.3,COMPLETED,FILTERED
ABCAPITAL,424.2,0.66,37150400.0,0.52,,,,,,871100.0,-95.88,VOLUME_OI,VolumeAndOISpikesScans_25AUG26_Report_4_8_2026.xlsx,0,SELL,,Fresh Long Buildup,PAT:Fresh Long Buildup|SCR:|P:0.66|OI:0.52|VOL:-95.88|FUT:nan,PDNA_F930587D,60,MEDIUM,NEUTRAL,WATCH,MEDIUM,424.2,,,False,Non actionable signal,,,,FILTERED,Non actionable signal,,0.0,0.0,F930587DB6BA,,0,0.0,0.0,0.0,,,False,50.0,50.0,NEW,2026-08-09,17:22:28,2.3,COMPLETED,FILTERED
CIPLA,1462.1,0.08,8965375.0,0.05,,,,,,38250.0,-95.75,VOLUME_OI,VolumeAndOISpikesScans_25AUG26_Report_4_8_2026.xlsx,0,SELL,,Fresh Long Buildup,PAT:Fresh Long Buildup|SCR:|P:0.08|OI:0.05|VOL:-95.75|FUT:nan,PDNA_A53542C9,60,MEDIUM,NEUTRAL,WATCH,MEDIUM,1462.1,,,False,Non actionable signal,,,,FILTERED,Non actionable signal,,0.0,0.0,A53542C937CF,,0,0.0,0.0,0.0,,,False,50.0,50.0,NEW,2026-08-09,17:22:28,2.3,COMPLETED,FILTERED
ETERNAL,311.35,0.44,153934150.0,0.03,,,,,,970000.0,-96.06,VOLUME_OI,VolumeAndOISpikesScans_25AUG26_Report_4_8_2026.xlsx,0,SELL,,Fresh Long Buildup,PAT:Fresh Long Buildup|SCR:|P:0.44|OI:0.03|VOL:-96.06|FUT:nan,PDNA_AC459157,60,MEDIUM,NEUTRAL,WATCH,MEDIUM,311.35,,,False,Non actionable signal,,,,FILTERED,Non actionable signal,,0.0,0.0,AC4591573624,,0,0.0,0.0,0.0,,,False,50.0,50.0,NEW,2026-08-09,17:22:28,2.3,COMPLETED,FILTERED
NTPC,348.3,0.07,97990500.0,0.01,,,,,,189000.0,-94.11,VOLUME_OI,VolumeAndOISpikesScans_25AUG26_Report_4_8_2026.xlsx,0,SELL,,Fresh Long Buildup,PAT:Fresh Long Buildup|SCR:|P:0.07|OI:0.01|VOL:-94.11|FUT:nan,PDNA_7E90F4A0,60,MEDIUM,NEUTRAL,WATCH,MEDIUM,348.3,,,False,Non actionable signal,,,,FILTERED,Non actionable signal,,0.0,0.0,7E90F4A0A73A,,0,0.0,0.0,0.0,,,False,50.0,50.0,NEW,2026-08-09,17:22:28,2.3,COMPLETED,FILTERED
HAL,4687.8,0.32,5107050.0,0.13,,,,,,24450.0,-93.84,VOLUME_OI,VolumeAndOISpikesScans_25AUG26_Report_4_8_2026.xlsx,0,SELL,,Fresh Long Buildup,PAT:Fresh Long Buildup|SCR:|P:0.32|OI:0.13|VOL:-93.84|FUT:nan,PDNA_4C794A41,60,MEDIUM,NEUTRAL,WATCH,MEDIUM,4687.8,,,False,Non actionable signal,,,,FILTERED,Non actionable signal,,0.0,0.0,4C794A41D9CB,,0,0.0,0.0,0.0,,,False,50.0,50.0,NEW,2026-08-09,17:22:28,2.3,COMPLETED,FILTERED
POLICYBZR,1635.0,0.15,9158100.0,0.03,,,,,,31500.0,-94.61,VOLUME_OI,VolumeAndOISpikesScans_25AUG26_Report_4_8_2026.xlsx,0,SELL,,Fresh Long Buildup,PAT:Fresh Long Buildup|SCR:|P:0.15|OI:0.03|VOL:-94.61|FUT:nan,PDNA_3E79C918,60,MEDIUM,NEUTRAL,WATCH,MEDIUM,1635.0,,,False,Non actionable signal,,,,FILTERED,Non actionable signal,,0.0,0.0,3E79C918FCD2,,0,0.0,0.0,0.0,,,False,50.0,50.0,NEW,2026-08-09,17:22:28,2.3,COMPLETED,FILTERED
ANGELONE,302.0,0.22,27722500.0,0.24,,,,,,257500.0,-94.84,VOLUME_OI,VolumeAndOISpikesScans_25AUG26_Report_4_8_2026.xlsx,0,SELL,,Fresh Long Buildup,PAT:Fresh Long Buildup|SCR:|P:0.22|OI:0.24|VOL:-94.84|FUT:nan,PDNA_A6EDACD3,60,MEDIUM,NEUTRAL,WATCH,MEDIUM,302.0,,,False,Non actionable signal,,,,FILTERED,Non actionable signal,,0.0,0.0,A6EDACD32065,,0,0.0,0.0,0.0,,,False,50.0,50.0,NEW,2026-08-09,17:22:28,2.3,COMPLETED,FILTERED
SUPREMEIND,3556.0,0.52,2288125.0,0.08,,,,,,13300.0,-94.1,VOLUME_OI,VolumeAndOISpikesScans_25AUG26_Report_4_8_2026.xlsx,0,SELL,,Fresh Long Buildup,PAT:Fresh Long Buildup|SCR:|P:0.52|OI:0.08|VOL:-94.1|FUT:nan,PDNA_8FA4EE0F,60,MEDIUM,NEUTRAL,WATCH,MEDIUM,3556.0,,,False,Non actionable signal,,,,FILTERED,Non actionable signal,,0.0,0.0,8FA4EE0F79A3,,0,0.0,0.0,0.0,,,False,50.0,50.0,NEW,2026-08-09,17:22:28,2.3,COMPLETED,FILTERED
ADANIPOWER,213.52,0.35,155770450.0,0.06,,,,,,504100.0,-95.03,VOLUME_OI,VolumeAndOISpikesScans_25AUG26_Report_4_8_2026.xlsx,0,SELL,,Fresh Long Buildup,PAT:Fresh Long Buildup|SCR:|P:0.35|OI:0.06|VOL:-95.03|FUT:nan,PDNA_1CE7E337,60,MEDIUM,NEUTRAL,WATCH,MEDIUM,213.52,,,False,Non actionable signal,,,,FILTERED,Non actionable signal,,0.0,0.0,1CE7E337F1BB,,0,0.0,0.0,0.0,,,False,50.0,50.0,NEW,2026-08-09,17:22:28,2.3,COMPLETED,FILTERED
BANDHANBNK,173.33,0.27,132739200.0,0.06,,,,,,432000.0,-95.16,VOLUME_OI,VolumeAndOISpikesScans_25AUG26_Report_4_8_2026.xlsx,0,SELL,,Fresh Long Buildup,PAT:Fresh Long Buildup|SCR:|P:0.27|OI:0.06|VOL:-95.16|FUT:nan,PDNA_CD020D50,60,MEDIUM,NEUTRAL,WATCH,MEDIUM,173.33,,,False,Non actionable signal,,,,FILTERED,Non actionable signal,,0.0,0.0,CD020D505666,,0,0.0,0.0,0.0,,,False,50.0,50.0,NEW,2026-08-09,17:22:28,2.3,COMPLETED,FILTERED
BAJFINANCE,1152.0,0.39,55613250.0,0.2,,,,,,614250.0,-95.19,VOLUME_OI,VolumeAndOISpikesScans_25AUG26_Report_4_8_2026.xlsx,0,SELL,,Fresh Long Buildup,PAT:Fresh Long Buildup|SCR:|P:0.39|OI:0.2|VOL:-95.19|FUT:nan,PDNA_D10AEB5C,60,MEDIUM,NEUTRAL,WATCH,MEDIUM,1152.0,,,False,Non actionable signal,,,,FILTERED,Non actionable signal,,0.0,0.0,D10AEB5C740A,,0,0.0,0.0,0.0,,,False,50.0,50.0,NEW,2026-08-09,17:22:28,2.3,COMPLETED,FILTERED
KPITTECH,617.3,0.06,13178100.0,0.26,,,,,,213125.0,-95.43,VOLUME_OI,VolumeAndOISpikesScans_25AUG26_Report_4_8_2026.xlsx,0,SELL,,Fresh Long Buildup,PAT:Fresh Long Buildup|SCR:|P:0.06|OI:0.26|VOL:-95.43|FUT:nan,PDNA_3E2D8857,60,MEDIUM,NEUTRAL,WATCH,MEDIUM,617.3,,,False,Non actionable signal,,,,FILTERED,Non actionable signal,,0.0,0.0,3E2D8857BABE,,0,0.0,0.0,0.0,,,False,50.0,50.0,NEW,2026-08-09,17:22:28,2.3,COMPLETED,FILTERED
JINDALSTEL,1122.0,0.36,13537500.0,0.19,,,,,,105625.0,-94.99,VOLUME_OI,VolumeAndOISpikesScans_25AUG26_Report_4_8_2026.xlsx,0,SELL,,Fresh Long Buildup,PAT:Fresh Long Buildup|SCR:|P:0.36|OI:0.19|VOL:-94.99|FUT:nan,PDNA_DD00B5F5,60,MEDIUM,NEUTRAL,WATCH,MEDIUM,1122.0,,,False,Non actionable signal,,,,FILTERED,Non actionable signal,,0.0,0.0,DD00B5F5FCC5,,0,0.0,0.0,0.0,,,False,50.0,50.0,NEW,2026-08-09,17:22:28,2.3,COMPLETED,FILTERED
INDHOTEL,749.95,0.33,20803000.0,0.21,,,,,,130000.0,-94.97,VOLUME_OI,VolumeAndOISpikesScans_25AUG26_Report_4_8_2026.xlsx,0,SELL,,Fresh Long Buildup,PAT:Fresh Long Buildup|SCR:|P:0.33|OI:0.21|VOL:-94.97|FUT:nan,PDNA_99482F8F,60,MEDIUM,NEUTRAL,WATCH,MEDIUM,749.95,,,False,Non actionable signal,,,,FILTERED,Non actionable signal,,0.0,0.0,99482F8FF4FD,,0,0.0,0.0,0.0,,,False,50.0,50.0,NEW,2026-08-09,17:22:28,2.3,COMPLETED,FILTERED
SHRIRAMFIN,1085.8,0.5,26153325.0,0.61,,,,,,358050.0,-94.82,VOLUME_OI,VolumeAndOISpikesScans_25AUG26_Report_4_8_2026.xlsx,0,SELL,,Fresh Long Buildup,PAT:Fresh Long Buildup|SCR:|P:0.5|OI:0.61|VOL:-94.82|FUT:nan,PDNA_84F63FD4,60,MEDIUM,NEUTRAL,WATCH,MEDIUM,1085.8,,,False,Non actionable signal,,,,FILTERED,Non actionable signal,,0.0,0.0,84F63FD45E09,,0,0.0,0.0,0.0,,,False,50.0,50.0,NEW,2026-08-09,17:22:28,2.3,COMPLETED,FILTERED
AUROPHARMA,1556.1,0.41,10090850.0,0.07,,,,,,52250.0,-95.47,VOLUME_OI,VolumeAndOISpikesScans_25AUG26_Report_4_8_2026.xlsx,0,SELL,,Fresh Long Buildup,PAT:Fresh Long Buildup|SCR:|P:0.41|OI:0.07|VOL:-95.47|FUT:nan,PDNA_6447D987,60,MEDIUM,NEUTRAL,WATCH,MEDIUM,1556.1,,,False,Non actionable signal,,,,FILTERED,Non actionable signal,,0.0,0.0,6447D9875098,,0,0.0,0.0,0.0,,,False,50.0,50.0,NEW,2026-08-09,17:22:28,2.3,COMPLETED,FILTERED
JIOFIN,265.4,0.74,184369250.0,0.24,,,,,,3132550.0,-93.5,VOLUME_OI,VolumeAndOISpikesScans_25AUG26_Report_4_8_2026.xlsx,0,SELL,,Fresh Long Buildup,PAT:Fresh Long Buildup|SCR:|P:0.74|OI:0.24|VOL:-93.5|FUT:nan,PDNA_B7EBD0D3,60,MEDIUM,NEUTRAL,WATCH,MEDIUM,265.4,,,False,Non actionable signal,,,,FILTERED,Non actionable signal,,0.0,0.0,B7EBD0D35663,,0,0.0,0.0,0.0,,,False,50.0,50.0,NEW,2026-08-09,17:22:28,2.3,COMPLETED,FILTERED
PRESTIGE,1627.6,0.12,5105700.0,0.04,,,,,,35100.0,-94.15,VOLUME_OI,VolumeAndOISpikesScans_25AUG26_Report_4_8_2026.xlsx,0,SELL,,Fresh Long Buildup,PAT:Fresh Long Buildup|SCR:|P:0.12|OI:0.04|VOL:-94.15|FUT:nan,PDNA_EC9455C8,60,MEDIUM,NEUTRAL,WATCH,MEDIUM,1627.6,,,False,Non actionable signal,,,,FILTERED,Non actionable signal,,0.0,0.0,EC9455C8DE52,,0,0.0,0.0,0.0,,,False,50.0,50.0,NEW,2026-08-09,17:22:28,2.3,COMPLETED,FILTERED
INDIANB,846.45,0.12,12356000.0,0.26,,,,,,120000.0,-93.15,VOLUME_OI,VolumeAndOISpikesScans_25AUG26_Report_4_8_2026.xlsx,0,SELL,,Fresh Long Buildup,PAT:Fresh Long Buildup|SCR:|P:0.12|OI:0.26|VOL:-93.15|FUT:nan,PDNA_9181F44D,60,MEDIUM,NEUTRAL,WATCH,MEDIUM,846.45,,,False,Non actionable signal,,,,FILTERED,Non actionable signal,,0.0,0.0,9181F44D8A95,,0,0.0,0.0,0.0,,,False,50.0,50.0,NEW,2026-08-09,17:22:28,2.3,COMPLETED,FILTERED
COCHINSHIP,1447.0,0.08,5354800.0,0.09,,,,,,57200.0,-93.05,VOLUME_OI,VolumeAndOISpikesScans_25AUG26_Report_4_8_2026.xlsx,0,SELL,,Fresh Long Buildup,PAT:Fresh Long Buildup|SCR:|P:0.08|OI:0.09|VOL:-93.05|FUT:nan,PDNA_E9726439,60,MEDIUM,NEUTRAL,WATCH,MEDIUM,1447.0,,,False,Non actionable signal,,,,FILTERED,Non actionable signal,,0.0,0.0,E972643972E7,,0,0.0,0.0,0.0,,,False,50.0,50.0,NEW,2026-08-09,17:22:28,2.3,COMPLETED,FILTERED
MAZDOCK,2396.0,0.27,5065200.0,0.01,,,,,,27450.0,-93.38,VOLUME_OI,VolumeAndOISpikesScans_25AUG26_Report_4_8_2026.xlsx,0,SELL,,Fresh Long Buildup,PAT:Fresh Long Buildup|SCR:|P:0.27|OI:0.01|VOL:-93.38|FUT:nan,PDNA_4D296A1F,60,MEDIUM,NEUTRAL,WATCH,MEDIUM,2396.0,,,False,Non actionable signal,,,,FILTERED,Non actionable signal,,0.0,0.0,4D296A1FE3F4,,0,0.0,0.0,0.0,,,False,50.0,50.0,NEW,2026-08-09,17:22:28,2.3,COMPLETED,FILTERED
BHEL,411.9,0.54,80498250.0,0.11,,,,,,414750.0,-93.22,VOLUME_OI,VolumeAndOISpikesScans_25AUG26_Report_4_8_2026.xlsx,0,SELL,,Fresh Long Buildup,PAT:Fresh Long Buildup|SCR:|P:0.54|OI:0.11|VOL:-93.22|FUT:nan,PDNA_DE32B13B,60,MEDIUM,NEUTRAL,WATCH,MEDIUM,411.9,,,False,Non actionable signal,,,,FILTERED,Non actionable signal,,0.0,0.0,DE32B13B1B97,,0,0.0,0.0,0.0,,,False,50.0,50.0,NEW,2026-08-09,17:22:28,2.3,COMPLETED,FILTERED
BANKNIFTY,57925.0,0.11,2100780.0,0.05,,,,,,44820.0,-93.21,VOLUME_OI,VolumeAndOISpikesScans_25AUG26_Report_4_8_2026.xlsx,0,SELL,,Fresh Long Buildup,PAT:Fresh Long Buildup|SCR:|P:0.11|OI:0.05|VOL:-93.21|FUT:nan,PDNA_E015A593,60,MEDIUM,NEUTRAL,WATCH,MEDIUM,57925.0,,,False,Non actionable signal,,,,FILTERED,Non actionable signal,,0.0,0.0,E015A5932CFC,,0,0.0,0.0,0.0,,,False,50.0,50.0,NEW,2026-08-09,17:22:28,2.3,COMPLETED,FILTERED
VOLTAS,1346.7,0.7,7014750.0,0.03,,,,,,48375.0,-93.17,VOLUME_OI,VolumeAndOISpikesScans_25AUG26_Report_4_8_2026.xlsx,0,SELL,,Fresh Long Buildup,PAT:Fresh Long Buildup|SCR:|P:0.7|OI:0.03|VOL:-93.17|FUT:nan,PDNA_47B061B2,60,MEDIUM,NEUTRAL,WATCH,MEDIUM,1346.7,,,False,Non actionable signal,,,,FILTERED,Non actionable signal,,0.0,0.0,47B061B21879,,0,0.0,0.0,0.0,,,False,50.0,50.0,NEW,2026-08-09,17:22:28,2.3,COMPLETED,FILTERED
UNIONBANK,174.1,0.17,118811250.0,0.12,,,,,,774375.0,-92.74,VOLUME_OI,VolumeAndOISpikesScans_25AUG26_Report_4_8_2026.xlsx,0,SELL,,Fresh Long Buildup,PAT:Fresh Long Buildup|SCR:|P:0.17|OI:0.12|VOL:-92.74|FUT:nan,PDNA_24871FCE,60,MEDIUM,NEUTRAL,WATCH,MEDIUM,174.1,,,False,Non actionable signal,,,,FILTERED,Non actionable signal,,0.0,0.0,24871FCE3D50,,0,0.0,0.0,0.0,,,False,50.0,50.0,NEW,2026-08-09,17:22:28,2.3,COMPLETED,FILTERED
360ONE,1157.0,0.41,4104500.0,0.06,,,,,,27000.0,-92.86,VOLUME_OI,VolumeAndOISpikesScans_25AUG26_Report_4_8_2026.xlsx,0,SELL,,Fresh Long Buildup,PAT:Fresh Long Buildup|SCR:|P:0.41|OI:0.06|VOL:-92.86|FUT:nan,PDNA_FAF816B0,60,MEDIUM,NEUTRAL,WATCH,MEDIUM,1157.0,,,False,Non actionable signal,,,,FILTERED,Non actionable signal,,0.0,0.0,FAF816B081EA,,0,0.0,0.0,0.0,,,False,50.0,50.0,NEW,2026-08-09,17:22:28,2.3,COMPLETED,FILTERED
JSWSTEEL,1285.1,0.14,39600225.0,0.02,,,,,,207225.0,-92.42,VOLUME_OI,VolumeAndOISpikesScans_25AUG26_Report_4_8_2026.xlsx,0,SELL,,Fresh Long Buildup,PAT:Fresh Long Buildup|SCR:|P:0.14|OI:0.02|VOL:-92.42|FUT:nan,PDNA_183B2A73,60,MEDIUM,NEUTRAL,WATCH,MEDIUM,1285.1,,,False,Non actionable signal,,,,FILTERED,Non actionable signal,,0.0,0.0,183B2A73FB8B,,0,0.0,0.0,0.0,,,False,50.0,50.0,NEW,2026-08-09,17:22:28,2.3,COMPLETED,FILTERED
ICICIBANK,1450.5,0.23,104451900.0,0.08,,,,,,434000.0,-92.58,VOLUME_OI,VolumeAndOISpikesScans_25AUG26_Report_4_8_2026.xlsx,0,SELL,,Fresh Long Buildup,PAT:Fresh Long Buildup|SCR:|P:0.23|OI:0.08|VOL:-92.58|FUT:nan,PDNA_B7CC6085,60,MEDIUM,NEUTRAL,WATCH,MEDIUM,1450.5,,,False,Non actionable signal,,,,FILTERED,Non actionable signal,,0.0,0.0,B7CC60853477,,0,0.0,0.0,0.0,,,False,50.0,50.0,NEW,2026-08-09,17:22:28,2.3,COMPLETED,FILTERED
CUMMINSIND,5555.5,0.53,3949800.0,0.13,,,,,,21000.0,-91.88,VOLUME_OI,VolumeAndOISpikesScans_25AUG26_Report_4_8_2026.xlsx,0,SELL,,Fresh Long Buildup,PAT:Fresh Long Buildup|SCR:|P:0.53|OI:0.13|VOL:-91.88|FUT:nan,PDNA_E44DB5AC,60,MEDIUM,NEUTRAL,WATCH,MEDIUM,5555.5,,,False,Non actionable signal,,,,FILTERED,Non actionable signal,,0.0,0.0,E44DB5ACEA31,,0,0.0,0.0,0.0,,,False,50.0,50.0,NEW,2026-08-09,17:22:28,2.3,COMPLETED,FILTERED
SENSEX,78999.0,0.04,38560.0,1.0,,,,,,1320.0,-91.97,VOLUME_OI,VolumeAndOISpikesScans_25AUG26_Report_4_8_2026.xlsx,0,SELL,,Fresh Long Buildup,PAT:Fresh Long Buildup|SCR:|P:0.04|OI:1.0|VOL:-91.97|FUT:nan,PDNA_79DA45A6,60,MEDIUM,NEUTRAL,WATCH,MEDIUM,78999.0,,,False,Non actionable signal,,,,FILTERED,Non actionable signal,,0.0,0.0,79DA45A61997,,0,0.0,0.0,0.0,,,False,50.0,50.0,NEW,2026-08-09,17:22:28,2.3,COMPLETED,FILTERED
PIIND,2829.2,0.21,2722825.0,0.61,,,,,,37625.0,-91.38,VOLUME_OI,VolumeAndOISpikesScans_25AUG26_Report_4_8_2026.xlsx,0,SELL,,Fresh Long Buildup,PAT:Fresh Long Buildup|SCR:|P:0.21|OI:0.61|VOL:-91.38|FUT:nan,PDNA_45FEA4EC,60,MEDIUM,NEUTRAL,WATCH,MEDIUM,2829.2,,,False,Non actionable signal,,,,FILTERED,Non actionable signal,,0.0,0.0,45FEA4EC6BB4,,0,0.0,0.0,0.0,,,False,50.0,50.0,NEW,2026-08-09,17:22:28,2.3,COMPLETED,FILTERED
OFSS,11529.0,0.22,1289500.0,0.2,,,,,,13800.0,-91.55,VOLUME_OI,VolumeAndOISpikesScans_25AUG26_Report_4_8_2026.xlsx,0,SELL,,Fresh Long Buildup,PAT:Fresh Long Buildup|SCR:|P:0.22|OI:0.2|VOL:-91.55|FUT:nan,PDNA_F617D387,60,MEDIUM,NEUTRAL,WATCH,MEDIUM,11529.0,,,False,Non actionable signal,,,,FILTERED,Non actionable signal,,0.0,0.0,F617D3873F6B,,0,0.0,0.0,0.0,,,False,50.0,50.0,NEW,2026-08-09,17:22:28,2.3,COMPLETED,FILTERED
ASIANPAINT,2803.5,0.43,7433000.0,0.02,,,,,,37250.0,-96.25,VOLUME_OI,VolumeAndOISpikesScans_25AUG26_Report_4_8_2026.xlsx,0,SELL,,Fresh Long Buildup,PAT:Fresh Long Buildup|SCR:|P:0.43|OI:0.02|VOL:-96.25|FUT:nan,PDNA_EBC40446,60,MEDIUM,NEUTRAL,WATCH,MEDIUM,2803.5,,,False,Non actionable signal,,,,FILTERED,Non actionable signal,,0.0,0.0,EBC404469870,,0,0.0,0.0,0.0,,,False,50.0,50.0,NEW,2026-08-09,17:22:28,2.3,COMPLETED,FILTERED
INDIGO,5438.5,0.43,5497350.0,0.16,,,,,,43350.0,-96.64,VOLUME_OI,VolumeAndOISpikesScans_25AUG26_Report_4_8_2026.xlsx,0,SELL,,Fresh Long Buildup,PAT:Fresh Long Buildup|SCR:|P:0.43|OI:0.16|VOL:-96.64|FUT:nan,PDNA_64CAF48D,60,MEDIUM,NEUTRAL,WATCH,MEDIUM,5438.5,,,False,Non actionable signal,,,,FILTERED,Non actionable signal,,0.0,0.0,64CAF48DFF6C,,0,0.0,0.0,0.0,,,False,50.0,50.0,NEW,2026-08-09,17:22:28,2.3,COMPLETED,FILTERED
SOLARINDS,18661.0,0.19,800650.0,0.05,,,,,,1700.0,-96.86,VOLUME_OI,VolumeAndOISpikesScans_25AUG26_Report_4_8_2026.xlsx,0,SELL,,Fresh Long Buildup,PAT:Fresh Long Buildup|SCR:|P:0.19|OI:0.05|VOL:-96.86|FUT:nan,PDNA_C3CBEBE4,60,MEDIUM,NEUTRAL,WATCH,MEDIUM,18661.0,,,False,Non actionable signal,,,,FILTERED,Non actionable signal,,0.0,0.0,C3CBEBE43B1D,,0,0.0,0.0,0.0,,,False,50.0,50.0,NEW,2026-08-09,17:22:28,2.3,COMPLETED,FILTERED
ZYDUSLIFE,1121.9,0.35,10007100.0,-0.09,,,,,,77400.0,-96.53,VOLUME_OI,VolumeAndOISpikesScans_25AUG26_Report_4_8_2026.xlsx,0,SELL,,Short Covering,PAT:Short Covering|SCR:|P:0.35|OI:-0.09|VOL:-96.53|FUT:nan,PDNA_C05E4111,55,MEDIUM,NEUTRAL,WATCH,HIGH,1121.9,,,False,Non actionable signal,,,,FILTERED,Non actionable signal,,0.0,0.0,C05E4111E2E8,,0,0.0,0.0,0.0,,,False,50.0,50.0,NEW,2026-08-09,17:22:28,2.3,COMPLETED,FILTERED
SUNPHARMA,1965.4,0.55,13894300.0,-0.05,,,,,,57400.0,-97.99,VOLUME_OI,VolumeAndOISpikesScans_25AUG26_Report_4_8_2026.xlsx,0,SELL,,Short Covering,PAT:Short Covering|SCR:|P:0.55|OI:-0.05|VOL:-97.99|FUT:nan,PDNA_8DE8F90A,55,MEDIUM,NEUTRAL,WATCH,HIGH,1965.4,,,False,Non actionable signal,,,,FILTERED,Non actionable signal,,0.0,0.0,8DE8F90A01AA,,0,0.0,0.0,0.0,,,False,50.0,50.0,NEW,2026-08-09,17:22:28,2.3,COMPLETED,FILTERED
AMBER,7491.0,0.19,1235700.0,-0.02,,,,,,8900.0,-95.99,VOLUME_OI,VolumeAndOISpikesScans_25AUG26_Report_4_8_2026.xlsx,0,SELL,,Short Covering,PAT:Short Covering|SCR:|P:0.19|OI:-0.02|VOL:-95.99|FUT:nan,PDNA_C301CC7B,55,MEDIUM,NEUTRAL,WATCH,HIGH,7491.0,,,False,Non actionable signal,,,,FILTERED,Non actionable signal,,0.0,0.0,C301CC7B1EF4,,0,0.0,0.0,0.0,,,False,50.0,50.0,NEW,2026-08-09,17:22:28,2.3,COMPLETED,FILTERED
CGPOWER,869.4,1.48,20254650.0,-0.06,,,,,,469200.0,-85.26,VOLUME_OI,VolumeAndOISpikesScans_25AUG26_Report_4_8_2026.xlsx,20,SELL,Positive Price Momentum,Short Covering,PAT:Short Covering|SCR:|P:1.48|OI:-0.06|VOL:-85.26|FUT:nan,PDNA_7E8F55E2,55,MEDIUM,NEUTRAL,WATCH,HIGH,869.4,,,False,Non actionable signal,,,,FILTERED,Non actionable signal,,0.0,0.0,7E8F55E225E1,,0,0.0,0.0,0.0,,,False,50.0,50.0,NEW,2026-08-09,17:22:28,2.3,COMPLETED,FILTERED
TATASTEEL,192.5,1.12,169372500.0,-0.12,,,,,,2398000.0,-88.63,VOLUME_OI,VolumeAndOISpikesScans_25AUG26_Report_4_8_2026.xlsx,20,SELL,Positive Price Momentum,Short Covering,PAT:Short Covering|SCR:|P:1.12|OI:-0.12|VOL:-88.63|FUT:nan,PDNA_8ED1EA9D,55,MEDIUM,NEUTRAL,WATCH,HIGH,192.5,,,False,Non actionable signal,,,,FILTERED,Non actionable signal,,0.0,0.0,8ED1EA9D4226,,0,0.0,0.0,0.0,,,False,50.0,50.0,NEW,2026-08-09,17:22:28,2.3,COMPLETED,FILTERED
TIINDIA,2804.9,2.04,2208800.0,-0.06,,,,,,20600.0,-90.65,VOLUME_OI,VolumeAndOISpikesScans_25AUG26_Report_4_8_2026.xlsx,20,SELL,Positive Price Momentum,Short Covering,PAT:Short Covering|SCR:|P:2.04|OI:-0.06|VOL:-90.65|FUT:nan,PDNA_DD1C30B0,55,MEDIUM,NEUTRAL,WATCH,HIGH,2804.9,,,False,Non actionable signal,,,,FILTERED,Non actionable signal,,0.0,0.0,DD1C30B0B81F,,0,0.0,0.0,0.0,,,False,50.0,50.0,NEW,2026-08-09,17:22:28,2.3,COMPLETED,FILTERED
ABB,7689.5,1.5,2160000.0,-0.02,,,,,,103375.0,-94.41,VOLUME_OI,VolumeAndOISpikesScans_25AUG26_Report_4_8_2026.xlsx,20,SELL,Positive Price Momentum,Short Covering,PAT:Short Covering|SCR:|P:1.5|OI:-0.02|VOL:-94.41|FUT:nan,PDNA_F38C7FF6,55,MEDIUM,NEUTRAL,WATCH,HIGH,7689.5,,,False,Non actionable signal,,,,FILTERED,Non actionable signal,,0.0,0.0,F38C7FF6ED5A,,0,0.0,0.0,0.0,,,False,50.0,50.0,NEW,2026-08-09,17:22:28,2.3,COMPLETED,FILTERED
MCX,2658.8,1.09,7548750.0,-0.04,,,,,,168975.0,-91.81,VOLUME_OI,VolumeAndOISpikesScans_25AUG26_Report_4_8_2026.xlsx,20,SELL,Positive Price Momentum,Short Covering,PAT:Short Covering|SCR:|P:1.09|OI:-0.04|VOL:-91.81|FUT:nan,PDNA_FBA583A4,55,MEDIUM,NEUTRAL,WATCH,HIGH,2658.8,,,False,Non actionable signal,,,,FILTERED,Non actionable signal,,0.0,0.0,FBA583A4C511,,0,0.0,0.0,0.0,,,False,50.0,50.0,NEW,2026-08-09,17:22:28,2.3,COMPLETED,FILTERED
APLAPOLLO,1968.0,1.22,5626950.0,-0.43,,,,,,189000.0,-95.92,VOLUME_OI,VolumeAndOISpikesScans_25AUG26_Report_4_8_2026.xlsx,20,SELL,Positive Price Momentum,Short Covering,PAT:Short Covering|SCR:|P:1.22|OI:-0.43|VOL:-95.92|FUT:nan,PDNA_130254EE,55,MEDIUM,NEUTRAL,WATCH,HIGH,1968.0,,,False,Non actionable signal,,,,FILTERED,Non actionable signal,,0.0,0.0,130254EE96F1,,0,0.0,0.0,0.0,,,False,50.0,50.0,NEW,2026-08-09,17:22:28,2.3,COMPLETED,FILTERED
ADANIENT,3090.4,0.56,15674025.0,-0.21,,,,,,165006.0,-87.02,VOLUME_OI,VolumeAndOISpikesScans_25AUG26_Report_4_8_2026.xlsx,0,SELL,,Short Covering,PAT:Short Covering|SCR:|P:0.56|OI:-0.21|VOL:-87.02|FUT:nan,PDNA_65E57129,55,MEDIUM,NEUTRAL,WATCH,HIGH,3090.4,,,False,Non actionable signal,,,,FILTERED,Non actionable signal,,0.0,0.0,65E57129E2BE,,0,0.0,0.0,0.0,,,False,50.0,50.0,NEW,2026-08-09,17:22:28,2.3,COMPLETED,FILTERED
ADANIGREEN,1410.4,0.76,26577000.0,-0.25,,,,,,306000.0,-89.21,VOLUME_OI,VolumeAndOISpikesScans_25AUG26_Report_4_8_2026.xlsx,0,SELL,,Short Covering,PAT:Short Covering|SCR:|P:0.76|OI:-0.25|VOL:-89.21|FUT:nan,PDNA_D9F8BB5D,55,MEDIUM,NEUTRAL,WATCH,HIGH,1410.4,,,False,Non actionable signal,,,,FILTERED,Non actionable signal,,0.0,0.0,D9F8BB5DB0BF,,0,0.0,0.0,0.0,,,False,50.0,50.0,NEW,2026-08-09,17:22:28,2.3,COMPLETED,FILTERED
ONGC,241.92,0.67,56121750.0,-0.01,,,,,,704250.0,-90.35,VOLUME_OI,VolumeAndOISpikesScans_25AUG26_Report_4_8_2026.xlsx,0,SELL,,Short Covering,PAT:Short Covering|SCR:|P:0.67|OI:-0.01|VOL:-90.35|FUT:nan,PDNA_FC968D36,55,MEDIUM,NEUTRAL,WATCH,HIGH,241.92,,,False,Non actionable signal,,,,FILTERED,Non actionable signal,,0.0,0.0,FC968D368F80,,0,0.0,0.0,0.0,,,False,50.0,50.0,NEW,2026-08-09,17:22:28,2.3,COMPLETED,FILTERED
INDUSINDBK,1019.9,0.3,33704300.0,-0.05,,,,,,120400.0,-91.05,VOLUME_OI,VolumeAndOISpikesScans_25AUG26_Report_4_8_2026.xlsx,0,SELL,,Short Covering,PAT:Short Covering|SCR:|P:0.3|OI:-0.05|VOL:-91.05|FUT:nan,PDNA_599CAE18,55,MEDIUM,NEUTRAL,WATCH,HIGH,1019.9,,,False,Non actionable signal,,,,FILTERED,Non actionable signal,,0.0,0.0,599CAE1807CE,,0,0.0,0.0,0.0,,,False,50.0,50.0,NEW,2026-08-09,17:22:28,2.3,COMPLETED,FILTERED
PREMIERENE,1058.2,2.56,7415200.0,-0.34,,,,,,260000.0,-62.51,VOLUME_OI,VolumeAndOISpikesScans_25AUG26_Report_4_8_2026.xlsx,20,SELL,Positive Price Momentum,Short Covering,PAT:Short Covering|SCR:|P:2.56|OI:-0.34|VOL:-62.51|FUT:nan,PDNA_ED075215,55,MEDIUM,NEUTRAL,WATCH,HIGH,1058.2,,,False,Non actionable signal,,,,FILTERED,Non actionable signal,,0.0,0.0,ED075215D7FF,,0,0.0,0.0,0.0,,,False,50.0,50.0,NEW,2026-08-09,17:22:28,2.3,COMPLETED,FILTERED
HINDZINC,557.85,1.55,29707475.0,-0.1,,,,,,617400.0,-83.82,VOLUME_OI,VolumeAndOISpikesScans_25AUG26_Report_4_8_2026.xlsx,20,SELL,Positive Price Momentum,Short Covering,PAT:Short Covering|SCR:|P:1.55|OI:-0.1|VOL:-83.82|FUT:nan,PDNA_7A65E1CC,55,MEDIUM,NEUTRAL,WATCH,HIGH,557.85,,,False,Non actionable signal,,,,FILTERED,Non actionable signal,,0.0,0.0,7A65E1CCDFF1,,0,0.0,0.0,0.0,,,False,50.0,50.0,NEW,2026-08-09,17:22:28,2.3,COMPLETED,FILTERED
POLYCAB,9250.0,1.92,2254625.0,-1.0,,,,,,125250.0,-39.53,VOLUME_OI,VolumeAndOISpikesScans_25AUG26_Report_4_8_2026.xlsx,20,SELL,Positive Price Momentum,Short Covering,PAT:Short Covering|SCR:|P:1.92|OI:-1.0|VOL:-39.53|FUT:nan,PDNA_104BBACD,55,MEDIUM,NEUTRAL,WATCH,HIGH,9250.0,,,False,Non actionable signal,,,,FILTERED,Non actionable signal,,0.0,0.0,104BBACD3E0F,,0,0.0,0.0,0.0,,,False,50.0,50.0,NEW,2026-08-09,17:22:28,2.3,COMPLETED,FILTERED
IEX,129.25,0.97,73075650.0,-0.34,,,,,,1052700.0,-96.35,VOLUME_OI,VolumeAndOISpikesScans_25AUG26_Report_4_8_2026.xlsx,0,SELL,,Short Covering,PAT:Short Covering|SCR:|P:0.97|OI:-0.34|VOL:-96.35|FUT:nan,PDNA_1C564B7C,55,MEDIUM,NEUTRAL,WATCH,HIGH,129.25,,,False,Non actionable signal,,,,FILTERED,Non actionable signal,,0.0,0.0,1C564B7C9F7C,,0,0.0,0.0,0.0,,,False,50.0,50.0,NEW,2026-08-09,17:22:28,2.3,COMPLETED,FILTERED
COALINDIA,417.35,0.57,79035750.0,-0.02,,,,,,274050.0,-95.93,VOLUME_OI,VolumeAndOISpikesScans_25AUG26_Report_4_8_2026.xlsx,0,SELL,,Short Covering,PAT:Short Covering|SCR:|P:0.57|OI:-0.02|VOL:-95.93|FUT:nan,PDNA_9AA072AD,55,MEDIUM,NEUTRAL,WATCH,HIGH,417.35,,,False,Non actionable signal,,,,FILTERED,Non actionable signal,,0.0,0.0,9AA072AD0680,,0,0.0,0.0,0.0,,,False,50.0,50.0,NEW,2026-08-09,17:22:28,2.3,COMPLETED,FILTERED
SAIL,171.87,0.93,178990100.0,-0.22,,,,,,1931700.0,-75.91,VOLUME_OI,VolumeAndOISpikesScans_25AUG26_Report_4_8_2026.xlsx,0,SELL,,Short Covering,PAT:Short Covering|SCR:|P:0.93|OI:-0.22|VOL:-75.91|FUT:nan,PDNA_23C21E0C,55,MEDIUM,NEUTRAL,WATCH,HIGH,171.87,,,False,Non actionable signal,,,,FILTERED,Non actionable signal,,0.0,0.0,23C21E0C03DE,,0,0.0,0.0,0.0,,,False,50.0,50.0,NEW,2026-08-09,17:22:28,2.3,COMPLETED,FILTERED
ADANIENSOL,1658.8,0.49,19413000.0,-0.07,,,,,,49275.0,-97.06,VOLUME_OI,VolumeAndOISpikesScans_25AUG26_Report_4_8_2026.xlsx,0,SELL,,Short Covering,PAT:Short Covering|SCR:|P:0.49|OI:-0.07|VOL:-97.06|FUT:nan,PDNA_BB2647E0,55,MEDIUM,NEUTRAL,WATCH,HIGH,1658.8,,,False,Non actionable signal,,,,FILTERED,Non actionable signal,,0.0,0.0,BB2647E01C78,,0,0.0,0.0,0.0,,,False,50.0,50.0,NEW,2026-08-09,17:22:28,2.3,COMPLETED,FILTERED
MANAPPURAM,365.95,0.32,60897000.0,-0.06,,,,,,654000.0,-97.18,VOLUME_OI,VolumeAndOISpikesScans_25AUG26_Report_4_8_2026.xlsx,0,SELL,,Short Covering,PAT:Short Covering|SCR:|P:0.32|OI:-0.06|VOL:-97.18|FUT:nan,PDNA_2FAA691F,55,MEDIUM,NEUTRAL,WATCH,HIGH,365.95,,,False,Non actionable signal,,,,FILTERED,Non actionable signal,,0.0,0.0,2FAA691FF2DD,,0,0.0,0.0,0.0,,,False,50.0,50.0,NEW,2026-08-09,17:22:28,2.3,COMPLETED,FILTERED
HAVELLS,1293.0,0.7,9179500.0,-0.06,,,,,,93500.0,-92.71,VOLUME_OI,VolumeAndOISpikesScans_25AUG26_Report_4_8_2026.xlsx,0,SELL,,Short Covering,PAT:Short Covering|SCR:|P:0.7|OI:-0.06|VOL:-92.71|FUT:nan,PDNA_CF199E1E,55,MEDIUM,NEUTRAL,WATCH,HIGH,1293.0,,,False,Non actionable signal,,,,FILTERED,Non actionable signal,,0.0,0.0,CF199E1EB66F,,0,0.0,0.0,0.0,,,False,50.0,50.0,NEW,2026-08-09,17:22:28,2.3,COMPLETED,FILTERED
JSWENERGY,567.55,0.1,24666950.0,-0.07,,,,,,151575.0,-91.7,VOLUME_OI,VolumeAndOISpikesScans_25AUG26_Report_4_8_2026.xlsx,0,SELL,,Short Covering,PAT:Short Covering|SCR:|P:0.1|OI:-0.07|VOL:-91.7|FUT:nan,PDNA_5C772B98,55,MEDIUM,NEUTRAL,WATCH,HIGH,567.55,,,False,Non actionable signal,,,,FILTERED,Non actionable signal,,0.0,0.0,5C772B986106,,0,0.0,0.0,0.0,,,False,50.0,50.0,NEW,2026-08-09,17:22:28,2.3,COMPLETED,FILTERED
NIFTY,24659.0,0.04,11879270.0,-0.15,,,,,,243880.0,-92.35,VOLUME_OI,VolumeAndOISpikesScans_25AUG26_Report_4_8_2026.xlsx,0,SELL,,Short Covering,PAT:Short Covering|SCR:|P:0.04|OI:-0.15|VOL:-92.35|FUT:nan,PDNA_E4E6D88D,55,MEDIUM,NEUTRAL,WATCH,HIGH,24659.0,,,False,Non actionable signal,,,,FILTERED,Non actionable signal,,0.0,0.0,E4E6D88D98A7,,0,0.0,0.0,0.0,,,False,50.0,50.0,NEW,2026-08-09,17:22:28,2.3,COMPLETED,FILTERED
FINNIFTY,26895.9,0.14,32160.0,-0.19,,,,,,780.0,-93.75,VOLUME_OI,VolumeAndOISpikesScans_25AUG26_Report_4_8_2026.xlsx,0,SELL,,Short Covering,PAT:Short Covering|SCR:|P:0.14|OI:-0.19|VOL:-93.75|FUT:nan,PDNA_5627FF70,55,MEDIUM,NEUTRAL,WATCH,HIGH,26895.9,,,False,Non actionable signal,,,,FILTERED,Non actionable signal,,0.0,0.0,5627FF704FB5,,0,0.0,0.0,0.0,,,False,50.0,50.0,NEW,2026-08-09,17:22:28,2.3,COMPLETED,FILTERED
LUPIN,2393.9,0.32,6401350.0,-0.08,,,,,,29750.0,-97.54,VOLUME_OI,VolumeAndOISpikesScans_25AUG26_Report_4_8_2026.xlsx,0,SELL,,Short Covering,PAT:Short Covering|SCR:|P:0.32|OI:-0.08|VOL:-97.54|FUT:nan,PDNA_EFB64925,55,MEDIUM,NEUTRAL,WATCH,HIGH,2393.9,,,False,Non actionable signal,,,,FILTERED,Non actionable signal,,0.0,0.0,EFB649255A35,,0,0.0,0.0,0.0,,,False,50.0,50.0,NEW,2026-08-09,17:22:28,2.3,COMPLETED,FILTERED
LODHA,1241.5,0.83,11790625.0,-0.14,,,,,,118125.0,-93.31,VOLUME_OI,VolumeAndOISpikesScans_25AUG26_Report_4_8_2026.xlsx,0,SELL,,Short Covering,PAT:Short Covering|SCR:|P:0.83|OI:-0.14|VOL:-93.31|FUT:nan,PDNA_1FC4DD20,55,MEDIUM,NEUTRAL,WATCH,HIGH,1241.5,,,False,Non actionable signal,,,,FILTERED,Non actionable signal,,0.0,0.0,1FC4DD207D21,,0,0.0,0.0,0.0,,,False,50.0,50.0,NEW,2026-08-09,17:22:28,2.3,COMPLETED,FILTERED
BDL,1254.5,0.38,7121725.0,-0.13,,,,,,57375.0,-91.93,VOLUME_OI,VolumeAndOISpikesScans_25AUG26_Report_4_8_2026.xlsx,0,SELL,,Short Covering,PAT:Short Covering|SCR:|P:0.38|OI:-0.13|VOL:-91.93|FUT:nan,PDNA_7FD986E9,55,MEDIUM,NEUTRAL,WATCH,HIGH,1254.5,,,False,Non actionable signal,,,,FILTERED,Non actionable signal,,0.0,0.0,7FD986E969FE,,0,0.0,0.0,0.0,,,False,50.0,50.0,NEW,2026-08-09,17:22:28,2.3,COMPLETED,FILTERED
APOLLOHOSP,8852.5,0.36,1924500.0,-0.1,,,,,,21125.0,-91.36,VOLUME_OI,VolumeAndOISpikesScans_25AUG26_Report_4_8_2026.xlsx,0,SELL,,Short Covering,PAT:Short Covering|SCR:|P:0.36|OI:-0.1|VOL:-91.36|FUT:nan,PDNA_7E654470,55,MEDIUM,NEUTRAL,WATCH,HIGH,8852.5,,,False,Non actionable signal,,,,FILTERED,Non actionable signal,,0.0,0.0,7E654470FF36,,0,0.0,0.0,0.0,,,False,50.0,50.0,NEW,2026-08-09,17:22:28,2.3,COMPLETED,FILTERED
WAAREEENER,2683.3,0.9,7675325.0,-0.04,,,,,,41300.0,-88.87,VOLUME_OI,VolumeAndOISpikesScans_25AUG26_Report_4_8_2026.xlsx,0,SELL,,Short Covering,PAT:Short Covering|SCR:|P:0.9|OI:-0.04|VOL:-88.87|FUT:nan,PDNA_47FD94CF,55,MEDIUM,NEUTRAL,WATCH,HIGH,2683.3,,,False,Non actionable signal,,,,FILTERED,Non actionable signal,,0.0,0.0,47FD94CFD6C0,,0,0.0,0.0,0.0,,,False,50.0,50.0,NEW,2026-08-09,17:22:28,2.3,COMPLETED,FILTERED
TRENT,3082.0,0.94,10647900.0,-0.13,,,,,,69975.0,-89.16,VOLUME_OI,VolumeAndOISpikesScans_25AUG26_Report_4_8_2026.xlsx,0,SELL,,Short Covering,PAT:Short Covering|SCR:|P:0.94|OI:-0.13|VOL:-89.16|FUT:nan,PDNA_0FD86F44,55,MEDIUM,NEUTRAL,WATCH,HIGH,3082.0,,,False,Non actionable signal,,,,FILTERED,Non actionable signal,,0.0,0.0,0FD86F44D635,,0,0.0,0.0,0.0,,,False,50.0,50.0,NEW,2026-08-09,17:22:28,2.3,COMPLETED,FILTERED
YESBANK,22.94,0.13,1180742600.0,-0.04,,,,,,5007100.0,-89.69,VOLUME_OI,VolumeAndOISpikesScans_25AUG26_Report_4_8_2026.xlsx,0,SELL,,Short Covering,PAT:Short Covering|SCR:|P:0.13|OI:-0.04|VOL:-89.69|FUT:nan,PDNA_06DBCEEA,55,MEDIUM,NEUTRAL,WATCH,HIGH,22.94,,,False,Non actionable signal,,,,FILTERED,Non actionable signal,,0.0,0.0,06DBCEEA1A6B,,0,0.0,0.0,0.0,,,False,50.0,50.0,NEW,2026-08-09,17:22:28,2.3,COMPLETED,FILTERED
MOTILALOFS,874.95,0.41,7025375.0,-0.13,,,,,,92225.0,-91.13,VOLUME_OI,VolumeAndOISpikesScans_25AUG26_Report_4_8_2026.xlsx,0,SELL,,Short Covering,PAT:Short Covering|SCR:|P:0.41|OI:-0.13|VOL:-91.13|FUT:nan,PDNA_642D06C5,55,MEDIUM,NEUTRAL,WATCH,HIGH,874.95,,,False,Non actionable signal,,,,FILTERED,Non actionable signal,,0.0,0.0,642D06C5BAB7,,0,0.0,0.0,0.0,,,False,50.0,50.0,NEW,2026-08-09,17:22:28,2.3,COMPLETED,FILTERED
BANKEX,,,,,,,,,,,,VOLUME_OI,VolumeAndOISpikesScans_25AUG26_Report_4_8_2026.xlsx,0,SELL,,Neutral,PAT:Neutral|SCR:|P:nan|OI:nan|VOL:nan|FUT:nan,PDNA_3E39CC28,35,LOW,SELL,VALID SELL,HIGH,,,,False,Missing trade parameters,,,,FILTERED,Missing trade parameters,,0.0,0.0,3E39CC28CBB2,,0,0.0,0.0,0.0,,,False,50.0,50.0,NEW,2026-08-09,17:22:28,2.3,COMPLETED,FILTERED
FOCIT,,,,,,,,,,,,VOLUME_OI,VolumeAndOISpikesScans_25AUG26_Report_4_8_2026.xlsx,0,SELL,,Neutral,PAT:Neutral|SCR:|P:nan|OI:nan|VOL:nan|FUT:nan,PDNA_3E39CC28,35,LOW,SELL,VALID SELL,HIGH,,,,False,Missing trade parameters,,,,FILTERED,Missing trade parameters,,0.0,0.0,3E39CC28CBB2,,0,0.0,0.0,0.0,,,False,50.0,50.0,NEW,2026-08-09,17:22:28,2.3,COMPLETED,FILTERED
