File,Classification
eod_data_resolution_activation_check_v17.py,KEEP_REQUIRED
eod_data_resolution_core_v17.py,KEEP_REQUIRED
eod_data_resolution_switch_controller_v17.py,KEEP_REQUIRED
execution_context.py,KEEP_REQUIRED
functional_gateway.py,KEEP_REQUIRED
hmme_historical_data_loader.py,KEEP_REQUIRED
hmme_historical_replay_adapter.py,KEEP_REQUIRED
hmme_learning_bridge.py,KEEP_REQUIRED
hmme_outcome_calibration.py,KEEP_REQUIRED
hmme_production_report.py,KEEP_REQUIRED
hmme_real_replay_controller.py,KEEP_REQUIRED
hmme_replay_engine.py,KEEP_REQUIRED
hmme_runtime_executor.py,KEEP_REQUIRED
production_runtime.py,KEEP_REQUIRED
result_collector.py,KEEP_REQUIRED
