population,n,reached_40,rate_40,reached_45,rate_45,reached_50,rate_50,reached_100_secondary
ALL_FIRST_22,562,212,0.37722419928825623,174,0.3096085409252669,152,0.2704626334519573,14
PRICE_GATE,515,193,0.37475728155339805,160,0.3106796116504854,140,0.27184466019417475,14
PRICE_PLUS_1_FACTOR,452,174,0.38495575221238937,144,0.3185840707964602,124,0.2743362831858407,13
PRICE_PLUS_2_FACTORS,320,120,0.375,100,0.3125,86,0.26875,6
PRICE_PLUS_3_FACTORS,135,50,0.37037037037037035,41,0.3037037037037037,34,0.2518518518518518,4
PRICE_PLUS_FUTURES_OI,0,0,,0,,0,,0
PRICE_PLUS_IV,276,111,0.40217391304347827,90,0.32608695652173914,75,0.2717391304347826,11
PRICE_PLUS_PCR,259,88,0.33976833976833976,74,0.2857142857142857,64,0.2471042471042471,6
PRICE_PLUS_PE_CE,372,145,0.3897849462365591,121,0.32526881720430106,105,0.28225806451612906,6
