Symbol,Price,Price Chg %,OI,OI Chg %,PCR,ATM Straddle %,IV Chg,IV Chg %,Fut OI,Fut OI Chg,Fut OI Chg %,Fut Buildup,Volume,Volume Chg %,Report_Type,Source_File,NTIS Intraday Score,Trade Bias,Reason
DIVISLAB,8212.0,1.57,3746000.0,5.06,,,,,,,,,491200.0,-40.02,VOLUME_OI,VolumeAndOISpikesScans_25AUG26_Report_3_8_2026.xlsx,40,NEUTRAL,Positive Price Momentum; Fresh OI Buildup
IOC,144.39,3.43,147078750.0,-0.11,,,,,,,,,9013875.0,1.87,VOLUME_OI,VolumeAndOISpikesScans_25AUG26_Report_3_8_2026.xlsx,20,SELL,Positive Price Momentum
DRREDDY,1170.0,1.87,13777500.0,-0.36,,,,,,,,,1103750.0,-22.58,VOLUME_OI,VolumeAndOISpikesScans_25AUG26_Report_3_8_2026.xlsx,20,SELL,Positive Price Momentum
ITC,289.8,2.84,157000875.0,-0.84,,,,,,,,,9228750.0,-54.37,VOLUME_OI,VolumeAndOISpikesScans_25AUG26_Report_3_8_2026.xlsx,20,SELL,Positive Price Momentum
CDSL,1350.7,1.17,10010150.0,0.89,,,,,,,,,526775.0,-63.89,VOLUME_OI,VolumeAndOISpikesScans_25AUG26_Report_3_8_2026.xlsx,20,SELL,Positive Price Momentum
NHPC,79.72,1.09,118580900.0,-0.02,,,,,,,,,1654100.0,-71.9,VOLUME_OI,VolumeAndOISpikesScans_25AUG26_Report_3_8_2026.xlsx,20,SELL,Positive Price Momentum
INDIGO,5340.0,2.86,5402400.0,0.19,,,,,,,,,213750.0,-70.27,VOLUME_OI,VolumeAndOISpikesScans_25AUG26_Report_3_8_2026.xlsx,20,SELL,Positive Price Momentum
MARUTI,14100.0,-0.18,2117950.0,2.5,,,,,,,,,272150.0,-68.11,VOLUME_OI,VolumeAndOISpikesScans_25AUG26_Report_3_8_2026.xlsx,20,SELL,Fresh OI Buildup
NATIONALUM,355.0,1.17,46428750.0,0.58,,,,,,,,,1565625.0,-82.87,VOLUME_OI,VolumeAndOISpikesScans_25AUG26_Report_3_8_2026.xlsx,20,SELL,Positive Price Momentum
BANKINDIA,140.28,1.4,98025200.0,-0.21,,,,,,,,,1326000.0,-81.84,VOLUME_OI,VolumeAndOISpikesScans_25AUG26_Report_3_8_2026.xlsx,20,SELL,Positive Price Momentum
NYKAA,339.15,1.34,44981250.0,0.81,,,,,,,,,1009375.0,-80.68,VOLUME_OI,VolumeAndOISpikesScans_25AUG26_Report_3_8_2026.xlsx,20,SELL,Positive Price Momentum
JINDALSTEL,1123.0,1.48,12891250.0,1.06,,,,,,,,,325625.0,-77.3,VOLUME_OI,VolumeAndOISpikesScans_25AUG26_Report_3_8_2026.xlsx,20,SELL,Positive Price Momentum
ICICIGI,1652.7,1.22,5154500.0,0.57,,,,,,,,,64350.0,-78.38,VOLUME_OI,VolumeAndOISpikesScans_25AUG26_Report_3_8_2026.xlsx,20,SELL,Positive Price Momentum
IREDA,120.0,2.15,65508425.0,-0.61,,,,,,,,,1217225.0,-78.29,VOLUME_OI,VolumeAndOISpikesScans_25AUG26_Report_3_8_2026.xlsx,20,SELL,Positive Price Momentum
GODREJCP,1081.4,1.13,10632500.0,0.64,,,,,,,,,144500.0,-79.65,VOLUME_OI,VolumeAndOISpikesScans_25AUG26_Report_3_8_2026.xlsx,20,SELL,Positive Price Momentum
BPCL,327.8,2.07,40815350.0,0.38,,,,,,,,,793950.0,-78.7,VOLUME_OI,VolumeAndOISpikesScans_25AUG26_Report_3_8_2026.xlsx,20,SELL,Positive Price Momentum
TMPV,350.1,2.5,75944000.0,-0.24,,,,,,,,,2217600.0,-81.06,VOLUME_OI,VolumeAndOISpikesScans_25AUG26_Report_3_8_2026.xlsx,20,SELL,Positive Price Momentum
CHOLAFIN,1906.5,2.67,12938750.0,1.27,,,,,,,,,435625.0,-85.4,VOLUME_OI,VolumeAndOISpikesScans_25AUG26_Report_3_8_2026.xlsx,20,SELL,Positive Price Momentum
ADANIENT,3066.0,1.34,15904539.0,-0.21,,,,,,,,,175512.0,-86.43,VOLUME_OI,VolumeAndOISpikesScans_25AUG26_Report_3_8_2026.xlsx,20,SELL,Positive Price Momentum
HINDPETRO,399.6,1.99,44412300.0,-0.13,,,,,,,,,682425.0,-86.73,VOLUME_OI,VolumeAndOISpikesScans_25AUG26_Report_3_8_2026.xlsx,20,SELL,Positive Price Momentum
INOXWIND,81.18,3.41,104697600.0,-0.29,,,,,,,,,2227200.0,-85.12,VOLUME_OI,VolumeAndOISpikesScans_25AUG26_Report_3_8_2026.xlsx,20,SELL,Positive Price Momentum
ABCAPITAL,422.5,4.03,36347500.0,1.59,,,,,,,,,4110600.0,-85.06,VOLUME_OI,VolumeAndOISpikesScans_25AUG26_Report_3_8_2026.xlsx,20,SELL,Positive Price Momentum
LTF,319.35,2.41,49362750.0,0.29,,,,,,,,,1413000.0,-83.29,VOLUME_OI,VolumeAndOISpikesScans_25AUG26_Report_3_8_2026.xlsx,20,SELL,Positive Price Momentum
SUZLON,49.26,2.37,458050900.0,-0.14,,,,,,,,,4216400.0,-83.08,VOLUME_OI,VolumeAndOISpikesScans_25AUG26_Report_3_8_2026.xlsx,20,SELL,Positive Price Momentum
RVNL,228.83,1.27,34815550.0,-0.35,,,,,,,,,440825.0,-89.49,VOLUME_OI,VolumeAndOISpikesScans_25AUG26_Report_3_8_2026.xlsx,20,SELL,Positive Price Momentum
JUBLFOOD,444.45,1.62,17076250.0,-0.11,,,,,,,,,245000.0,-90.85,VOLUME_OI,VolumeAndOISpikesScans_25AUG26_Report_3_8_2026.xlsx,20,SELL,Positive Price Momentum
RADICO,4440.2,1.95,786150.0,0.0,,,,,,,,,13950.0,-91.44,VOLUME_OI,VolumeAndOISpikesScans_25AUG26_Report_3_8_2026.xlsx,20,SELL,Positive Price Momentum
CAMS,807.5,1.16,6996825.0,0.04,,,,,,,,,80850.0,-92.41,VOLUME_OI,VolumeAndOISpikesScans_25AUG26_Report_3_8_2026.xlsx,20,SELL,Positive Price Momentum
SHRIRAMFIN,1066.8,1.6,26499825.0,0.24,,,,,,,,,441375.0,-92.63,VOLUME_OI,VolumeAndOISpikesScans_25AUG26_Report_3_8_2026.xlsx,20,SELL,Positive Price Momentum
IRFC,90.17,1.25,86300900.0,-0.28,,,,,,,,,1128400.0,-91.33,VOLUME_OI,VolumeAndOISpikesScans_25AUG26_Report_3_8_2026.xlsx,20,SELL,Positive Price Momentum
ADANIGREEN,1418.4,2.05,26702400.0,-0.32,,,,,,,,,309000.0,-87.12,VOLUME_OI,VolumeAndOISpikesScans_25AUG26_Report_3_8_2026.xlsx,20,SELL,Positive Price Momentum
LT,3994.5,1.02,11680550.0,0.01,,,,,,,,,149625.0,-89.79,VOLUME_OI,VolumeAndOISpikesScans_25AUG26_Report_3_8_2026.xlsx,20,SELL,Positive Price Momentum
AMBUJACEM,439.45,1.13,79380000.0,-0.12,,,,,,,,,356400.0,-89.02,VOLUME_OI,VolumeAndOISpikesScans_25AUG26_Report_3_8_2026.xlsx,20,SELL,Positive Price Momentum
ADANIENSOL,1669.4,1.22,19155150.0,0.2,,,,,,,,,245025.0,-89.32,VOLUME_OI,VolumeAndOISpikesScans_25AUG26_Report_3_8_2026.xlsx,20,SELL,Positive Price Momentum
GODFRYPHLP,2166.3,2.72,1769625.0,0.11,,,,,,,,,31900.0,-89.54,VOLUME_OI,VolumeAndOISpikesScans_25AUG26_Report_3_8_2026.xlsx,20,SELL,Positive Price Momentum
ASIANPAINT,2781.7,1.09,7484000.0,0.07,,,,,,,,,85500.0,-88.06,VOLUME_OI,VolumeAndOISpikesScans_25AUG26_Report_3_8_2026.xlsx,20,SELL,Positive Price Momentum
ASHOKLEY,172.12,3.28,148535000.0,0.6,,,,,,,,,6515000.0,-87.67,VOLUME_OI,VolumeAndOISpikesScans_25AUG26_Report_3_8_2026.xlsx,20,SELL,Positive Price Momentum
PIIND,2782.8,1.11,2743125.0,-0.03,,,,,,,,,14000.0,-87.46,VOLUME_OI,VolumeAndOISpikesScans_25AUG26_Report_3_8_2026.xlsx,20,SELL,Positive Price Momentum
APLAPOLLO,1850.1,1.61,4669700.0,-0.43,,,,,,,,,175350.0,-86.87,VOLUME_OI,VolumeAndOISpikesScans_25AUG26_Report_3_8_2026.xlsx,20,SELL,Positive Price Momentum
BLUESTARCO,1704.0,1.52,3117725.0,0.01,,,,,,,,,3900.0,-98.69,VOLUME_OI,VolumeAndOISpikesScans_25AUG26_Report_3_8_2026.xlsx,20,SELL,Positive Price Momentum
PREMIERENE,1038.1,1.29,7465900.0,0.21,,,,,,,,,83850.0,-96.0,VOLUME_OI,VolumeAndOISpikesScans_25AUG26_Report_3_8_2026.xlsx,20,SELL,Positive Price Momentum
NAUKRI,1242.3,1.1,13979350.0,-0.02,,,,,,,,,67650.0,-96.42,VOLUME_OI,VolumeAndOISpikesScans_25AUG26_Report_3_8_2026.xlsx,20,SELL,Positive Price Momentum
TCS,2402.9,1.09,31725675.0,0.08,,,,,,,,,177525.0,-96.57,VOLUME_OI,VolumeAndOISpikesScans_25AUG26_Report_3_8_2026.xlsx,20,SELL,Positive Price Momentum
WAAREEENER,2687.9,1.27,7606550.0,0.03,,,,,,,,,34125.0,-97.3,VOLUME_OI,VolumeAndOISpikesScans_25AUG26_Report_3_8_2026.xlsx,20,SELL,Positive Price Momentum
HYUNDAI,2228.4,2.97,4109875.0,0.86,,,,,,,,,240350.0,-94.16,VOLUME_OI,VolumeAndOISpikesScans_25AUG26_Report_3_8_2026.xlsx,20,SELL,Positive Price Momentum
BDL,1250.8,1.19,7176125.0,-0.25,,,,,,,,,46750.0,-94.33,VOLUME_OI,VolumeAndOISpikesScans_25AUG26_Report_3_8_2026.xlsx,20,SELL,Positive Price Momentum
INFY,1145.0,1.16,89380800.0,0.0,,,,,,,,,725600.0,-95.43,VOLUME_OI,VolumeAndOISpikesScans_25AUG26_Report_3_8_2026.xlsx,20,SELL,Positive Price Momentum
MOTHERSON,153.67,1.37,126388650.0,0.25,,,,,,,,,1943400.0,-94.1,VOLUME_OI,VolumeAndOISpikesScans_25AUG26_Report_3_8_2026.xlsx,20,SELL,Positive Price Momentum
PIDILITIND,1636.9,1.07,7627500.0,-0.12,,,,,,,,,46500.0,-93.48,VOLUME_OI,VolumeAndOISpikesScans_25AUG26_Report_3_8_2026.xlsx,20,SELL,Positive Price Momentum
KALYANKJIL,621.0,1.17,23986800.0,-0.57,,,,,,,,,550800.0,-93.66,VOLUME_OI,VolumeAndOISpikesScans_25AUG26_Report_3_8_2026.xlsx,20,SELL,Positive Price Momentum
BAJAJFINSV,2073.8,1.85,8701800.0,0.22,,,,,,,,,254700.0,-94.03,VOLUME_OI,VolumeAndOISpikesScans_25AUG26_Report_3_8_2026.xlsx,20,SELL,Positive Price Momentum
SHREECEM,26380.0,3.21,356875.0,-0.23,,,,,,,,,14175.0,-93.81,VOLUME_OI,VolumeAndOISpikesScans_25AUG26_Report_3_8_2026.xlsx,20,SELL,Positive Price Momentum
UNIONBANK,174.01,1.17,119519250.0,0.1,,,,,,,,,703575.0,-93.41,VOLUME_OI,VolumeAndOISpikesScans_25AUG26_Report_3_8_2026.xlsx,20,SELL,Positive Price Momentum
BAJFINANCE,1174.0,2.55,60594750.0,0.83,,,,,,,,,1956750.0,-93.34,VOLUME_OI,VolumeAndOISpikesScans_25AUG26_Report_3_8_2026.xlsx,20,SELL,Positive Price Momentum
FORCEMOT,18409.0,2.33,262525.0,0.02,,,,,,,,,8925.0,-92.96,VOLUME_OI,VolumeAndOISpikesScans_25AUG26_Report_3_8_2026.xlsx,20,SELL,Positive Price Momentum
SAIL,171.9,1.52,180165100.0,0.01,,,,,,,,,1184400.0,-92.89,VOLUME_OI,VolumeAndOISpikesScans_25AUG26_Report_3_8_2026.xlsx,20,SELL,Positive Price Momentum
LUPIN,2419.5,-0.38,6092375.0,0.26,,,,,,,,,71825.0,-89.5,VOLUME_OI,VolumeAndOISpikesScans_25AUG26_Report_3_8_2026.xlsx,0,SELL,
BAJAJHLDNG,11356.0,-0.44,344175.0,1.03,,,,,,,,,10800.0,-89.08,VOLUME_OI,VolumeAndOISpikesScans_25AUG26_Report_3_8_2026.xlsx,0,SELL,
CONCOR,528.7,0.65,21871250.0,0.07,,,,,,,,,101250.0,-89.05,VOLUME_OI,VolumeAndOISpikesScans_25AUG26_Report_3_8_2026.xlsx,0,SELL,
EICHERMOT,7937.0,0.98,3992100.0,0.4,,,,,,,,,81500.0,-87.84,VOLUME_OI,VolumeAndOISpikesScans_25AUG26_Report_3_8_2026.xlsx,0,SELL,
HINDUNILVR,2116.8,0.51,15016200.0,0.1,,,,,,,,,142200.0,-87.54,VOLUME_OI,VolumeAndOISpikesScans_25AUG26_Report_3_8_2026.xlsx,0,SELL,
ICICIBANK,1441.6,0.79,105723800.0,-0.15,,,,,,,,,611100.0,-90.2,VOLUME_OI,VolumeAndOISpikesScans_25AUG26_Report_3_8_2026.xlsx,0,SELL,
VOLTAS,1338.1,0.71,7065000.0,0.29,,,,,,,,,89625.0,-90.59,VOLUME_OI,VolumeAndOISpikesScans_25AUG26_Report_3_8_2026.xlsx,0,SELL,
FINNIFTY,26865.0,0.7,31740.0,0.38,,,,,,,,,1440.0,-89.92,VOLUME_OI,VolumeAndOISpikesScans_25AUG26_Report_3_8_2026.xlsx,0,SELL,
CANBK,125.94,0.53,397818000.0,0.08,,,,,,,,,1903500.0,-90.74,VOLUME_OI,VolumeAndOISpikesScans_25AUG26_Report_3_8_2026.xlsx,0,SELL,
PNB,113.72,0.42,290816000.0,0.06,,,,,,,,,1856000.0,-90.72,VOLUME_OI,VolumeAndOISpikesScans_25AUG26_Report_3_8_2026.xlsx,0,SELL,
BAJAJ-AUTO,11503.0,-0.37,1935900.0,0.32,,,,,,,,,26175.0,-90.61,VOLUME_OI,VolumeAndOISpikesScans_25AUG26_Report_3_8_2026.xlsx,0,SELL,
CROMPTON,264.1,0.96,58976650.0,0.0,,,,,,,,,313900.0,-90.82,VOLUME_OI,VolumeAndOISpikesScans_25AUG26_Report_3_8_2026.xlsx,0,SELL,
ICICIPRULI,519.95,0.54,18617475.0,0.05,,,,,,,,,71225.0,-91.13,VOLUME_OI,VolumeAndOISpikesScans_25AUG26_Report_3_8_2026.xlsx,0,SELL,
PRESTIGE,1629.7,0.48,5049450.0,0.1,,,,,,,,,48150.0,-90.97,VOLUME_OI,VolumeAndOISpikesScans_25AUG26_Report_3_8_2026.xlsx,0,SELL,
ONGC,241.85,-0.19,55221750.0,0.45,,,,,,,,,749250.0,-90.44,VOLUME_OI,VolumeAndOISpikesScans_25AUG26_Report_3_8_2026.xlsx,0,SELL,
GLENMARK,2217.0,-1.1,11658375.0,1.16,,,,,,,,,459375.0,-64.17,VOLUME_OI,VolumeAndOISpikesScans_25AUG26_Report_3_8_2026.xlsx,0,SELL,Negative Price Momentum
NIFTY,24618.9,0.68,12714325.0,0.74,,,,,,,,,438815.0,-81.23,VOLUME_OI,VolumeAndOISpikesScans_25AUG26_Report_3_8_2026.xlsx,0,SELL,
BANKNIFTY,57750.0,0.57,2132370.0,0.81,,,,,,,,,85890.0,-79.26,VOLUME_OI,VolumeAndOISpikesScans_25AUG26_Report_3_8_2026.xlsx,0,SELL,
MANAPPURAM,369.1,-1.18,54336000.0,1.91,,,,,,,,,2904000.0,-67.49,VOLUME_OI,VolumeAndOISpikesScans_25AUG26_Report_3_8_2026.xlsx,0,SELL,Negative Price Momentum
SENSEX,78900.05,0.7,35780.0,0.39,,,,,,,,,4140.0,-75.42,VOLUME_OI,VolumeAndOISpikesScans_25AUG26_Report_3_8_2026.xlsx,0,SELL,
ABB,7275.0,-0.12,2205375.0,0.91,,,,,,,,,486500.0,-61.32,VOLUME_OI,VolumeAndOISpikesScans_25AUG26_Report_3_8_2026.xlsx,0,SELL,
MUTHOOTFIN,2827.0,-9.93,7728875.0,5.36,,,,,,,,,1376650.0,-23.96,VOLUME_OI,VolumeAndOISpikesScans_25AUG26_Report_3_8_2026.xlsx,0,SELL,Negative Price Momentum; Fresh OI Buildup
DIXON,13501.0,-2.28,2504250.0,1.25,,,,,,,,,162800.0,-85.4,VOLUME_OI,VolumeAndOISpikesScans_25AUG26_Report_3_8_2026.xlsx,0,SELL,Negative Price Momentum
MIDCPNIFTY,14876.0,0.4,1849800.0,0.19,,,,,,,,,28680.0,-86.06,VOLUME_OI,VolumeAndOISpikesScans_25AUG26_Report_3_8_2026.xlsx,0,SELL,
GAIL,175.15,-3.99,88980750.0,4.81,,,,,,,,,10110400.0,-83.24,VOLUME_OI,VolumeAndOISpikesScans_25AUG26_Report_3_8_2026.xlsx,0,SELL,Negative Price Momentum; Fresh OI Buildup
FORTIS,950.05,0.05,9172125.0,0.08,,,,,,,,,87575.0,-86.42,VOLUME_OI,VolumeAndOISpikesScans_25AUG26_Report_3_8_2026.xlsx,0,SELL,
PETRONET,282.5,0.43,31745200.0,0.3,,,,,,,,,262200.0,-86.73,VOLUME_OI,VolumeAndOISpikesScans_25AUG26_Report_3_8_2026.xlsx,0,SELL,
GODREJPROP,2105.2,-0.39,7428850.0,0.34,,,,,,,,,64025.0,-85.81,VOLUME_OI,VolumeAndOISpikesScans_25AUG26_Report_3_8_2026.xlsx,0,SELL,
PERSISTENT,5360.0,-3.75,3583500.0,0.03,,,,,,,,,324875.0,-83.24,VOLUME_OI,VolumeAndOISpikesScans_25AUG26_Report_3_8_2026.xlsx,0,SELL,Negative Price Momentum
UPL,612.7,0.85,30778825.0,0.42,,,,,,,,,285905.0,-83.73,VOLUME_OI,VolumeAndOISpikesScans_25AUG26_Report_3_8_2026.xlsx,0,SELL,
APOLLOHOSP,8933.5,-0.66,1919125.0,0.49,,,,,,,,,18500.0,-84.6,VOLUME_OI,VolumeAndOISpikesScans_25AUG26_Report_3_8_2026.xlsx,0,SELL,
MCX,2669.8,-1.23,7234425.0,0.63,,,,,,,,,129150.0,-85.09,VOLUME_OI,VolumeAndOISpikesScans_25AUG26_Report_3_8_2026.xlsx,0,SELL,Negative Price Momentum
UNOMINDA,1198.2,0.95,4443450.0,-0.31,,,,,,,,,51700.0,-92.74,VOLUME_OI,VolumeAndOISpikesScans_25AUG26_Report_3_8_2026.xlsx,0,SELL,
MARICO,873.6,-0.19,15625200.0,0.4,,,,,,,,,224400.0,-92.73,VOLUME_OI,VolumeAndOISpikesScans_25AUG26_Report_3_8_2026.xlsx,0,SELL,
RBLBANK,376.9,0.45,45583475.0,0.16,,,,,,,,,717550.0,-92.67,VOLUME_OI,VolumeAndOISpikesScans_25AUG26_Report_3_8_2026.xlsx,0,SELL,
VEDL,267.85,0.89,49646650.0,-0.06,,,,,,,,,448500.0,-92.63,VOLUME_OI,VolumeAndOISpikesScans_25AUG26_Report_3_8_2026.xlsx,0,SELL,
TATACONSUM,1093.6,0.45,15631000.0,-0.01,,,,,,,,,72600.0,-92.42,VOLUME_OI,VolumeAndOISpikesScans_25AUG26_Report_3_8_2026.xlsx,0,SELL,
HDFCBANK,754.0,0.27,297901500.0,0.12,,,,,,,,,1235650.0,-92.4,VOLUME_OI,VolumeAndOISpikesScans_25AUG26_Report_3_8_2026.xlsx,0,SELL,
TATASTEEL,191.3,0.36,166705000.0,0.5,,,,,,,,,3423750.0,-92.08,VOLUME_OI,VolumeAndOISpikesScans_25AUG26_Report_3_8_2026.xlsx,0,SELL,
ALKEM,5702.0,-1.08,1389250.0,-0.02,,,,,,,,,10125.0,-92.28,VOLUME_OI,VolumeAndOISpikesScans_25AUG26_Report_3_8_2026.xlsx,0,SELL,Negative Price Momentum
PGEL,620.85,0.88,10822400.0,0.11,,,,,,,,,214700.0,-91.91,VOLUME_OI,VolumeAndOISpikesScans_25AUG26_Report_3_8_2026.xlsx,0,SELL,
HINDALCO,988.0,0.88,52469900.0,0.34,,,,,,,,,476000.0,-91.78,VOLUME_OI,VolumeAndOISpikesScans_25AUG26_Report_3_8_2026.xlsx,0,SELL,
NMDC,85.49,0.22,341955000.0,0.02,,,,,,,,,526500.0,-91.98,VOLUME_OI,VolumeAndOISpikesScans_25AUG26_Report_3_8_2026.xlsx,0,SELL,
LAURUSLABS,1808.0,-0.27,16410950.0,0.24,,,,,,,,,323000.0,-91.98,VOLUME_OI,VolumeAndOISpikesScans_25AUG26_Report_3_8_2026.xlsx,0,SELL,
UNITDSPR,1523.6,0.27,7910400.0,-0.06,,,,,,,,,56400.0,-91.58,VOLUME_OI,VolumeAndOISpikesScans_25AUG26_Report_3_8_2026.xlsx,0,SELL,
BANKBARODA,245.91,0.82,128284650.0,0.07,,,,,,,,,555750.0,-91.48,VOLUME_OI,VolumeAndOISpikesScans_25AUG26_Report_3_8_2026.xlsx,0,SELL,
OBEROIRLTY,1842.5,0.34,5418350.0,0.06,,,,,,,,,33950.0,-91.17,VOLUME_OI,VolumeAndOISpikesScans_25AUG26_Report_3_8_2026.xlsx,0,SELL,
YESBANK,22.98,0.66,1186869300.0,-0.03,,,,,,,,,3980800.0,-91.45,VOLUME_OI,VolumeAndOISpikesScans_25AUG26_Report_3_8_2026.xlsx,0,SELL,
COCHINSHIP,1437.0,0.53,5508000.0,-0.54,,,,,,,,,92000.0,-90.56,VOLUME_OI,VolumeAndOISpikesScans_25AUG26_Report_3_8_2026.xlsx,0,SELL,
JIOFIN,258.45,0.43,177535450.0,0.43,,,,,,,,,3522650.0,-93.47,VOLUME_OI,VolumeAndOISpikesScans_25AUG26_Report_3_8_2026.xlsx,0,SELL,
HINDZINC,545.3,0.74,29279950.0,-0.08,,,,,,,,,197225.0,-93.17,VOLUME_OI,VolumeAndOISpikesScans_25AUG26_Report_3_8_2026.xlsx,0,SELL,
JSWSTEEL,1287.6,0.82,39659625.0,0.02,,,,,,,,,151200.0,-93.32,VOLUME_OI,VolumeAndOISpikesScans_25AUG26_Report_3_8_2026.xlsx,0,SELL,
ADANIPOWER,214.35,0.94,154804850.0,0.08,,,,,,,,,809400.0,-93.14,VOLUME_OI,VolumeAndOISpikesScans_25AUG26_Report_3_8_2026.xlsx,0,SELL,
SBIN,1038.0,0.52,80937000.0,0.02,,,,,,,,,404250.0,-93.69,VOLUME_OI,VolumeAndOISpikesScans_25AUG26_Report_3_8_2026.xlsx,0,SELL,
COALINDIA,415.5,0.04,80264250.0,-0.03,,,,,,,,,417150.0,-93.48,VOLUME_OI,VolumeAndOISpikesScans_25AUG26_Report_3_8_2026.xlsx,0,SELL,
HDFCLIFE,553.45,0.37,46005300.0,0.45,,,,,,,,,392700.0,-93.53,VOLUME_OI,VolumeAndOISpikesScans_25AUG26_Report_3_8_2026.xlsx,0,SELL,
HAL,4672.2,0.36,5114400.0,0.07,,,,,,,,,36450.0,-93.79,VOLUME_OI,VolumeAndOISpikesScans_25AUG26_Report_3_8_2026.xlsx,0,SELL,
JSWENERGY,562.9,0.98,25098025.0,-0.09,,,,,,,,,111800.0,-93.72,VOLUME_OI,VolumeAndOISpikesScans_25AUG26_Report_3_8_2026.xlsx,0,SELL,
HAVELLS,1273.0,0.76,9492000.0,-0.19,,,,,,,,,59500.0,-93.7,VOLUME_OI,VolumeAndOISpikesScans_25AUG26_Report_3_8_2026.xlsx,0,SELL,
BSE,3663.0,0.23,8470200.0,0.98,,,,,,,,,184600.0,-93.24,VOLUME_OI,VolumeAndOISpikesScans_25AUG26_Report_3_8_2026.xlsx,0,SELL,
DLF,663.95,0.48,46355250.0,0.11,,,,,,,,,223250.0,-93.03,VOLUME_OI,VolumeAndOISpikesScans_25AUG26_Report_3_8_2026.xlsx,0,SELL,
SONACOMS,773.25,0.61,10381875.0,0.64,,,,,,,,,173950.0,-93.09,VOLUME_OI,VolumeAndOISpikesScans_25AUG26_Report_3_8_2026.xlsx,0,SELL,
TRENT,3032.6,0.63,10838700.0,-0.05,,,,,,,,,37800.0,-93.09,VOLUME_OI,VolumeAndOISpikesScans_25AUG26_Report_3_8_2026.xlsx,0,SELL,
OIL,458.9,-0.25,16016000.0,0.07,,,,,,,,,100800.0,-93.09,VOLUME_OI,VolumeAndOISpikesScans_25AUG26_Report_3_8_2026.xlsx,0,SELL,
LICI,427.2,0.97,18564000.0,-0.09,,,,,,,,,92400.0,-94.14,VOLUME_OI,VolumeAndOISpikesScans_25AUG26_Report_3_8_2026.xlsx,0,SELL,
BEL,392.35,0.65,103053150.0,0.05,,,,,,,,,675450.0,-94.12,VOLUME_OI,VolumeAndOISpikesScans_25AUG26_Report_3_8_2026.xlsx,0,SELL,
MAXHEALTH,1110.0,0.54,9731400.0,0.44,,,,,,,,,79800.0,-94.1,VOLUME_OI,VolumeAndOISpikesScans_25AUG26_Report_3_8_2026.xlsx,0,SELL,
RELIANCE,1315.0,0.28,102741000.0,0.03,,,,,,,,,658500.0,-94.21,VOLUME_OI,VolumeAndOISpikesScans_25AUG26_Report_3_8_2026.xlsx,0,SELL,
AXISBANK,1240.5,0.43,80591250.0,0.02,,,,,,,,,265000.0,-94.44,VOLUME_OI,VolumeAndOISpikesScans_25AUG26_Report_3_8_2026.xlsx,0,SELL,
NBCC,95.94,0.83,99105500.0,0.01,,,,,,,,,416000.0,-94.48,VOLUME_OI,VolumeAndOISpikesScans_25AUG26_Report_3_8_2026.xlsx,0,SELL,
SUPREMEIND,3492.0,0.32,2288475.0,0.01,,,,,,,,,8400.0,-94.52,VOLUME_OI,VolumeAndOISpikesScans_25AUG26_Report_3_8_2026.xlsx,0,SELL,
AUROPHARMA,1579.5,-0.31,9959400.0,0.16,,,,,,,,,36300.0,-94.22,VOLUME_OI,VolumeAndOISpikesScans_25AUG26_Report_3_8_2026.xlsx,0,SELL,
DABUR,424.75,0.54,29910000.0,-0.1,,,,,,,,,223750.0,-94.6,VOLUME_OI,VolumeAndOISpikesScans_25AUG26_Report_3_8_2026.xlsx,0,SELL,
ADANIPORTS,1714.7,0.64,20740400.0,0.08,,,,,,,,,230850.0,-94.68,VOLUME_OI,VolumeAndOISpikesScans_25AUG26_Report_3_8_2026.xlsx,0,SELL,
TATAPOWER,383.0,0.31,62135400.0,0.05,,,,,,,,,282750.0,-94.83,VOLUME_OI,VolumeAndOISpikesScans_25AUG26_Report_3_8_2026.xlsx,0,SELL,
TECHM,1655.6,0.18,17982000.0,0.2,,,,,,,,,141000.0,-94.86,VOLUME_OI,VolumeAndOISpikesScans_25AUG26_Report_3_8_2026.xlsx,0,SELL,
ULTRACEMCO,12020.0,0.79,1637150.0,0.25,,,,,,,,,13450.0,-94.91,VOLUME_OI,VolumeAndOISpikesScans_25AUG26_Report_3_8_2026.xlsx,0,SELL,
POWERGRID,285.7,0.49,44148400.0,-0.03,,,,,,,,,131100.0,-94.92,VOLUME_OI,VolumeAndOISpikesScans_25AUG26_Report_3_8_2026.xlsx,0,SELL,
BOSCHLTD,41295.0,0.65,209500.0,-0.02,,,,,,,,,950.0,-94.93,VOLUME_OI,VolumeAndOISpikesScans_25AUG26_Report_3_8_2026.xlsx,0,SELL,
FEDERALBNK,359.0,0.03,85945000.0,0.03,,,,,,,,,242500.0,-94.55,VOLUME_OI,VolumeAndOISpikesScans_25AUG26_Report_3_8_2026.xlsx,0,SELL,
VBL,445.75,0.26,52946925.0,0.17,,,,,,,,,223125.0,-94.93,VOLUME_OI,VolumeAndOISpikesScans_25AUG26_Report_3_8_2026.xlsx,0,SELL,
NIFTYNXT50,74037.6,0.54,18825.0,0.0,,,,,,,,,250.0,-95.12,VOLUME_OI,VolumeAndOISpikesScans_25AUG26_Report_3_8_2026.xlsx,0,SELL,
CIPLA,1469.7,-0.41,9369975.0,0.11,,,,,,,,,40375.0,-95.34,VOLUME_OI,VolumeAndOISpikesScans_25AUG26_Report_3_8_2026.xlsx,0,SELL,
KPITTECH,598.0,0.69,13930625.0,-0.34,,,,,,,,,235600.0,-95.27,VOLUME_OI,VolumeAndOISpikesScans_25AUG26_Report_3_8_2026.xlsx,0,SELL,
SOLARINDS,18498.0,0.01,802800.0,0.13,,,,,,,,,4300.0,-95.36,VOLUME_OI,VolumeAndOISpikesScans_25AUG26_Report_3_8_2026.xlsx,0,SELL,
ANGELONE,298.5,-0.12,26697500.0,0.25,,,,,,,,,205000.0,-95.48,VOLUME_OI,VolumeAndOISpikesScans_25AUG26_Report_3_8_2026.xlsx,0,SELL,
SBICARD,666.25,0.73,22330400.0,0.15,,,,,,,,,100800.0,-95.49,VOLUME_OI,VolumeAndOISpikesScans_25AUG26_Report_3_8_2026.xlsx,0,SELL,
COFORGE,1729.6,0.23,13835325.0,0.28,,,,,,,,,150100.0,-95.56,VOLUME_OI,VolumeAndOISpikesScans_25AUG26_Report_3_8_2026.xlsx,0,SELL,
INDHOTEL,747.0,0.74,20918000.0,0.14,,,,,,,,,129000.0,-95.57,VOLUME_OI,VolumeAndOISpikesScans_25AUG26_Report_3_8_2026.xlsx,0,SELL,
RECLTD,373.75,0.4,44033850.0,0.01,,,,,,,,,146475.0,-95.57,VOLUME_OI,VolumeAndOISpikesScans_25AUG26_Report_3_8_2026.xlsx,0,SELL,
BHARTIARTL,1972.4,-0.21,54662050.0,0.13,,,,,,,,,152000.0,-95.6,VOLUME_OI,VolumeAndOISpikesScans_25AUG26_Report_3_8_2026.xlsx,0,SELL,
ZYDUSLIFE,1124.0,-0.77,9815400.0,0.02,,,,,,,,,45000.0,-93.84,VOLUME_OI,VolumeAndOISpikesScans_25AUG26_Report_3_8_2026.xlsx,0,SELL,
ASTRAL,1436.4,0.8,7263250.0,-0.03,,,,,,,,,45475.0,-93.89,VOLUME_OI,VolumeAndOISpikesScans_25AUG26_Report_3_8_2026.xlsx,0,SELL,
HEROMOTOCO,5452.5,0.95,4636500.0,0.61,,,,,,,,,64050.0,-93.08,VOLUME_OI,VolumeAndOISpikesScans_25AUG26_Report_3_8_2026.xlsx,0,SELL,
KOTAKBANK,393.55,0.6,176124000.0,0.01,,,,,,,,,516000.0,-92.9,VOLUME_OI,VolumeAndOISpikesScans_25AUG26_Report_3_8_2026.xlsx,0,SELL,
TVSMOTOR,4349.9,0.62,9613100.0,0.34,,,,,,,,,129850.0,-92.98,VOLUME_OI,VolumeAndOISpikesScans_25AUG26_Report_3_8_2026.xlsx,0,SELL,
HDFCAMC,2627.0,0.0,5934600.0,0.14,,,,,,,,,45900.0,-96.0,VOLUME_OI,VolumeAndOISpikesScans_25AUG26_Report_3_8_2026.xlsx,0,SELL,
BANDHANBNK,174.61,0.62,131652000.0,-0.04,,,,,,,,,381600.0,-95.93,VOLUME_OI,VolumeAndOISpikesScans_25AUG26_Report_3_8_2026.xlsx,0,SELL,
NTPC,349.8,0.5,98860500.0,0.01,,,,,,,,,190500.0,-95.8,VOLUME_OI,VolumeAndOISpikesScans_25AUG26_Report_3_8_2026.xlsx,0,SELL,
DALBHARAT,1820.3,0.63,3847025.0,0.0,,,,,,,,,8450.0,-95.66,VOLUME_OI,VolumeAndOISpikesScans_25AUG26_Report_3_8_2026.xlsx,0,SELL,
SIEMENS,3756.3,0.76,3609900.0,-0.05,,,,,,,,,33775.0,-95.64,VOLUME_OI,VolumeAndOISpikesScans_25AUG26_Report_3_8_2026.xlsx,0,SELL,
SRF,2655.1,0.78,4525600.0,0.06,,,,,,,,,18200.0,-96.1,VOLUME_OI,VolumeAndOISpikesScans_25AUG26_Report_3_8_2026.xlsx,0,SELL,
SUNPHARMA,1960.9,-1.64,13679400.0,0.22,,,,,,,,,225400.0,-96.08,VOLUME_OI,VolumeAndOISpikesScans_25AUG26_Report_3_8_2026.xlsx,0,SELL,Negative Price Momentum
AUBANK,1057.6,0.45,21849000.0,0.01,,,,,,,,,97000.0,-96.03,VOLUME_OI,VolumeAndOISpikesScans_25AUG26_Report_3_8_2026.xlsx,0,SELL,
INDIANB,844.6,0.67,12257000.0,0.02,,,,,,,,,49000.0,-96.16,VOLUME_OI,VolumeAndOISpikesScans_25AUG26_Report_3_8_2026.xlsx,0,SELL,
BHEL,411.6,0.61,80311875.0,0.02,,,,,,,,,299250.0,-96.22,VOLUME_OI,VolumeAndOISpikesScans_25AUG26_Report_3_8_2026.xlsx,0,SELL,
OFSS,11258.0,0.44,1319900.0,0.25,,,,,,,,,8500.0,-96.33,VOLUME_OI,VolumeAndOISpikesScans_25AUG26_Report_3_8_2026.xlsx,0,SELL,
COLPAL,2088.1,0.45,4873000.0,-0.14,,,,,,,,,19525.0,-96.33,VOLUME_OI,VolumeAndOISpikesScans_25AUG26_Report_3_8_2026.xlsx,0,SELL,
MPHASIS,2347.5,0.26,3895375.0,0.21,,,,,,,,,40700.0,-96.36,VOLUME_OI,VolumeAndOISpikesScans_25AUG26_Report_3_8_2026.xlsx,0,SELL,
GRASIM,3118.0,0.43,11766750.0,0.03,,,,,,,,,18250.0,-96.37,VOLUME_OI,VolumeAndOISpikesScans_25AUG26_Report_3_8_2026.xlsx,0,SELL,
BIOCON,426.5,-0.19,47437500.0,0.1,,,,,,,,,190000.0,-96.14,VOLUME_OI,VolumeAndOISpikesScans_25AUG26_Report_3_8_2026.xlsx,0,SELL,
KAYNES,3804.0,-0.46,3902250.0,0.24,,,,,,,,,64950.0,-96.02,VOLUME_OI,VolumeAndOISpikesScans_25AUG26_Report_3_8_2026.xlsx,0,SELL,
TITAN,4890.6,0.15,5488175.0,0.06,,,,,,,,,18200.0,-96.47,VOLUME_OI,VolumeAndOISpikesScans_25AUG26_Report_3_8_2026.xlsx,0,SELL,
WIPRO,184.9,0.47,231759000.0,0.11,,,,,,,,,978000.0,-96.49,VOLUME_OI,VolumeAndOISpikesScans_25AUG26_Report_3_8_2026.xlsx,0,SELL,
BHARATFORG,2224.1,0.57,7637500.0,0.2,,,,,,,,,46000.0,-96.5,VOLUME_OI,VolumeAndOISpikesScans_25AUG26_Report_3_8_2026.xlsx,0,SELL,
M&M,3431.9,0.87,12661600.0,0.31,,,,,,,,,193200.0,-96.54,VOLUME_OI,VolumeAndOISpikesScans_25AUG26_Report_3_8_2026.xlsx,0,SELL,
POWERINDIA,32360.0,0.03,579975.0,0.2,,,,,,,,,5325.0,-96.66,VOLUME_OI,VolumeAndOISpikesScans_25AUG26_Report_3_8_2026.xlsx,0,SELL,
TATAELXSI,3703.0,0.49,2533375.0,0.02,,,,,,,,,11375.0,-96.66,VOLUME_OI,VolumeAndOISpikesScans_25AUG26_Report_3_8_2026.xlsx,0,SELL,
DELHIVERY,482.9,0.12,26842200.0,0.31,,,,,,,,,620425.0,-96.78,VOLUME_OI,VolumeAndOISpikesScans_25AUG26_Report_3_8_2026.xlsx,0,SELL,
MFSL,1521.1,0.93,9649200.0,0.01,,,,,,,,,13600.0,-96.86,VOLUME_OI,VolumeAndOISpikesScans_25AUG26_Report_3_8_2026.xlsx,0,SELL,
CGPOWER,865.55,-0.28,19906150.0,0.27,,,,,,,,,264350.0,-96.88,VOLUME_OI,VolumeAndOISpikesScans_25AUG26_Report_3_8_2026.xlsx,0,SELL,
BRITANNIA,5439.5,0.25,1952625.0,-0.08,,,,,,,,,12250.0,-96.9,VOLUME_OI,VolumeAndOISpikesScans_25AUG26_Report_3_8_2026.xlsx,0,SELL,
INDUSINDBK,1018.3,0.8,34046600.0,0.0,,,,,,,,,85400.0,-96.97,VOLUME_OI,VolumeAndOISpikesScans_25AUG26_Report_3_8_2026.xlsx,0,SELL,
PATANJALI,354.8,-0.53,31294325.0,0.11,,,,,,,,,119325.0,-96.99,VOLUME_OI,VolumeAndOISpikesScans_25AUG26_Report_3_8_2026.xlsx,0,SELL,
IDEA,13.13,0.46,5884393800.0,0.01,,,,,,,,,6861600.0,-97.06,VOLUME_OI,VolumeAndOISpikesScans_25AUG26_Report_3_8_2026.xlsx,0,SELL,
MAZDOCK,2406.8,0.81,5028525.0,-0.06,,,,,,,,,43650.0,-97.07,VOLUME_OI,VolumeAndOISpikesScans_25AUG26_Report_3_8_2026.xlsx,0,SELL,
PAYTM,1351.5,0.53,18555650.0,0.16,,,,,,,,,134850.0,-96.37,VOLUME_OI,VolumeAndOISpikesScans_25AUG26_Report_3_8_2026.xlsx,0,SELL,
SBILIFE,1889.9,0.21,6403875.0,0.12,,,,,,,,,16500.0,-96.04,VOLUME_OI,VolumeAndOISpikesScans_25AUG26_Report_3_8_2026.xlsx,0,SELL,
MOTILALOFS,860.9,0.5,6786675.0,0.09,,,,,,,,,32550.0,-97.11,VOLUME_OI,VolumeAndOISpikesScans_25AUG26_Report_3_8_2026.xlsx,0,SELL,
GMRAIRPORT,106.76,0.9,128437650.0,0.06,,,,,,,,,418500.0,-97.11,VOLUME_OI,VolumeAndOISpikesScans_25AUG26_Report_3_8_2026.xlsx,0,SELL,
TORNTPHARM,5130.0,-0.3,3796625.0,-0.12,,,,,,,,,36250.0,-97.19,VOLUME_OI,VolumeAndOISpikesScans_25AUG26_Report_3_8_2026.xlsx,0,SELL,
NAM-INDIA,1164.4,0.47,7070000.0,0.08,,,,,,,,,15625.0,-97.17,VOLUME_OI,VolumeAndOISpikesScans_25AUG26_Report_3_8_2026.xlsx,0,SELL,
IDFCFIRSTB,85.4,0.64,354082400.0,-0.01,,,,,,,,,927500.0,-97.2,VOLUME_OI,VolumeAndOISpikesScans_25AUG26_Report_3_8_2026.xlsx,0,SELL,
POLICYBZR,1615.6,0.63,9177000.0,0.03,,,,,,,,,14700.0,-97.3,VOLUME_OI,VolumeAndOISpikesScans_25AUG26_Report_3_8_2026.xlsx,0,SELL,
KFINTECH,932.35,0.04,3731175.0,0.23,,,,,,,,,21275.0,-97.34,VOLUME_OI,VolumeAndOISpikesScans_25AUG26_Report_3_8_2026.xlsx,0,SELL,
NESTLEIND,1517.9,0.4,8440500.0,0.11,,,,,,,,,39000.0,-97.18,VOLUME_OI,VolumeAndOISpikesScans_25AUG26_Report_3_8_2026.xlsx,0,SELL,
POLYCAB,9132.0,-0.23,2286125.0,0.29,,,,,,,,,14875.0,-97.35,VOLUME_OI,VolumeAndOISpikesScans_25AUG26_Report_3_8_2026.xlsx,0,SELL,
LTM,4418.4,0.86,2498550.0,-0.01,,,,,,,,,17700.0,-97.4,VOLUME_OI,VolumeAndOISpikesScans_25AUG26_Report_3_8_2026.xlsx,0,SELL,
HCLTECH,1353.0,0.41,27332000.0,0.14,,,,,,,,,126800.0,-97.43,VOLUME_OI,VolumeAndOISpikesScans_25AUG26_Report_3_8_2026.xlsx,0,SELL,
PFC,427.3,0.38,50887200.0,0.06,,,,,,,,,183300.0,-97.46,VOLUME_OI,VolumeAndOISpikesScans_25AUG26_Report_3_8_2026.xlsx,0,SELL,
AMBER,7481.0,0.07,1230900.0,0.04,,,,,,,,,7200.0,-97.47,VOLUME_OI,VolumeAndOISpikesScans_25AUG26_Report_3_8_2026.xlsx,0,SELL,
DMART,3933.4,0.25,5053650.0,0.11,,,,,,,,,12000.0,-97.64,VOLUME_OI,VolumeAndOISpikesScans_25AUG26_Report_3_8_2026.xlsx,0,SELL,
IEX,133.46,0.41,71883750.0,0.09,,,,,,,,,117450.0,-97.7,VOLUME_OI,VolumeAndOISpikesScans_25AUG26_Report_3_8_2026.xlsx,0,SELL,
ETERNAL,306.5,0.79,156587100.0,0.1,,,,,,,,,1013650.0,-97.35,VOLUME_OI,VolumeAndOISpikesScans_25AUG26_Report_3_8_2026.xlsx,0,SELL,
KEI,5007.0,-0.12,1935850.0,0.26,,,,,,,,,11375.0,-97.74,VOLUME_OI,VolumeAndOISpikesScans_25AUG26_Report_3_8_2026.xlsx,0,SELL,
LODHA,1232.9,-0.29,12084375.0,0.18,,,,,,,,,75000.0,-97.75,VOLUME_OI,VolumeAndOISpikesScans_25AUG26_Report_3_8_2026.xlsx,0,SELL,
PNBHOUSING,1058.4,0.41,7421050.0,0.32,,,,,,,,,59150.0,-97.85,VOLUME_OI,VolumeAndOISpikesScans_25AUG26_Report_3_8_2026.xlsx,0,SELL,
360ONE,1147.3,0.64,4133500.0,-0.04,,,,,,,,,13500.0,-97.84,VOLUME_OI,VolumeAndOISpikesScans_25AUG26_Report_3_8_2026.xlsx,0,SELL,
VMM,108.4,0.67,44658800.0,-0.04,,,,,,,,,135800.0,-97.9,VOLUME_OI,VolumeAndOISpikesScans_25AUG26_Report_3_8_2026.xlsx,0,SELL,
GVT&D,4285.0,-0.88,2854125.0,0.26,,,,,,,,,20375.0,-98.05,VOLUME_OI,VolumeAndOISpikesScans_25AUG26_Report_3_8_2026.xlsx,0,SELL,
PHOENIXLTD,1895.5,-0.41,3681650.0,0.13,,,,,,,,,8400.0,-98.14,VOLUME_OI,VolumeAndOISpikesScans_25AUG26_Report_3_8_2026.xlsx,0,SELL,
PAGEIND,40280.0,0.06,233220.0,0.21,,,,,,,,,1360.0,-97.87,VOLUME_OI,VolumeAndOISpikesScans_25AUG26_Report_3_8_2026.xlsx,0,SELL,
LICHSGFIN,515.8,0.07,28557000.0,0.31,,,,,,,,,164000.0,-98.2,VOLUME_OI,VolumeAndOISpikesScans_25AUG26_Report_3_8_2026.xlsx,0,SELL,
MANKIND,2452.0,-0.56,3369750.0,0.28,,,,,,,,,37500.0,-98.23,VOLUME_OI,VolumeAndOISpikesScans_25AUG26_Report_3_8_2026.xlsx,0,SELL,
CUMMINSIND,5545.0,-0.07,3922200.0,0.1,,,,,,,,,12200.0,-98.27,VOLUME_OI,VolumeAndOISpikesScans_25AUG26_Report_3_8_2026.xlsx,0,SELL,
SWIGGY,281.65,-0.6,67714800.0,0.38,,,,,,,,,835850.0,-98.29,VOLUME_OI,VolumeAndOISpikesScans_25AUG26_Report_3_8_2026.xlsx,0,SELL,
TIINDIA,2779.9,0.48,2195000.0,0.12,,,,,,,,,4400.0,-98.87,VOLUME_OI,VolumeAndOISpikesScans_25AUG26_Report_3_8_2026.xlsx,0,SELL,
INDUSTOWER,394.85,0.39,90009900.0,0.0,,,,,,,,,212500.0,-98.98,VOLUME_OI,VolumeAndOISpikesScans_25AUG26_Report_3_8_2026.xlsx,0,SELL,
FOCIT,,,,,,,,,,,,,,,VOLUME_OI,VolumeAndOISpikesScans_25AUG26_Report_3_8_2026.xlsx,0,SELL,
BANKEX,,,,,,,,,,,,,,,VOLUME_OI,VolumeAndOISpikesScans_25AUG26_Report_3_8_2026.xlsx,0,SELL,
