Symbol,Price,Price Chg %,OI,OI Chg %,PCR,ATM Straddle %,IV Chg,IV Chg %,Fut OI,Fut OI Chg,Fut OI Chg %,Fut Buildup,Volume,Volume Chg %,Report_Type,Source_File,NTIS Intraday Score,Trade Bias,Reason,Pattern,Intraday Probability %,Confidence,Final Bias,Validation Signal,Risk Level,Entry Price,Stop Loss,Target,Replay Eligible,Filter Reason,High,Low,Close,Outcome,Outcome Reason,Exit Price,Points,Return %
FOCIT,37787.0,1.58,8100.0,11.11,,,,,,,,,1260.0,-62.67,VOLUME_OI,VolumeAndOISpikesScans_25AUG26_Report_30_7_2026.xlsx,40,NEUTRAL,Positive Price Momentum; Fresh OI Buildup,Fresh Long Buildup,75,HIGH,BUY,VALID BUY,MEDIUM,37787.0,37031.26,39298.48,True,Eligible,38029.0,37402.0,37449.0,EOD EXIT,Neither target nor stop reached; exited at close,37449.0,-338.0,-0.8944875221637071
IDEA,13.18,0.23,5889682950.0,0.0,,,,,,,,,11078625.0,-94.79,VOLUME_OI,VolumeAndOISpikesScans_25AUG26_Report_30_7_2026.xlsx,0,SELL,,Neutral,35,LOW,SELL,VALID SELL,HIGH,13.18,13.4436,12.6528,True,Eligible,13.28,12.92,12.95,EOD EXIT,Neither target nor stop reached; exited at close,12.95,0.23000000000000043,1.7450682852807315
INDUSINDBK,1006.0,-0.77,34617800.0,0.0,,,,,,,,,87500.0,-95.75,VOLUME_OI,VolumeAndOISpikesScans_25AUG26_Report_30_7_2026.xlsx,0,SELL,,Neutral,35,LOW,SELL,VALID SELL,HIGH,1006.0,1026.12,965.76,True,Eligible,1017.7,1003.1,1013.9,EOD EXIT,Neither target nor stop reached; exited at close,1013.9,-7.899999999999977,-0.7852882703777313
AUBANK,1036.0,-1.03,22147000.0,0.0,,,,,,,,,210000.0,-87.17,VOLUME_OI,VolumeAndOISpikesScans_25AUG26_Report_30_7_2026.xlsx,0,SELL,Negative Price Momentum,Neutral,35,LOW,SELL,VALID SELL,HIGH,1036.0,1056.72,994.56,True,Eligible,1046.2,1026.5,1034.7,EOD EXIT,Neither target nor stop reached; exited at close,1034.7,1.2999999999999545,0.1254826254826211
CIPLA,1484.0,0.08,9868075.0,0.0,,,,,,,,,43350.0,-97.37,VOLUME_OI,VolumeAndOISpikesScans_25AUG26_Report_30_7_2026.xlsx,0,SELL,,Neutral,35,LOW,SELL,VALID SELL,HIGH,1484.0,1513.68,1424.64,True,Eligible,1488.7,1471.1,1473.1,EOD EXIT,Neither target nor stop reached; exited at close,1473.1,10.900000000000091,0.734501347708901
JSWSTEEL,1281.4,-0.19,39320100.0,0.0,,,,,,,,,31050.0,-98.85,VOLUME_OI,VolumeAndOISpikesScans_25AUG26_Report_30_7_2026.xlsx,0,SELL,,Neutral,35,LOW,SELL,VALID SELL,HIGH,1281.4,1307.028,1230.144,True,Eligible,1288.9,1268.0,1277.3,EOD EXIT,Neither target nor stop reached; exited at close,1277.3,4.100000000000136,0.3199625409708238
LT,3938.3,-0.17,12023900.0,0.0,,,,,,,,,63350.0,-98.29,VOLUME_OI,VolumeAndOISpikesScans_25AUG26_Report_30_7_2026.xlsx,0,SELL,,Neutral,35,LOW,SELL,VALID SELL,HIGH,3938.3,4017.066,3780.768,True,Eligible,3963.9,3895.3,3951.0,EOD EXIT,Neither target nor stop reached; exited at close,3951.0,-12.699999999999818,-0.32247416397937734
COALINDIA,409.45,0.59,75728250.0,0.0,,,,,,,,,224100.0,-97.18,VOLUME_OI,VolumeAndOISpikesScans_25AUG26_Report_30_7_2026.xlsx,0,SELL,,Neutral,35,LOW,SELL,VALID SELL,HIGH,409.45,417.639,393.072,True,Eligible,415.2,406.7,414.0,EOD EXIT,Neither target nor stop reached; exited at close,414.0,-4.550000000000011,-1.1112467944804032
BHARTIARTL,1966.5,0.5,57743375.0,0.0,,,,,,,,,137750.0,-96.43,VOLUME_OI,VolumeAndOISpikesScans_25AUG26_Report_30_7_2026.xlsx,0,SELL,,Neutral,35,LOW,SELL,VALID SELL,HIGH,1966.5,2005.83,1887.84,True,Eligible,1969.0,1951.4,1961.8,EOD EXIT,Neither target nor stop reached; exited at close,1961.8,4.7000000000000455,0.23900330536486375
PRESTIGE,1626.8,-2.91,4983750.0,2.97,,,,,,,,,410400.0,-58.71,VOLUME_OI,VolumeAndOISpikesScans_25AUG26_Report_30_7_2026.xlsx,0,SELL,Negative Price Momentum; Fresh OI Buildup,Short Buildup,20,LOW,SELL,VALID SELL,HIGH,1626.8,1659.336,1561.7279999999998,True,Eligible,1636.0,1595.0,1600.3,EOD EXIT,Neither target nor stop reached; exited at close,1600.3,26.5,1.6289648389476274
EICHERMOT,7732.0,-0.17,4065000.0,2.94,,,,,,,,,353200.0,-34.67,VOLUME_OI,VolumeAndOISpikesScans_25AUG26_Report_30_7_2026.xlsx,20,SELL,Fresh OI Buildup,Short Buildup,20,LOW,SELL,VALID SELL,HIGH,7732.0,7886.64,7422.719999999999,True,Eligible,7896.0,7672.5,7869.5,STOP LOSS HIT,Stop loss breached during replay range,7886.64,-154.64000000000033,-2.000000000000004
AMBUJACEM,434.65,-0.79,79564800.0,0.08,,,,,,,,,232800.0,-98.35,VOLUME_OI,VolumeAndOISpikesScans_25AUG26_Report_30_7_2026.xlsx,0,SELL,,Short Buildup,20,LOW,SELL,VALID SELL,HIGH,434.65,443.343,417.264,True,Eligible,437.3,428.2,436.0,EOD EXIT,Neither target nor stop reached; exited at close,436.0,-1.3500000000000227,-0.31059473139308014
BANDHANBNK,172.19,-0.53,129949200.0,0.03,,,,,,,,,464400.0,-98.24,VOLUME_OI,VolumeAndOISpikesScans_25AUG26_Report_30_7_2026.xlsx,0,SELL,,Short Buildup,20,LOW,SELL,VALID SELL,HIGH,172.19,175.6338,165.3024,True,Eligible,173.75,170.76,172.24,EOD EXIT,Neither target nor stop reached; exited at close,172.24,-0.05000000000001137,-0.02903769092282442
SHREECEM,26550.0,-0.17,320800.0,0.03,,,,,,,,,950.0,-97.3,VOLUME_OI,VolumeAndOISpikesScans_25AUG26_Report_30_7_2026.xlsx,0,SELL,,Short Buildup,20,LOW,SELL,VALID SELL,HIGH,26550.0,27081.0,25488.0,True,Eligible,26565.0,26140.0,26295.0,EOD EXIT,Neither target nor stop reached; exited at close,26295.0,255.0,0.96045197740113
CUMMINSIND,5378.0,-0.66,3983800.0,0.09,,,,,,,,,18600.0,-97.33,VOLUME_OI,VolumeAndOISpikesScans_25AUG26_Report_30_7_2026.xlsx,0,SELL,,Short Buildup,20,LOW,SELL,VALID SELL,HIGH,5378.0,5485.56,5162.88,True,Eligible,5448.0,5341.5,5414.0,EOD EXIT,Neither target nor stop reached; exited at close,5414.0,-36.0,-0.669393826701376
KEI,4809.0,-1.05,2023525.0,0.05,,,,,,,,,5075.0,-97.3,VOLUME_OI,VolumeAndOISpikesScans_25AUG26_Report_30_7_2026.xlsx,0,SELL,Negative Price Momentum,Short Buildup,20,LOW,SELL,VALID SELL,HIGH,4809.0,4905.18,4616.639999999999,True,Eligible,4858.5,4750.0,4815.0,EOD EXIT,Neither target nor stop reached; exited at close,4815.0,-6.0,-0.12476606363069245
IRFC,89.22,-0.38,80865050.0,0.32,,,,,,,,,721525.0,-93.89,VOLUME_OI,VolumeAndOISpikesScans_25AUG26_Report_30_7_2026.xlsx,0,SELL,,Short Buildup,20,LOW,SELL,VALID SELL,HIGH,89.22,91.0044,85.65119999999999,True,Eligible,89.8,87.3,88.71,EOD EXIT,Neither target nor stop reached; exited at close,88.71,0.5100000000000051,0.5716207128446593
PNB,111.34,-0.38,293512000.0,0.04,,,,,,,,,1016000.0,-94.05,VOLUME_OI,VolumeAndOISpikesScans_25AUG26_Report_30_7_2026.xlsx,0,SELL,,Short Buildup,20,LOW,SELL,VALID SELL,HIGH,111.34,113.5668,106.8864,True,Eligible,112.22,110.75,111.99,EOD EXIT,Neither target nor stop reached; exited at close,111.99,-0.6499999999999915,-0.583797377402543
DABUR,419.4,-3.72,29977500.0,2.05,,,,,,,,,2886250.0,-39.95,VOLUME_OI,VolumeAndOISpikesScans_25AUG26_Report_30_7_2026.xlsx,0,SELL,Negative Price Momentum; Fresh OI Buildup,Short Buildup,20,LOW,SELL,VALID SELL,HIGH,419.4,427.788,402.624,True,Eligible,433.0,416.85,428.0,STOP LOSS HIT,Stop loss breached during replay range,427.788,-8.388000000000034,-2.000000000000008
ADANIENSOL,1642.0,-1.84,19190925.0,0.2,,,,,,,,,143775.0,-93.64,VOLUME_OI,VolumeAndOISpikesScans_25AUG26_Report_30_7_2026.xlsx,0,SELL,Negative Price Momentum,Short Buildup,20,LOW,SELL,VALID SELL,HIGH,1642.0,1674.84,1576.32,True,Eligible,1680.0,1637.0,1662.8,STOP LOSS HIT,Stop loss breached during replay range,1674.84,-32.83999999999992,-1.9999999999999951
BAJFINANCE,1054.6,-0.27,65808750.0,0.23,,,,,,,,,453000.0,-93.55,VOLUME_OI,VolumeAndOISpikesScans_25AUG26_Report_30_7_2026.xlsx,0,SELL,,Short Buildup,20,LOW,SELL,VALID SELL,HIGH,1054.6,1075.692,1012.4159999999998,True,Eligible,1071.0,1039.1,1058.2,EOD EXIT,Neither target nor stop reached; exited at close,1058.2,-3.6000000000001364,-0.3413616537075798
IDFCFIRSTB,84.32,-0.86,353767050.0,0.14,,,,,,,,,1864275.0,-93.7,VOLUME_OI,VolumeAndOISpikesScans_25AUG26_Report_30_7_2026.xlsx,0,SELL,,Short Buildup,20,LOW,SELL,VALID SELL,HIGH,84.32,86.0064,80.9472,True,Eligible,85.08,83.81,84.76,EOD EXIT,Neither target nor stop reached; exited at close,84.76,-0.44000000000001194,-0.521821631878572
BSE,3540.0,-0.37,8271200.0,0.09,,,,,,,,,96600.0,-92.11,VOLUME_OI,VolumeAndOISpikesScans_25AUG26_Report_30_7_2026.xlsx,0,SELL,,Short Buildup,20,LOW,SELL,VALID SELL,HIGH,3540.0,3610.8,3398.4,True,Eligible,3554.0,3512.6,3538.9,EOD EXIT,Neither target nor stop reached; exited at close,3538.9,1.099999999999909,0.031073446327681047
SUZLON,46.66,-2.0,459676500.0,0.06,,,,,,,,,7861300.0,-93.41,VOLUME_OI,VolumeAndOISpikesScans_25AUG26_Report_30_7_2026.xlsx,0,SELL,Negative Price Momentum,Short Buildup,20,LOW,SELL,VALID SELL,HIGH,46.66,47.5932,44.7936,True,Eligible,47.99,46.37,47.49,STOP LOSS HIT,Stop loss breached during replay range,47.5932,-0.9332000000000065,-2.0000000000000138
ADANIGREEN,1358.6,-1.68,26299200.0,0.2,,,,,,,,,157200.0,-93.35,VOLUME_OI,VolumeAndOISpikesScans_25AUG26_Report_30_7_2026.xlsx,0,SELL,Negative Price Momentum,Short Buildup,20,LOW,SELL,VALID SELL,HIGH,1358.6,1385.772,1304.256,True,Eligible,1380.0,1357.3,1366.4,EOD EXIT,Neither target nor stop reached; exited at close,1366.4,-7.800000000000182,-0.5741204180774461
PREMIERENE,998.2,-3.14,6583200.0,2.48,,,,,,,,,358800.0,-53.06,VOLUME_OI,VolumeAndOISpikesScans_25AUG26_Report_30_7_2026.xlsx,0,SELL,Negative Price Momentum; Fresh OI Buildup,Short Buildup,20,LOW,SELL,VALID SELL,HIGH,998.2,1018.164,958.272,True,Eligible,1010.1,971.8,986.6,EOD EXIT,Neither target nor stop reached; exited at close,986.6,11.600000000000023,1.1620917651773213
WAAREEENER,2553.7,-6.53,7435050.0,5.01,,,,,,,,,1126650.0,-15.66,VOLUME_OI,VolumeAndOISpikesScans_25AUG26_Report_30_7_2026.xlsx,0,SELL,Negative Price Momentum; Fresh OI Buildup,Short Buildup,20,LOW,SELL,VALID SELL,HIGH,2553.7,2604.774,2451.552,True,Eligible,2650.0,2540.0,2588.4,STOP LOSS HIT,Stop loss breached during replay range,2604.774,-51.07400000000007,-2.0000000000000027
GMRAIRPORT,106.01,-1.54,128123775.0,0.2,,,,,,,,,920700.0,-92.99,VOLUME_OI,VolumeAndOISpikesScans_25AUG26_Report_30_7_2026.xlsx,0,SELL,Negative Price Momentum,Short Buildup,20,LOW,SELL,VALID SELL,HIGH,106.01,108.1302,101.7696,True,Eligible,107.23,103.5,104.22,EOD EXIT,Neither target nor stop reached; exited at close,104.22,1.7900000000000063,1.6885199509480295
HDFCBANK,750.6,-0.02,297941800.0,0.1,,,,,,,,,1482000.0,-92.2,VOLUME_OI,VolumeAndOISpikesScans_25AUG26_Report_30_7_2026.xlsx,0,SELL,,Short Buildup,20,LOW,SELL,VALID SELL,HIGH,750.6,765.6120000000001,720.576,True,Eligible,759.1,747.5,756.85,EOD EXIT,Neither target nor stop reached; exited at close,756.85,-6.25,-0.8326671995736744
TRENT,3008.0,-0.17,11171925.0,0.12,,,,,,,,,90225.0,-89.61,VOLUME_OI,VolumeAndOISpikesScans_25AUG26_Report_30_7_2026.xlsx,0,SELL,,Short Buildup,20,LOW,SELL,VALID SELL,HIGH,3008.0,3068.16,2887.68,True,Eligible,3055.0,2996.0,3011.6,EOD EXIT,Neither target nor stop reached; exited at close,3011.6,-3.599999999999909,-0.11968085106382677
KPITTECH,601.25,-5.71,12883600.0,4.7,,,,,,,,,2615625.0,-90.23,VOLUME_OI,VolumeAndOISpikesScans_25AUG26_Report_30_7_2026.xlsx,0,SELL,Negative Price Momentum; Fresh OI Buildup,Short Buildup,20,LOW,SELL,VALID SELL,HIGH,601.25,613.275,577.1999999999999,True,Eligible,618.25,573.9,584.4,TARGET HIT,Target reached during replay range,577.1999999999999,24.050000000000068,4.0000000000000115
360ONE,1154.8,-0.85,4433500.0,0.48,,,,,,,,,153000.0,-79.79,VOLUME_OI,VolumeAndOISpikesScans_25AUG26_Report_30_7_2026.xlsx,0,SELL,,Short Buildup,20,LOW,SELL,VALID SELL,HIGH,1154.8,1177.896,1108.608,True,Eligible,1165.2,1128.7,1145.5,EOD EXIT,Neither target nor stop reached; exited at close,1145.5,9.299999999999955,0.8053342570141977
HINDPETRO,392.9,-0.56,42091650.0,0.3,,,,,,,,,295650.0,-91.4,VOLUME_OI,VolumeAndOISpikesScans_25AUG26_Report_30_7_2026.xlsx,0,SELL,,Short Buildup,20,LOW,SELL,VALID SELL,HIGH,392.9,400.758,377.184,True,Eligible,395.0,388.35,390.65,EOD EXIT,Neither target nor stop reached; exited at close,390.65,2.25,0.5726648002036142
LICHSGFIN,538.5,-1.58,23691000.0,0.54,,,,,,,,,251000.0,-90.55,VOLUME_OI,VolumeAndOISpikesScans_25AUG26_Report_30_7_2026.xlsx,0,SELL,Negative Price Momentum,Short Buildup,20,LOW,SELL,VALID SELL,HIGH,538.5,549.27,516.96,True,Eligible,546.75,528.0,532.35,EOD EXIT,Neither target nor stop reached; exited at close,532.35,6.149999999999977,1.1420612813370432
MAZDOCK,2294.1,-0.75,4916925.0,0.22,,,,,,,,,21600.0,-90.87,VOLUME_OI,VolumeAndOISpikesScans_25AUG26_Report_30_7_2026.xlsx,0,SELL,,Short Buildup,20,LOW,SELL,VALID SELL,HIGH,2294.1,2339.982,2202.336,True,Eligible,2338.4,2263.6,2315.0,EOD EXIT,Neither target nor stop reached; exited at close,2315.0,-20.90000000000009,-0.9110326489690986
BANKNIFTY,57083.6,-0.45,2091390.0,0.27,,,,,,,,,56580.0,-89.5,VOLUME_OI,VolumeAndOISpikesScans_25AUG26_Report_30_7_2026.xlsx,0,SELL,,Short Buildup,20,LOW,SELL,VALID SELL,HIGH,57083.6,58225.272,54800.256,True,Eligible,57350.0,56925.0,57294.6,EOD EXIT,Neither target nor stop reached; exited at close,57294.6,-211.0,-0.36963330974220265
SENSEX,77650.0,-0.07,25220.0,0.56,,,,,,,,,2500.0,-91.26,VOLUME_OI,VolumeAndOISpikesScans_25AUG26_Report_30_7_2026.xlsx,0,SELL,,Short Buildup,20,LOW,SELL,VALID SELL,HIGH,77650.0,79203.0,74544.0,True,Eligible,77971.7,77423.0,77965.45,EOD EXIT,Neither target nor stop reached; exited at close,77965.45,-315.4499999999971,-0.40624597553122616
INDIANB,828.5,-0.43,12391000.0,0.12,,,,,,,,,108000.0,-91.43,VOLUME_OI,VolumeAndOISpikesScans_25AUG26_Report_30_7_2026.xlsx,0,SELL,,Short Buildup,20,LOW,SELL,VALID SELL,HIGH,828.5,845.07,795.36,True,Eligible,836.9,822.4,831.65,EOD EXIT,Neither target nor stop reached; exited at close,831.65,-3.1499999999999773,-0.3802051901025923
BPCL,318.75,-0.17,38692225.0,0.16,,,,,,,,,240950.0,-91.71,VOLUME_OI,VolumeAndOISpikesScans_25AUG26_Report_30_7_2026.xlsx,0,SELL,,Short Buildup,20,LOW,SELL,VALID SELL,HIGH,318.75,325.125,306.0,True,Eligible,319.95,314.7,317.5,EOD EXIT,Neither target nor stop reached; exited at close,317.5,1.25,0.39215686274509803
NBCC,93.52,-1.37,100295000.0,0.1,,,,,,,,,533000.0,-89.15,VOLUME_OI,VolumeAndOISpikesScans_25AUG26_Report_30_7_2026.xlsx,0,SELL,Negative Price Momentum,Short Buildup,20,LOW,SELL,VALID SELL,HIGH,93.52,95.3904,89.77919999999999,True,Eligible,94.35,93.11,93.71,EOD EXIT,Neither target nor stop reached; exited at close,93.71,-0.18999999999999773,-0.2031650983746768
INOXWIND,75.32,-2.31,106176000.0,0.75,,,,,,,,,1708800.0,-91.95,VOLUME_OI,VolumeAndOISpikesScans_25AUG26_Report_30_7_2026.xlsx,0,SELL,Negative Price Momentum,Short Buildup,20,LOW,SELL,VALID SELL,HIGH,75.32,76.82639999999999,72.3072,True,Eligible,76.82,73.98,75.29,EOD EXIT,Neither target nor stop reached; exited at close,75.29,0.029999999999986926,0.039830058417401656
ASIANPAINT,2684.0,-3.1,7979750.0,1.63,,,,,,,,,597250.0,-93.48,VOLUME_OI,VolumeAndOISpikesScans_25AUG26_Report_30_7_2026.xlsx,0,SELL,Negative Price Momentum,Short Buildup,20,LOW,SELL,VALID SELL,HIGH,2684.0,2737.68,2576.64,True,Eligible,2772.5,2675.0,2757.2,STOP LOSS HIT,Stop loss breached during replay range,2737.68,-53.679999999999836,-1.9999999999999938
SBIN,1017.4,-0.24,80880000.0,0.02,,,,,,,,,280500.0,-92.55,VOLUME_OI,VolumeAndOISpikesScans_25AUG26_Report_30_7_2026.xlsx,0,SELL,,Short Buildup,20,LOW,SELL,VALID SELL,HIGH,1017.4,1037.748,976.704,True,Eligible,1032.9,1011.4,1028.8,EOD EXIT,Neither target nor stop reached; exited at close,1028.8,-11.399999999999977,-1.1205032435620186
INDIGO,5242.0,-0.98,5638200.0,0.24,,,,,,,,,64200.0,-88.58,VOLUME_OI,VolumeAndOISpikesScans_25AUG26_Report_30_7_2026.xlsx,0,SELL,,Short Buildup,20,LOW,SELL,VALID SELL,HIGH,5242.0,5346.84,5032.32,True,Eligible,5277.0,5215.0,5243.5,EOD EXIT,Neither target nor stop reached; exited at close,5243.5,-1.5,-0.028615032430370085
ADANIPORTS,1679.1,-2.88,20870550.0,1.42,,,,,,,,,1140000.0,-87.71,VOLUME_OI,VolumeAndOISpikesScans_25AUG26_Report_30_7_2026.xlsx,0,SELL,Negative Price Momentum,Short Buildup,20,LOW,SELL,VALID SELL,HIGH,1679.1,1712.682,1611.936,True,Eligible,1730.0,1664.1,1670.8,STOP LOSS HIT,Stop loss breached during replay range,1712.682,-33.58200000000011,-2.0000000000000067
YESBANK,22.81,-0.7,1192996000.0,0.15,,,,,,,,,7339600.0,-86.74,VOLUME_OI,VolumeAndOISpikesScans_25AUG26_Report_30_7_2026.xlsx,0,SELL,,Short Buildup,20,LOW,SELL,VALID SELL,HIGH,22.81,23.2662,21.8976,True,Eligible,22.97,22.51,22.6,EOD EXIT,Neither target nor stop reached; exited at close,22.6,0.2099999999999973,0.9206488382288353
ULTRACEMCO,11840.0,-1.77,1761050.0,0.08,,,,,,,,,20100.0,-85.48,VOLUME_OI,VolumeAndOISpikesScans_25AUG26_Report_30_7_2026.xlsx,0,SELL,Negative Price Momentum,Short Buildup,20,LOW,SELL,VALID SELL,HIGH,11840.0,12076.8,11366.4,True,Eligible,11889.0,11780.0,11878.0,EOD EXIT,Neither target nor stop reached; exited at close,11878.0,-38.0,-0.32094594594594594
UNOMINDA,1170.7,-0.39,4519900.0,0.97,,,,,,,,,76450.0,-90.31,VOLUME_OI,VolumeAndOISpikesScans_25AUG26_Report_30_7_2026.xlsx,0,SELL,,Short Buildup,20,LOW,SELL,VALID SELL,HIGH,1170.7,1194.114,1123.872,True,Eligible,1189.5,1168.6,1178.8,EOD EXIT,Neither target nor stop reached; exited at close,1178.8,-8.099999999999909,-0.691893738788751
SHRIRAMFIN,1040.6,-0.67,27173850.0,0.52,,,,,,,,,300300.0,-89.23,VOLUME_OI,VolumeAndOISpikesScans_25AUG26_Report_30_7_2026.xlsx,0,SELL,,Short Buildup,20,LOW,SELL,VALID SELL,HIGH,1040.6,1061.412,998.976,True,Eligible,1045.5,1022.0,1029.8,EOD EXIT,Neither target nor stop reached; exited at close,1029.8,10.799999999999955,1.037862771477989
MCX,2715.0,-0.63,7017075.0,0.19,,,,,,,,,89325.0,-89.44,VOLUME_OI,VolumeAndOISpikesScans_25AUG26_Report_30_7_2026.xlsx,0,SELL,,Short Buildup,20,LOW,SELL,VALID SELL,HIGH,2715.0,2769.3,2606.4,True,Eligible,2738.7,2670.0,2687.1,EOD EXIT,Neither target nor stop reached; exited at close,2687.1,27.90000000000009,1.0276243093922686
JSWENERGY,544.75,-0.78,24969025.0,0.08,,,,,,,,,74175.0,-94.99,VOLUME_OI,VolumeAndOISpikesScans_25AUG26_Report_30_7_2026.xlsx,0,SELL,,Short Buildup,20,LOW,SELL,VALID SELL,HIGH,544.75,555.645,522.96,True,Eligible,549.8,543.1,546.85,EOD EXIT,Neither target nor stop reached; exited at close,546.85,-2.1000000000000227,-0.38549793483249617
PGEL,615.65,-0.14,10454750.0,0.47,,,,,,,,,217550.0,-94.65,VOLUME_OI,VolumeAndOISpikesScans_25AUG26_Report_30_7_2026.xlsx,0,SELL,,Short Buildup,20,LOW,SELL,VALID SELL,HIGH,615.65,627.963,591.024,True,Eligible,626.3,609.0,616.75,EOD EXIT,Neither target nor stop reached; exited at close,616.75,-1.1000000000000227,-0.17867294729148425
OBEROIRLTY,1826.1,-0.75,5493600.0,0.1,,,,,,,,,24500.0,-94.5,VOLUME_OI,VolumeAndOISpikesScans_25AUG26_Report_30_7_2026.xlsx,0,SELL,,Short Buildup,20,LOW,SELL,VALID SELL,HIGH,1826.1,1862.622,1753.0559999999998,True,Eligible,1849.7,1812.1,1819.0,EOD EXIT,Neither target nor stop reached; exited at close,1819.0,7.099999999999909,0.3888067466184716
PIDILITIND,1634.5,-0.1,7645500.0,0.21,,,,,,,,,51000.0,-95.69,VOLUME_OI,VolumeAndOISpikesScans_25AUG26_Report_30_7_2026.xlsx,0,SELL,,Short Buildup,20,LOW,SELL,VALID SELL,HIGH,1634.5,1667.19,1569.12,True,Eligible,1645.9,1626.3,1636.5,EOD EXIT,Neither target nor stop reached; exited at close,1636.5,-2.0,-0.1223615784643622
POLICYBZR,1608.7,-0.52,9336950.0,0.02,,,,,,,,,24150.0,-95.88,VOLUME_OI,VolumeAndOISpikesScans_25AUG26_Report_30_7_2026.xlsx,0,SELL,,Short Buildup,20,LOW,SELL,VALID SELL,HIGH,1608.7,1640.874,1544.352,True,Eligible,1614.6,1585.0,1598.1,EOD EXIT,Neither target nor stop reached; exited at close,1598.1,10.600000000000136,0.6589171380617975
NIFTYNXT50,72650.0,-0.01,15825.0,0.48,,,,,,,,,125.0,-95.87,VOLUME_OI,VolumeAndOISpikesScans_25AUG26_Report_30_7_2026.xlsx,0,SELL,,Short Buildup,20,LOW,SELL,VALID SELL,HIGH,72650.0,74103.0,69744.0,True,Eligible,72800.0,72330.0,72718.4,EOD EXIT,Neither target nor stop reached; exited at close,72718.4,-68.39999999999418,-0.09415003441155427
CANBK,124.88,-0.46,402509250.0,0.01,,,,,,,,,870750.0,-95.75,VOLUME_OI,VolumeAndOISpikesScans_25AUG26_Report_30_7_2026.xlsx,0,SELL,,Short Buildup,20,LOW,SELL,VALID SELL,HIGH,124.88,127.3776,119.88479999999998,True,Eligible,125.64,124.2,124.92,EOD EXIT,Neither target nor stop reached; exited at close,124.92,-0.04000000000000625,-0.032030749519543766
APOLLOHOSP,8956.5,-0.08,1921000.0,0.01,,,,,,,,,4750.0,-95.09,VOLUME_OI,VolumeAndOISpikesScans_25AUG26_Report_30_7_2026.xlsx,0,SELL,,Short Buildup,20,LOW,SELL,VALID SELL,HIGH,8956.5,9135.63,8598.24,True,Eligible,9024.0,8910.5,9001.0,EOD EXIT,Neither target nor stop reached; exited at close,9001.0,-44.5,-0.496845866130743
GLENMARK,2260.0,-0.56,11598375.0,0.04,,,,,,,,,60000.0,-95.41,VOLUME_OI,VolumeAndOISpikesScans_25AUG26_Report_30_7_2026.xlsx,0,SELL,,Short Buildup,20,LOW,SELL,VALID SELL,HIGH,2260.0,2305.2,2169.6,True,Eligible,2279.9,2187.2,2198.9,EOD EXIT,Neither target nor stop reached; exited at close,2198.9,61.09999999999991,2.703539823008845
NHPC,77.75,-0.49,121458200.0,0.03,,,,,,,,,326650.0,-96.2,VOLUME_OI,VolumeAndOISpikesScans_25AUG26_Report_30_7_2026.xlsx,0,SELL,,Short Buildup,20,LOW,SELL,VALID SELL,HIGH,77.75,79.305,74.64,True,Eligible,78.54,77.36,78.36,EOD EXIT,Neither target nor stop reached; exited at close,78.36,-0.6099999999999994,-0.7845659163987131
DLF,669.05,-0.48,46986050.0,0.08,,,,,,,,,169100.0,-96.1,VOLUME_OI,VolumeAndOISpikesScans_25AUG26_Report_30_7_2026.xlsx,0,SELL,,Short Buildup,20,LOW,SELL,VALID SELL,HIGH,669.05,682.4309999999999,642.2879999999999,True,Eligible,671.6,654.3,657.75,EOD EXIT,Neither target nor stop reached; exited at close,657.75,11.299999999999955,1.688961960989456
ABCAPITAL,397.0,-0.77,33935700.0,0.03,,,,,,,,,300700.0,-95.76,VOLUME_OI,VolumeAndOISpikesScans_25AUG26_Report_30_7_2026.xlsx,0,SELL,,Short Buildup,20,LOW,SELL,VALID SELL,HIGH,397.0,404.94,381.12,True,Eligible,400.5,393.3,395.85,EOD EXIT,Neither target nor stop reached; exited at close,395.85,1.1499999999999773,0.28967254408059884
MOTHERSON,145.71,-0.52,127624800.0,0.37,,,,,,,,,744150.0,-95.25,VOLUME_OI,VolumeAndOISpikesScans_25AUG26_Report_30_7_2026.xlsx,0,SELL,,Short Buildup,20,LOW,SELL,VALID SELL,HIGH,145.71,148.6242,139.8816,True,Eligible,147.95,145.4,147.13,EOD EXIT,Neither target nor stop reached; exited at close,147.13,-1.4199999999999875,-0.9745384668176429
MOTILALOFS,850.65,-1.13,6960275.0,0.16,,,,,,,,,38750.0,-95.04,VOLUME_OI,VolumeAndOISpikesScans_25AUG26_Report_30_7_2026.xlsx,0,SELL,Negative Price Momentum,Short Buildup,20,LOW,SELL,VALID SELL,HIGH,850.65,867.663,816.6239999999999,True,Eligible,860.05,839.3,841.45,EOD EXIT,Neither target nor stop reached; exited at close,841.45,9.199999999999932,1.08152589196496
SRF,2643.0,-0.56,4420200.0,0.07,,,,,,,,,17800.0,-94.57,VOLUME_OI,VolumeAndOISpikesScans_25AUG26_Report_30_7_2026.xlsx,0,SELL,,Short Buildup,20,LOW,SELL,VALID SELL,HIGH,2643.0,2695.86,2537.28,True,Eligible,2660.7,2608.4,2619.9,EOD EXIT,Neither target nor stop reached; exited at close,2619.9,23.09999999999991,0.8740068104426754
GVT&D,4084.3,-0.82,2944375.0,0.59,,,,,,,,,36500.0,-94.51,VOLUME_OI,VolumeAndOISpikesScans_25AUG26_Report_30_7_2026.xlsx,0,SELL,,Short Buildup,20,LOW,SELL,VALID SELL,HIGH,4084.3,4165.986,3920.928,True,Eligible,4249.0,4012.3,4215.9,STOP LOSS HIT,Stop loss breached during replay range,4165.986,-81.6859999999997,-1.9999999999999925
ICICIBANK,1421.8,-0.65,106572200.0,0.1,,,,,,,,,364000.0,-94.77,VOLUME_OI,VolumeAndOISpikesScans_25AUG26_Report_30_7_2026.xlsx,0,SELL,,Short Buildup,20,LOW,SELL,VALID SELL,HIGH,1421.8,1450.236,1364.928,True,Eligible,1432.8,1419.0,1428.5,EOD EXIT,Neither target nor stop reached; exited at close,1428.5,-6.7000000000000455,-0.47123364748910157
RVNL,223.54,-0.85,34825175.0,0.27,,,,,,,,,315700.0,-95.16,VOLUME_OI,VolumeAndOISpikesScans_25AUG26_Report_30_7_2026.xlsx,0,SELL,,Short Buildup,20,LOW,SELL,VALID SELL,HIGH,223.54,228.0108,214.5984,True,Eligible,225.44,222.11,223.46,EOD EXIT,Neither target nor stop reached; exited at close,223.46,0.07999999999998408,0.03578777847364413
MANAPPURAM,371.95,-0.01,53469000.0,0.45,,,,,,,,,543000.0,-94.21,VOLUME_OI,VolumeAndOISpikesScans_25AUG26_Report_30_7_2026.xlsx,0,SELL,,Short Buildup,20,LOW,SELL,VALID SELL,HIGH,371.95,379.389,357.072,True,Eligible,381.5,367.45,368.95,STOP LOSS HIT,Stop loss breached during replay range,379.389,-7.439000000000021,-2.0000000000000058
MIDCPNIFTY,14714.55,-0.1,1889640.0,0.07,,,,,,,,,12600.0,-94.76,VOLUME_OI,VolumeAndOISpikesScans_25AUG26_Report_30_7_2026.xlsx,0,SELL,,Short Buildup,20,LOW,SELL,VALID SELL,HIGH,14714.55,15008.841,14125.968,True,Eligible,14778.45,14630.0,14705.2,EOD EXIT,Neither target nor stop reached; exited at close,14705.2,9.349999999998545,0.06354254802218583
SBICARD,660.1,-0.02,21792000.0,0.3,,,,,,,,,116800.0,-94.1,VOLUME_OI,VolumeAndOISpikesScans_25AUG26_Report_30_7_2026.xlsx,0,SELL,,Short Buildup,20,LOW,SELL,VALID SELL,HIGH,660.1,673.302,633.696,True,Eligible,662.0,651.7,653.45,EOD EXIT,Neither target nor stop reached; exited at close,653.45,6.649999999999977,1.0074231177094346
PNBHOUSING,1042.3,-0.82,7407400.0,0.21,,,,,,,,,68250.0,-94.26,VOLUME_OI,VolumeAndOISpikesScans_25AUG26_Report_30_7_2026.xlsx,0,SELL,,Short Buildup,20,LOW,SELL,VALID SELL,HIGH,1042.3,1063.146,1000.608,True,Eligible,1060.1,1018.0,1029.6,EOD EXIT,Neither target nor stop reached; exited at close,1029.6,12.700000000000045,1.2184591768204975
NATIONALUM,346.85,-0.06,43867500.0,0.01,,,,,,,,,474375.0,-94.39,VOLUME_OI,VolumeAndOISpikesScans_25AUG26_Report_30_7_2026.xlsx,0,SELL,,Short Buildup,20,LOW,SELL,VALID SELL,HIGH,346.85,353.78700000000003,332.976,True,Eligible,351.7,344.4,349.9,EOD EXIT,Neither target nor stop reached; exited at close,349.9,-3.0499999999999545,-0.8793426553264969
ADANIPOWER,208.6,-0.92,153388400.0,0.2,,,,,,,,,752600.0,-94.4,VOLUME_OI,VolumeAndOISpikesScans_25AUG26_Report_30_7_2026.xlsx,0,SELL,,Short Buildup,20,LOW,SELL,VALID SELL,HIGH,208.6,212.772,200.256,True,Eligible,212.39,207.93,209.73,EOD EXIT,Neither target nor stop reached; exited at close,209.73,-1.1299999999999955,-0.5417066155321167
CROMPTON,263.75,-0.88,58234900.0,0.01,,,,,,,,,645000.0,-94.11,VOLUME_OI,VolumeAndOISpikesScans_25AUG26_Report_30_7_2026.xlsx,0,SELL,,Short Buildup,20,LOW,SELL,VALID SELL,HIGH,263.75,269.025,253.2,True,Eligible,266.8,259.6,261.55,EOD EXIT,Neither target nor stop reached; exited at close,261.55,2.1999999999999886,0.8341232227488109
GRASIM,3114.6,-0.16,11924500.0,0.01,,,,,,,,,7250.0,-98.53,VOLUME_OI,VolumeAndOISpikesScans_25AUG26_Report_30_7_2026.xlsx,0,SELL,,Short Buildup,20,LOW,SELL,VALID SELL,HIGH,3114.6,3176.892,2990.016,True,Eligible,3118.7,3093.8,3112.5,EOD EXIT,Neither target nor stop reached; exited at close,3112.5,2.099999999999909,0.06742438836447406
GODREJCP,1073.4,-0.11,10182000.0,0.01,,,,,,,,,6000.0,-99.25,VOLUME_OI,VolumeAndOISpikesScans_25AUG26_Report_30_7_2026.xlsx,0,SELL,,Short Buildup,20,LOW,SELL,VALID SELL,HIGH,1073.4,1094.8680000000002,1030.464,True,Eligible,1079.7,1065.1,1073.5,EOD EXIT,Neither target nor stop reached; exited at close,1073.5,-0.09999999999990905,-0.009316191540889607
UPL,611.35,-0.23,30281540.0,0.01,,,,,,,,,52845.0,-97.96,VOLUME_OI,VolumeAndOISpikesScans_25AUG26_Report_30_7_2026.xlsx,0,SELL,,Short Buildup,20,LOW,SELL,VALID SELL,HIGH,611.35,623.577,586.896,True,Eligible,611.95,603.5,606.05,EOD EXIT,Neither target nor stop reached; exited at close,606.05,5.300000000000068,0.8669338349554377
NTPC,344.7,-0.25,100576500.0,0.01,,,,,,,,,100500.0,-97.95,VOLUME_OI,VolumeAndOISpikesScans_25AUG26_Report_30_7_2026.xlsx,0,SELL,,Short Buildup,20,LOW,SELL,VALID SELL,HIGH,344.7,351.594,330.912,True,Eligible,348.9,343.95,345.95,EOD EXIT,Neither target nor stop reached; exited at close,345.95,-1.25,-0.3626341746446185
IREDA,118.3,-0.73,63512900.0,0.11,,,,,,,,,153850.0,-97.53,VOLUME_OI,VolumeAndOISpikesScans_25AUG26_Report_30_7_2026.xlsx,0,SELL,,Short Buildup,20,LOW,SELL,VALID SELL,HIGH,118.3,120.666,113.568,True,Eligible,118.99,116.05,116.86,EOD EXIT,Neither target nor stop reached; exited at close,116.86,1.4399999999999977,1.2172442941673693
RBLBANK,370.5,-0.63,47710725.0,0.31,,,,,,,,,250825.0,-97.22,VOLUME_OI,VolumeAndOISpikesScans_25AUG26_Report_30_7_2026.xlsx,0,SELL,,Short Buildup,20,LOW,SELL,VALID SELL,HIGH,370.5,377.91,355.68,True,Eligible,385.35,370.05,378.1,STOP LOSS HIT,Stop loss breached during replay range,377.91,-7.410000000000025,-2.0000000000000067
JIOFIN,248.6,-0.83,169519600.0,0.42,,,,,,,,,2488650.0,-96.03,VOLUME_OI,VolumeAndOISpikesScans_25AUG26_Report_30_7_2026.xlsx,0,SELL,,Short Buildup,20,LOW,SELL,VALID SELL,HIGH,248.6,253.572,238.656,True,Eligible,251.0,245.77,247.74,EOD EXIT,Neither target nor stop reached; exited at close,247.74,0.8599999999999852,0.3459372485921099
TIINDIA,2770.1,-1.1,1950200.0,0.03,,,,,,,,,5800.0,-96.32,VOLUME_OI,VolumeAndOISpikesScans_25AUG26_Report_30_7_2026.xlsx,0,SELL,Negative Price Momentum,Short Buildup,20,LOW,SELL,VALID SELL,HIGH,2770.1,2825.502,2659.296,True,Eligible,2819.0,2680.0,2703.0,EOD EXIT,Neither target nor stop reached; exited at close,2703.0,67.09999999999991,2.4222952239991304
CGPOWER,828.5,-0.71,18642200.0,0.49,,,,,,,,,185300.0,-96.0,VOLUME_OI,VolumeAndOISpikesScans_25AUG26_Report_30_7_2026.xlsx,0,SELL,,Short Buildup,20,LOW,SELL,VALID SELL,HIGH,828.5,845.07,795.36,True,Eligible,840.0,819.0,837.45,EOD EXIT,Neither target nor stop reached; exited at close,837.45,-8.950000000000045,-1.0802655401327754
OFSS,11465.0,-0.04,1303200.0,0.08,,,,,,,,,12700.0,-95.98,VOLUME_OI,VolumeAndOISpikesScans_25AUG26_Report_30_7_2026.xlsx,0,SELL,,Short Buildup,20,LOW,SELL,VALID SELL,HIGH,11465.0,11694.3,11006.4,True,Eligible,11522.0,11133.0,11189.0,EOD EXIT,Neither target nor stop reached; exited at close,11189.0,276.0,2.4073266463148713
AXISBANK,1230.5,-0.77,78758125.0,0.06,,,,,,,,,273750.0,-95.94,VOLUME_OI,VolumeAndOISpikesScans_25AUG26_Report_30_7_2026.xlsx,0,SELL,,Short Buildup,20,LOW,SELL,VALID SELL,HIGH,1230.5,1255.11,1181.28,True,Eligible,1237.0,1225.7,1234.8,EOD EXIT,Neither target nor stop reached; exited at close,1234.8,-4.2999999999999545,-0.34945144250304383
VOLTAS,1310.1,-0.83,7225500.0,0.01,,,,,,,,,33750.0,-95.8,VOLUME_OI,VolumeAndOISpikesScans_25AUG26_Report_30_7_2026.xlsx,0,SELL,,Short Buildup,20,LOW,SELL,VALID SELL,HIGH,1310.1,1336.302,1257.696,True,Eligible,1343.2,1303.2,1337.3,STOP LOSS HIT,Stop loss breached during replay range,1336.302,-26.201999999999998,-2.0
KOTAKBANK,390.45,-0.26,179642000.0,0.01,,,,,,,,,314000.0,-95.92,VOLUME_OI,VolumeAndOISpikesScans_25AUG26_Report_30_7_2026.xlsx,0,SELL,,Short Buildup,20,LOW,SELL,VALID SELL,HIGH,390.45,398.259,374.832,True,Eligible,391.25,388.4,390.65,EOD EXIT,Neither target nor stop reached; exited at close,390.65,-0.19999999999998863,-0.05122294788064762
INDHOTEL,740.1,-0.04,21485000.0,0.04,,,,,,,,,56000.0,-96.01,VOLUME_OI,VolumeAndOISpikesScans_25AUG26_Report_30_7_2026.xlsx,0,SELL,,Short Buildup,20,LOW,SELL,VALID SELL,HIGH,740.1,754.902,710.496,True,Eligible,752.65,738.0,751.3,EOD EXIT,Neither target nor stop reached; exited at close,751.3,-11.199999999999932,-1.5133090122956265
SOLARINDS,18059.0,-0.75,787200.0,0.14,,,,,,,,,2400.0,-96.11,VOLUME_OI,VolumeAndOISpikesScans_25AUG26_Report_30_7_2026.xlsx,0,SELL,,Short Buildup,20,LOW,SELL,VALID SELL,HIGH,18059.0,18420.18,17336.64,True,Eligible,18318.0,17960.0,18159.0,EOD EXIT,Neither target nor stop reached; exited at close,18159.0,-100.0,-0.553740517193643
ASHOKLEY,158.19,-0.28,144005000.0,0.18,,,,,,,,,850000.0,-96.27,VOLUME_OI,VolumeAndOISpikesScans_25AUG26_Report_30_7_2026.xlsx,0,SELL,,Short Buildup,20,LOW,SELL,VALID SELL,HIGH,158.19,161.3538,151.86239999999998,True,Eligible,160.5,156.34,159.23,EOD EXIT,Neither target nor stop reached; exited at close,159.23,-1.039999999999992,-0.657437258992346
ANGELONE,301.95,-0.46,25340000.0,0.28,,,,,,,,,262500.0,-95.52,VOLUME_OI,VolumeAndOISpikesScans_25AUG26_Report_30_7_2026.xlsx,0,SELL,,Short Buildup,20,LOW,SELL,VALID SELL,HIGH,301.95,307.989,289.872,True,Eligible,303.0,290.95,293.4,EOD EXIT,Neither target nor stop reached; exited at close,293.4,8.550000000000011,2.831594634873327
TITAN,4855.0,-0.15,5730550.0,0.16,,,,,,,,,27650.0,-95.52,VOLUME_OI,VolumeAndOISpikesScans_25AUG26_Report_30_7_2026.xlsx,0,SELL,,Short Buildup,20,LOW,SELL,VALID SELL,HIGH,4855.0,4952.1,4660.8,True,Eligible,4881.2,4836.5,4860.2,EOD EXIT,Neither target nor stop reached; exited at close,4860.2,-5.199999999999818,-0.10710607621008893
GODREJPROP,2145.1,-0.8,7532525.0,0.1,,,,,,,,,25025.0,-96.77,VOLUME_OI,VolumeAndOISpikesScans_25AUG26_Report_30_7_2026.xlsx,0,SELL,,Short Buildup,20,LOW,SELL,VALID SELL,HIGH,2145.1,2188.002,2059.296,True,Eligible,2156.0,2106.0,2116.8,EOD EXIT,Neither target nor stop reached; exited at close,2116.8,28.299999999999727,1.3192858141811445
CONCOR,523.95,-0.45,21895000.0,0.01,,,,,,,,,62500.0,-96.9,VOLUME_OI,VolumeAndOISpikesScans_25AUG26_Report_30_7_2026.xlsx,0,SELL,,Short Buildup,20,LOW,SELL,VALID SELL,HIGH,523.95,534.4290000000001,502.992,True,Eligible,529.65,522.9,525.05,EOD EXIT,Neither target nor stop reached; exited at close,525.05,-1.099999999999909,-0.20994369691762746
JUBLFOOD,437.2,-0.51,17331250.0,0.05,,,,,,,,,83750.0,-96.95,VOLUME_OI,VolumeAndOISpikesScans_25AUG26_Report_30_7_2026.xlsx,0,SELL,,Short Buildup,20,LOW,SELL,VALID SELL,HIGH,437.2,445.944,419.712,True,Eligible,441.95,435.0,440.4,EOD EXIT,Neither target nor stop reached; exited at close,440.4,-3.1999999999999886,-0.7319304666056698
BLUESTARCO,1677.9,-0.18,3118700.0,0.01,,,,,,,,,11050.0,-96.66,VOLUME_OI,VolumeAndOISpikesScans_25AUG26_Report_30_7_2026.xlsx,0,SELL,,Short Buildup,20,LOW,SELL,VALID SELL,HIGH,1677.9,1711.458,1610.784,True,Eligible,1710.5,1666.6,1700.1,EOD EXIT,Neither target nor stop reached; exited at close,1700.1,-22.199999999999818,-1.3230824244591344
ADANIENT,3020.2,-0.75,16169043.0,0.13,,,,,,,,,92700.0,-96.93,VOLUME_OI,VolumeAndOISpikesScans_25AUG26_Report_30_7_2026.xlsx,0,SELL,,Short Buildup,20,LOW,SELL,VALID SELL,HIGH,3020.2,3080.604,2899.392,True,Eligible,3077.4,3010.3,3058.9,EOD EXIT,Neither target nor stop reached; exited at close,3058.9,-38.70000000000027,-1.2813720945632832
PETRONET,277.8,-0.13,31490600.0,0.07,,,,,,,,,89300.0,-96.4,VOLUME_OI,VolumeAndOISpikesScans_25AUG26_Report_30_7_2026.xlsx,0,SELL,,Short Buildup,20,LOW,SELL,VALID SELL,HIGH,277.8,283.356,266.688,True,Eligible,282.8,277.1,280.4,EOD EXIT,Neither target nor stop reached; exited at close,280.4,-2.599999999999966,-0.9359251259899085
BANKBARODA,243.75,-0.45,130490100.0,0.06,,,,,,,,,456300.0,-96.46,VOLUME_OI,VolumeAndOISpikesScans_25AUG26_Report_30_7_2026.xlsx,0,SELL,,Short Buildup,20,LOW,SELL,VALID SELL,HIGH,243.75,248.625,234.0,True,Eligible,244.25,241.5,243.05,EOD EXIT,Neither target nor stop reached; exited at close,243.05,0.6999999999999886,0.2871794871794825
BANKINDIA,137.49,-0.41,99070400.0,0.05,,,,,,,,,296400.0,-96.44,VOLUME_OI,VolumeAndOISpikesScans_25AUG26_Report_30_7_2026.xlsx,0,SELL,,Short Buildup,20,LOW,SELL,VALID SELL,HIGH,137.49,140.2398,131.9904,True,Eligible,138.2,136.61,137.59,EOD EXIT,Neither target nor stop reached; exited at close,137.59,-0.09999999999999432,-0.07273256236816808
POLYCAB,9013.0,-0.97,2334375.0,0.2,,,,,,,,,11250.0,-96.43,VOLUME_OI,VolumeAndOISpikesScans_25AUG26_Report_30_7_2026.xlsx,0,SELL,,Short Buildup,20,LOW,SELL,VALID SELL,HIGH,9013.0,9193.26,8652.48,True,Eligible,9090.0,8905.0,8946.5,EOD EXIT,Neither target nor stop reached; exited at close,8946.5,66.5,0.7378231443470542
FORTIS,954.7,-0.35,9090750.0,0.01,,,,,,,,,27900.0,-96.48,VOLUME_OI,VolumeAndOISpikesScans_25AUG26_Report_30_7_2026.xlsx,0,SELL,,Short Buildup,20,LOW,SELL,VALID SELL,HIGH,954.7,973.794,916.512,True,Eligible,961.25,948.3,953.55,EOD EXIT,Neither target nor stop reached; exited at close,953.55,1.150000000000091,0.12045668796481523
UNIONBANK,170.62,-0.57,119545800.0,0.04,,,,,,,,,358425.0,-96.57,VOLUME_OI,VolumeAndOISpikesScans_25AUG26_Report_30_7_2026.xlsx,0,SELL,,Short Buildup,20,LOW,SELL,VALID SELL,HIGH,170.62,174.0324,163.7952,True,Eligible,171.69,168.85,171.35,EOD EXIT,Neither target nor stop reached; exited at close,171.35,-0.7299999999999898,-0.4278513656077774
AMBER,7426.0,-0.24,1264500.0,0.16,,,,,,,,,12000.0,-96.52,VOLUME_OI,VolumeAndOISpikesScans_25AUG26_Report_30_7_2026.xlsx,0,SELL,,Short Buildup,20,LOW,SELL,VALID SELL,HIGH,7426.0,7574.52,7128.96,True,Eligible,7570.0,7377.0,7436.0,EOD EXIT,Neither target nor stop reached; exited at close,7436.0,-10.0,-0.13466199838405601
BEL,387.1,-0.65,100595025.0,0.1,,,,,,,,,591375.0,-96.38,VOLUME_OI,VolumeAndOISpikesScans_25AUG26_Report_30_7_2026.xlsx,0,SELL,,Short Buildup,20,LOW,SELL,VALID SELL,HIGH,387.1,394.842,371.616,True,Eligible,388.5,384.5,386.95,EOD EXIT,Neither target nor stop reached; exited at close,386.95,0.1500000000000341,0.03874967708603309
TATASTEEL,188.25,-0.08,161163750.0,0.16,,,,,,,,,937750.0,-96.34,VOLUME_OI,VolumeAndOISpikesScans_25AUG26_Report_30_7_2026.xlsx,0,SELL,,Short Buildup,20,LOW,SELL,VALID SELL,HIGH,188.25,192.015,180.72,True,Eligible,189.9,186.71,187.85,EOD EXIT,Neither target nor stop reached; exited at close,187.85,0.4000000000000057,0.21248339973439878
COCHINSHIP,1398.0,-0.45,5723200.0,0.09,,,,,,,,,12800.0,-98.56,VOLUME_OI,VolumeAndOISpikesScans_25AUG26_Report_30_7_2026.xlsx,0,SELL,,Short Buildup,20,LOW,SELL,VALID SELL,HIGH,1398.0,1425.96,1342.08,True,Eligible,1412.0,1388.4,1407.0,EOD EXIT,Neither target nor stop reached; exited at close,1407.0,-9.0,-0.6437768240343348
BHEL,405.95,-0.32,81041625.0,0.06,,,,,,,,,236250.0,-98.31,VOLUME_OI,VolumeAndOISpikesScans_25AUG26_Report_30_7_2026.xlsx,0,SELL,,Short Buildup,20,LOW,SELL,VALID SELL,HIGH,405.95,414.069,389.712,True,Eligible,407.6,401.6,405.15,EOD EXIT,Neither target nor stop reached; exited at close,405.15,0.8000000000000114,0.19706860450794716
JINDALSTEL,1094.2,-0.01,12802500.0,0.01,,,,,,,,,46250.0,-98.35,VOLUME_OI,VolumeAndOISpikesScans_25AUG26_Report_30_7_2026.xlsx,0,SELL,,Short Buildup,20,LOW,SELL,VALID SELL,HIGH,1094.2,1116.084,1050.432,True,Eligible,1108.0,1089.9,1098.0,EOD EXIT,Neither target nor stop reached; exited at close,1098.0,-3.7999999999999545,-0.34728568817400424
PHOENIXLTD,1901.5,-0.57,3577350.0,0.32,,,,,,,,,50400.0,-97.77,VOLUME_OI,VolumeAndOISpikesScans_25AUG26_Report_30_7_2026.xlsx,0,SELL,,Short Buildup,20,LOW,SELL,VALID SELL,HIGH,1901.5,1939.53,1825.44,True,Eligible,1906.6,1882.6,1896.6,EOD EXIT,Neither target nor stop reached; exited at close,1896.6,4.900000000000091,0.2576912963449956
ICICIGI,1653.4,-0.24,5073250.0,0.02,,,,,,,,,9750.0,-97.97,VOLUME_OI,VolumeAndOISpikesScans_25AUG26_Report_30_7_2026.xlsx,0,SELL,,Short Buildup,20,LOW,SELL,VALID SELL,HIGH,1653.4,1686.468,1587.264,True,Eligible,1656.0,1628.5,1646.8,EOD EXIT,Neither target nor stop reached; exited at close,1646.8,6.600000000000136,0.399177452522084
DELHIVERY,467.55,-0.6,23175675.0,0.29,,,,,,,,,124500.0,-97.55,VOLUME_OI,VolumeAndOISpikesScans_25AUG26_Report_30_7_2026.xlsx,0,SELL,,Short Buildup,20,LOW,SELL,VALID SELL,HIGH,467.55,476.901,448.848,True,Eligible,473.0,464.5,469.35,EOD EXIT,Neither target nor stop reached; exited at close,469.35,-1.8000000000000114,-0.38498556304138837
PAYTM,1333.9,-0.05,19631550.0,0.06,,,,,,,,,150075.0,-97.21,VOLUME_OI,VolumeAndOISpikesScans_25AUG26_Report_30_7_2026.xlsx,0,SELL,,Short Buildup,20,LOW,SELL,VALID SELL,HIGH,1333.9,1360.5780000000002,1280.544,True,Eligible,1354.9,1320.8,1336.3,EOD EXIT,Neither target nor stop reached; exited at close,1336.3,-2.3999999999998636,-0.17992353249867782
COLPAL,2148.0,-1.29,4361775.0,0.34,,,,,,,,,99000.0,-97.18,VOLUME_OI,VolumeAndOISpikesScans_25AUG26_Report_30_7_2026.xlsx,0,SELL,Negative Price Momentum,Short Buildup,20,LOW,SELL,VALID SELL,HIGH,2148.0,2190.96,2062.08,True,Eligible,2180.0,2087.7,2090.7,EOD EXIT,Neither target nor stop reached; exited at close,2090.7,57.30000000000018,2.667597765363137
PATANJALI,358.4,-0.11,30389175.0,0.17,,,,,,,,,566525.0,-97.15,VOLUME_OI,VolumeAndOISpikesScans_25AUG26_Report_30_7_2026.xlsx,0,SELL,,Short Buildup,20,LOW,SELL,VALID SELL,HIGH,358.4,365.568,344.064,True,Eligible,363.9,355.85,356.9,EOD EXIT,Neither target nor stop reached; exited at close,356.9,1.5,0.4185267857142857
ABB,7273.5,-0.91,2051750.0,0.04,,,,,,,,,26000.0,-97.13,VOLUME_OI,VolumeAndOISpikesScans_25AUG26_Report_30_7_2026.xlsx,0,SELL,,Short Buildup,20,LOW,SELL,VALID SELL,HIGH,7273.5,7418.97,6982.56,True,Eligible,7361.5,7201.0,7322.0,EOD EXIT,Neither target nor stop reached; exited at close,7322.0,-48.5,-0.6668041520588437
CAMS,788.85,-0.68,6504300.0,0.09,,,,,,,,,26400.0,-97.09,VOLUME_OI,VolumeAndOISpikesScans_25AUG26_Report_30_7_2026.xlsx,0,SELL,,Short Buildup,20,LOW,SELL,VALID SELL,HIGH,788.85,804.6270000000001,757.296,True,Eligible,801.0,785.35,795.25,EOD EXIT,Neither target nor stop reached; exited at close,795.25,-6.399999999999977,-0.8113075996704034
LTF,306.7,-1.27,49522500.0,0.21,,,,,,,,,326250.0,-97.45,VOLUME_OI,VolumeAndOISpikesScans_25AUG26_Report_30_7_2026.xlsx,0,SELL,Negative Price Momentum,Short Buildup,20,LOW,SELL,VALID SELL,HIGH,306.7,312.834,294.432,True,Eligible,310.0,303.65,305.9,EOD EXIT,Neither target nor stop reached; exited at close,305.9,0.8000000000000114,0.26084121291164375
POWERINDIA,31565.0,-0.93,531650.0,0.16,,,,,,,,,3125.0,-97.39,VOLUME_OI,VolumeAndOISpikesScans_25AUG26_Report_30_7_2026.xlsx,0,SELL,,Short Buildup,20,LOW,SELL,VALID SELL,HIGH,31565.0,32196.3,30302.4,True,Eligible,31845.0,31155.0,31430.0,EOD EXIT,Neither target nor stop reached; exited at close,31430.0,135.0,0.4276888959290353
IEX,134.0,-0.88,70739700.0,0.11,,,,,,,,,261000.0,-97.38,VOLUME_OI,VolumeAndOISpikesScans_25AUG26_Report_30_7_2026.xlsx,0,SELL,,Short Buildup,20,LOW,SELL,VALID SELL,HIGH,134.0,136.68,128.64,True,Eligible,134.94,131.84,132.22,EOD EXIT,Neither target nor stop reached; exited at close,132.22,1.7800000000000011,1.3283582089552248
CDSL,1349.0,-0.66,9521850.0,-0.01,,,,,,,,,110200.0,-91.5,VOLUME_OI,VolumeAndOISpikesScans_25AUG26_Report_30_7_2026.xlsx,0,SELL,,Long Unwinding,15,LOW,SELL,VALID SELL,HIGH,1349.0,1375.98,1295.04,True,Eligible,1356.9,1328.0,1341.5,EOD EXIT,Neither target nor stop reached; exited at close,1341.5,7.5,0.5559673832468496
HINDZINC,539.8,-0.14,28657650.0,-0.01,,,,,,,,,256025.0,-91.78,VOLUME_OI,VolumeAndOISpikesScans_25AUG26_Report_30_7_2026.xlsx,0,SELL,,Long Unwinding,15,LOW,SELL,VALID SELL,HIGH,539.8,550.596,518.208,True,Eligible,544.25,534.0,539.1,EOD EXIT,Neither target nor stop reached; exited at close,539.1,0.6999999999999318,0.1296776583919844
BIOCON,427.7,-1.19,47127500.0,-0.17,,,,,,,,,895000.0,-84.64,VOLUME_OI,VolumeAndOISpikesScans_25AUG26_Report_30_7_2026.xlsx,0,SELL,Negative Price Momentum,Long Unwinding,15,LOW,SELL,VALID SELL,HIGH,427.7,436.254,410.592,True,Eligible,433.35,423.1,427.0,EOD EXIT,Neither target nor stop reached; exited at close,427.0,0.6999999999999886,0.16366612111292697
FEDERALBNK,357.3,-0.47,86832500.0,-0.02,,,,,,,,,325000.0,-93.94,VOLUME_OI,VolumeAndOISpikesScans_25AUG26_Report_30_7_2026.xlsx,0,SELL,,Long Unwinding,15,LOW,SELL,VALID SELL,HIGH,357.3,364.446,343.008,True,Eligible,358.6,353.65,354.85,EOD EXIT,Neither target nor stop reached; exited at close,354.85,2.4499999999999886,0.6856982927511862
HDFCAMC,2551.9,-0.14,6106500.0,-0.12,,,,,,,,,27600.0,-93.72,VOLUME_OI,VolumeAndOISpikesScans_25AUG26_Report_30_7_2026.xlsx,0,SELL,,Long Unwinding,15,LOW,SELL,VALID SELL,HIGH,2551.9,2602.938,2449.824,True,Eligible,2562.6,2537.8,2552.9,EOD EXIT,Neither target nor stop reached; exited at close,2552.9,-1.0,-0.039186488498765625
APLAPOLLO,1875.0,-0.1,4432400.0,-0.02,,,,,,,,,15400.0,-95.6,VOLUME_OI,VolumeAndOISpikesScans_25AUG26_Report_30_7_2026.xlsx,0,SELL,,Long Unwinding,15,LOW,SELL,VALID SELL,HIGH,1875.0,1912.5,1800.0,True,Eligible,1899.2,1863.2,1892.4,EOD EXIT,Neither target nor stop reached; exited at close,1892.4,-17.40000000000009,-0.9280000000000048
TMPV,331.1,-0.21,78337600.0,-0.02,,,,,,,,,414400.0,-94.91,VOLUME_OI,VolumeAndOISpikesScans_25AUG26_Report_30_7_2026.xlsx,0,SELL,,Long Unwinding,15,LOW,SELL,VALID SELL,HIGH,331.1,337.72200000000004,317.856,True,Eligible,336.1,329.35,335.45,EOD EXIT,Neither target nor stop reached; exited at close,335.45,-4.349999999999966,-1.313802476593164
ETERNAL,307.55,-1.2,151509150.0,-0.1,,,,,,,,,2308600.0,-94.11,VOLUME_OI,VolumeAndOISpikesScans_25AUG26_Report_30_7_2026.xlsx,0,SELL,Negative Price Momentum,Long Unwinding,15,LOW,SELL,VALID SELL,HIGH,307.55,313.701,295.248,True,Eligible,313.8,306.4,312.3,STOP LOSS HIT,Stop loss breached during replay range,313.701,-6.1510000000000105,-2.000000000000003
TATAPOWER,378.35,-0.15,63636150.0,-0.06,,,,,,,,,276950.0,-95.64,VOLUME_OI,VolumeAndOISpikesScans_25AUG26_Report_30_7_2026.xlsx,0,SELL,,Long Unwinding,15,LOW,SELL,VALID SELL,HIGH,378.35,385.917,363.216,True,Eligible,379.95,376.2,377.9,EOD EXIT,Neither target nor stop reached; exited at close,377.9,0.4500000000000455,0.11893749174046396
DALBHARAT,1819.5,-0.51,3769025.0,-0.22,,,,,,,,,19175.0,-95.17,VOLUME_OI,VolumeAndOISpikesScans_25AUG26_Report_30_7_2026.xlsx,0,SELL,,Long Unwinding,15,LOW,SELL,VALID SELL,HIGH,1819.5,1855.89,1746.72,True,Eligible,1825.7,1785.0,1799.7,EOD EXIT,Neither target nor stop reached; exited at close,1799.7,19.799999999999955,1.088211046990929
FINNIFTY,26321.8,-0.09,27000.0,-0.22,,,,,,,,,540.0,-95.93,VOLUME_OI,VolumeAndOISpikesScans_25AUG26_Report_30_7_2026.xlsx,0,SELL,,Long Unwinding,15,LOW,SELL,VALID SELL,HIGH,26321.8,26848.236,25268.928,True,Eligible,26370.0,26120.1,26340.8,EOD EXIT,Neither target nor stop reached; exited at close,26340.8,-19.0,-0.07218351328556558
VMM,108.41,-0.41,42296850.0,-0.02,,,,,,,,,130950.0,-97.24,VOLUME_OI,VolumeAndOISpikesScans_25AUG26_Report_30_7_2026.xlsx,0,SELL,,Long Unwinding,15,LOW,SELL,VALID SELL,HIGH,108.41,110.5782,104.0736,True,Eligible,109.09,107.84,108.46,EOD EXIT,Neither target nor stop reached; exited at close,108.46,-0.04999999999999716,-0.046121206530760225
MANKIND,2598.3,-0.06,2715500.0,-0.03,,,,,,,,,14000.0,-97.34,VOLUME_OI,VolumeAndOISpikesScans_25AUG26_Report_30_7_2026.xlsx,0,SELL,,Long Unwinding,15,LOW,SELL,VALID SELL,HIGH,2598.3,2650.266,2494.368,True,Eligible,2619.7,2568.7,2587.8,EOD EXIT,Neither target nor stop reached; exited at close,2587.8,10.5,0.404110379863757
KFINTECH,943.9,-0.61,3429875.0,-0.13,,,,,,,,,38525.0,-97.54,VOLUME_OI,VolumeAndOISpikesScans_25AUG26_Report_30_7_2026.xlsx,0,SELL,,Long Unwinding,15,LOW,SELL,VALID SELL,HIGH,943.9,962.778,906.144,True,Eligible,950.0,918.35,926.85,EOD EXIT,Neither target nor stop reached; exited at close,926.85,17.049999999999955,1.8063354168873773
NAM-INDIA,1156.0,-0.23,7005625.0,-0.03,,,,,,,,,10625.0,-98.62,VOLUME_OI,VolumeAndOISpikesScans_25AUG26_Report_30_7_2026.xlsx,0,SELL,,Long Unwinding,15,LOW,SELL,VALID SELL,HIGH,1156.0,1179.12,1109.76,True,Eligible,1168.4,1138.8,1143.3,EOD EXIT,Neither target nor stop reached; exited at close,1143.3,12.700000000000045,1.0986159169550214
NMDC,86.15,-0.17,340935750.0,-0.02,,,,,,,,,499500.0,-98.46,VOLUME_OI,VolumeAndOISpikesScans_25AUG26_Report_30_7_2026.xlsx,0,SELL,,Long Unwinding,15,LOW,SELL,VALID SELL,HIGH,86.15,87.873,82.70400000000001,True,Eligible,86.5,85.05,85.38,EOD EXIT,Neither target nor stop reached; exited at close,85.38,0.7700000000000102,0.8937899013348929
CHOLAFIN,1802.0,-0.61,12668750.0,-0.02,,,,,,,,,55000.0,-98.75,VOLUME_OI,VolumeAndOISpikesScans_25AUG26_Report_30_7_2026.xlsx,0,SELL,,Long Unwinding,15,LOW,SELL,VALID SELL,HIGH,1802.0,1838.04,1729.9199999999998,True,Eligible,1817.1,1763.5,1778.9,EOD EXIT,Neither target nor stop reached; exited at close,1778.9,23.09999999999991,1.2819089900110938
GODFRYPHLP,2044.8,-0.31,1915100.0,-0.04,,,,,,,,,11000.0,-98.78,VOLUME_OI,VolumeAndOISpikesScans_25AUG26_Report_30_7_2026.xlsx,0,SELL,,Long Unwinding,15,LOW,SELL,VALID SELL,HIGH,2044.8,2085.696,1963.008,True,Eligible,2117.4,2022.4,2111.2,STOP LOSS HIT,Stop loss breached during replay range,2085.696,-40.89599999999996,-1.999999999999998
PERSISTENT,5593.2,2.31,3591500.0,0.3,,,,,,,,,91625.0,-80.35,VOLUME_OI,VolumeAndOISpikesScans_25AUG26_Report_30_7_2026.xlsx,20,SELL,Positive Price Momentum,Fresh Long Buildup,60,MEDIUM,NEUTRAL,WATCH,MEDIUM,5593.2,,,False,Non actionable signal,,,,FILTERED,Non actionable signal,,0.0,0.0
TECHM,1669.0,1.59,17806800.0,0.61,,,,,,,,,306600.0,-86.67,VOLUME_OI,VolumeAndOISpikesScans_25AUG26_Report_30_7_2026.xlsx,20,SELL,Positive Price Momentum,Fresh Long Buildup,60,MEDIUM,NEUTRAL,WATCH,MEDIUM,1669.0,,,False,Non actionable signal,,,,FILTERED,Non actionable signal,,0.0,0.0
HEROMOTOCO,5265.0,1.91,4811100.0,0.26,,,,,,,,,128400.0,-86.58,VOLUME_OI,VolumeAndOISpikesScans_25AUG26_Report_30_7_2026.xlsx,20,SELL,Positive Price Momentum,Fresh Long Buildup,60,MEDIUM,NEUTRAL,WATCH,MEDIUM,5265.0,,,False,Non actionable signal,,,,FILTERED,Non actionable signal,,0.0,0.0
ONGC,242.6,1.32,54063000.0,0.21,,,,,,,,,1035000.0,-84.16,VOLUME_OI,VolumeAndOISpikesScans_25AUG26_Report_30_7_2026.xlsx,20,SELL,Positive Price Momentum,Fresh Long Buildup,60,MEDIUM,NEUTRAL,WATCH,MEDIUM,242.6,,,False,Non actionable signal,,,,FILTERED,Non actionable signal,,0.0,0.0
KAYNES,3668.0,0.3,3760650.0,2.28,,,,,,,,,322200.0,-86.06,VOLUME_OI,VolumeAndOISpikesScans_25AUG26_Report_30_7_2026.xlsx,20,SELL,Fresh OI Buildup,Fresh Long Buildup,60,MEDIUM,NEUTRAL,WATCH,MEDIUM,3668.0,,,False,Non actionable signal,,,,FILTERED,Non actionable signal,,0.0,0.0
TVSMOTOR,4147.3,1.45,10968475.0,0.45,,,,,,,,,199500.0,-88.89,VOLUME_OI,VolumeAndOISpikesScans_25AUG26_Report_30_7_2026.xlsx,20,SELL,Positive Price Momentum,Fresh Long Buildup,60,MEDIUM,NEUTRAL,WATCH,MEDIUM,4147.3,,,False,Non actionable signal,,,,FILTERED,Non actionable signal,,0.0,0.0
HCLTECH,1366.0,1.38,27214800.0,0.14,,,,,,,,,311200.0,-92.9,VOLUME_OI,VolumeAndOISpikesScans_25AUG26_Report_30_7_2026.xlsx,20,SELL,Positive Price Momentum,Fresh Long Buildup,60,MEDIUM,NEUTRAL,WATCH,MEDIUM,1366.0,,,False,Non actionable signal,,,,FILTERED,Non actionable signal,,0.0,0.0
ASTRAL,1469.0,0.48,7039700.0,0.67,,,,,,,,,202725.0,-69.32,VOLUME_OI,VolumeAndOISpikesScans_25AUG26_Report_30_7_2026.xlsx,0,SELL,,Fresh Long Buildup,60,MEDIUM,NEUTRAL,WATCH,MEDIUM,1469.0,,,False,Non actionable signal,,,,FILTERED,Non actionable signal,,0.0,0.0
LODHA,1249.85,1.21,13800625.0,0.11,,,,,,,,,217500.0,-93.05,VOLUME_OI,VolumeAndOISpikesScans_25AUG26_Report_30_7_2026.xlsx,20,SELL,Positive Price Momentum,Fresh Long Buildup,60,MEDIUM,NEUTRAL,WATCH,MEDIUM,1249.85,,,False,Non actionable signal,,,,FILTERED,Non actionable signal,,0.0,0.0
TCS,2472.8,1.24,33719625.0,0.32,,,,,,,,,440100.0,-93.33,VOLUME_OI,VolumeAndOISpikesScans_25AUG26_Report_30_7_2026.xlsx,20,SELL,Positive Price Momentum,Fresh Long Buildup,60,MEDIUM,NEUTRAL,WATCH,MEDIUM,2472.8,,,False,Non actionable signal,,,,FILTERED,Non actionable signal,,0.0,0.0
NESTLEIND,1524.1,1.01,9442000.0,0.15,,,,,,,,,122000.0,-92.25,VOLUME_OI,VolumeAndOISpikesScans_25AUG26_Report_30_7_2026.xlsx,20,SELL,Positive Price Momentum,Fresh Long Buildup,60,MEDIUM,NEUTRAL,WATCH,MEDIUM,1524.1,,,False,Non actionable signal,,,,FILTERED,Non actionable signal,,0.0,0.0
LTM,4521.9,2.06,2883300.0,0.32,,,,,,,,,48000.0,-91.37,VOLUME_OI,VolumeAndOISpikesScans_25AUG26_Report_30_7_2026.xlsx,20,SELL,Positive Price Momentum,Fresh Long Buildup,60,MEDIUM,NEUTRAL,WATCH,MEDIUM,4521.9,,,False,Non actionable signal,,,,FILTERED,Non actionable signal,,0.0,0.0
MPHASIS,2402.8,1.34,4228400.0,0.03,,,,,,,,,65450.0,-94.12,VOLUME_OI,VolumeAndOISpikesScans_25AUG26_Report_30_7_2026.xlsx,20,SELL,Positive Price Momentum,Fresh Long Buildup,60,MEDIUM,NEUTRAL,WATCH,MEDIUM,2402.8,,,False,Non actionable signal,,,,FILTERED,Non actionable signal,,0.0,0.0
NAUKRI,1268.0,1.35,14540350.0,0.11,,,,,,,,,88550.0,-94.79,VOLUME_OI,VolumeAndOISpikesScans_25AUG26_Report_30_7_2026.xlsx,20,SELL,Positive Price Momentum,Fresh Long Buildup,60,MEDIUM,NEUTRAL,WATCH,MEDIUM,1268.0,,,False,Non actionable signal,,,,FILTERED,Non actionable signal,,0.0,0.0
INFY,1184.0,2.37,93082800.0,0.8,,,,,,,,,2910800.0,-89.52,VOLUME_OI,VolumeAndOISpikesScans_25AUG26_Report_30_7_2026.xlsx,20,SELL,Positive Price Momentum,Fresh Long Buildup,60,MEDIUM,NEUTRAL,WATCH,MEDIUM,1184.0,,,False,Non actionable signal,,,,FILTERED,Non actionable signal,,0.0,0.0
INDUSTOWER,392.8,1.09,91628300.0,0.02,,,,,,,,,355300.0,-94.41,VOLUME_OI,VolumeAndOISpikesScans_25AUG26_Report_30_7_2026.xlsx,20,SELL,Positive Price Momentum,Fresh Long Buildup,60,MEDIUM,NEUTRAL,WATCH,MEDIUM,392.8,,,False,Non actionable signal,,,,FILTERED,Non actionable signal,,0.0,0.0
COFORGE,1745.1,1.57,14735925.0,0.16,,,,,,,,,337725.0,-94.47,VOLUME_OI,VolumeAndOISpikesScans_25AUG26_Report_30_7_2026.xlsx,20,SELL,Positive Price Momentum,Fresh Long Buildup,60,MEDIUM,NEUTRAL,WATCH,MEDIUM,1745.1,,,False,Non actionable signal,,,,FILTERED,Non actionable signal,,0.0,0.0
HAL,4600.0,0.04,5036700.0,0.44,,,,,,,,,34350.0,-90.55,VOLUME_OI,VolumeAndOISpikesScans_25AUG26_Report_30_7_2026.xlsx,0,SELL,,Fresh Long Buildup,60,MEDIUM,NEUTRAL,WATCH,MEDIUM,4600.0,,,False,Non actionable signal,,,,FILTERED,Non actionable signal,,0.0,0.0
SUNPHARMA,2011.8,0.8,14029050.0,0.35,,,,,,,,,140700.0,-89.23,VOLUME_OI,VolumeAndOISpikesScans_25AUG26_Report_30_7_2026.xlsx,0,SELL,,Fresh Long Buildup,60,MEDIUM,NEUTRAL,WATCH,MEDIUM,2011.8,,,False,Non actionable signal,,,,FILTERED,Non actionable signal,,0.0,0.0
BDL,1229.7,0.06,7281525.0,0.75,,,,,,,,,146200.0,-78.66,VOLUME_OI,VolumeAndOISpikesScans_25AUG26_Report_30_7_2026.xlsx,0,SELL,,Fresh Long Buildup,60,MEDIUM,NEUTRAL,WATCH,MEDIUM,1229.7,,,False,Non actionable signal,,,,FILTERED,Non actionable signal,,0.0,0.0
IOC,139.79,0.06,146113500.0,0.38,,,,,,,,,1009125.0,-86.23,VOLUME_OI,VolumeAndOISpikesScans_25AUG26_Report_30_7_2026.xlsx,0,SELL,,Fresh Long Buildup,60,MEDIUM,NEUTRAL,WATCH,MEDIUM,139.79,,,False,Non actionable signal,,,,FILTERED,Non actionable signal,,0.0,0.0
SONACOMS,729.1,0.61,10680775.0,0.5,,,,,,,,,243775.0,-86.66,VOLUME_OI,VolumeAndOISpikesScans_25AUG26_Report_30_7_2026.xlsx,0,SELL,,Fresh Long Buildup,60,MEDIUM,NEUTRAL,WATCH,MEDIUM,729.1,,,False,Non actionable signal,,,,FILTERED,Non actionable signal,,0.0,0.0
PAGEIND,40525.0,0.77,235260.0,0.17,,,,,,,,,4640.0,-88.54,VOLUME_OI,VolumeAndOISpikesScans_25AUG26_Report_30_7_2026.xlsx,0,SELL,,Fresh Long Buildup,60,MEDIUM,NEUTRAL,WATCH,MEDIUM,40525.0,,,False,Non actionable signal,,,,FILTERED,Non actionable signal,,0.0,0.0
RADICO,4421.6,0.95,776850.0,1.23,,,,,,,,,45000.0,-93.69,VOLUME_OI,VolumeAndOISpikesScans_25AUG26_Report_30_7_2026.xlsx,0,SELL,,Fresh Long Buildup,60,MEDIUM,NEUTRAL,WATCH,MEDIUM,4421.6,,,False,Non actionable signal,,,,FILTERED,Non actionable signal,,0.0,0.0
M&M,3252.3,0.69,14707800.0,0.18,,,,,,,,,193400.0,-94.05,VOLUME_OI,VolumeAndOISpikesScans_25AUG26_Report_30_7_2026.xlsx,0,SELL,,Fresh Long Buildup,60,MEDIUM,NEUTRAL,WATCH,MEDIUM,3252.3,,,False,Non actionable signal,,,,FILTERED,Non actionable signal,,0.0,0.0
LAURUSLABS,1791.9,0.37,16693150.0,0.38,,,,,,,,,215900.0,-94.04,VOLUME_OI,VolumeAndOISpikesScans_25AUG26_Report_30_7_2026.xlsx,0,SELL,,Fresh Long Buildup,60,MEDIUM,NEUTRAL,WATCH,MEDIUM,1791.9,,,False,Non actionable signal,,,,FILTERED,Non actionable signal,,0.0,0.0
HYUNDAI,1995.2,0.76,3948175.0,0.15,,,,,,,,,29425.0,-94.04,VOLUME_OI,VolumeAndOISpikesScans_25AUG26_Report_30_7_2026.xlsx,0,SELL,,Fresh Long Buildup,60,MEDIUM,NEUTRAL,WATCH,MEDIUM,1995.2,,,False,Non actionable signal,,,,FILTERED,Non actionable signal,,0.0,0.0
NYKAA,330.25,0.26,43571875.0,0.09,,,,,,,,,175000.0,-91.91,VOLUME_OI,VolumeAndOISpikesScans_25AUG26_Report_30_7_2026.xlsx,0,SELL,,Fresh Long Buildup,60,MEDIUM,NEUTRAL,WATCH,MEDIUM,330.25,,,False,Non actionable signal,,,,FILTERED,Non actionable signal,,0.0,0.0
DIVISLAB,7845.0,0.47,3494100.0,0.09,,,,,,,,,73800.0,-92.85,VOLUME_OI,VolumeAndOISpikesScans_25AUG26_Report_30_7_2026.xlsx,0,SELL,,Fresh Long Buildup,60,MEDIUM,NEUTRAL,WATCH,MEDIUM,7845.0,,,False,Non actionable signal,,,,FILTERED,Non actionable signal,,0.0,0.0
DRREDDY,1147.8,0.27,13958125.0,0.35,,,,,,,,,278750.0,-90.65,VOLUME_OI,VolumeAndOISpikesScans_25AUG26_Report_30_7_2026.xlsx,0,SELL,,Fresh Long Buildup,60,MEDIUM,NEUTRAL,WATCH,MEDIUM,1147.8,,,False,Non actionable signal,,,,FILTERED,Non actionable signal,,0.0,0.0
AUROPHARMA,1600.0,0.03,9945650.0,0.43,,,,,,,,,152350.0,-90.57,VOLUME_OI,VolumeAndOISpikesScans_25AUG26_Report_30_7_2026.xlsx,0,SELL,,Fresh Long Buildup,60,MEDIUM,NEUTRAL,WATCH,MEDIUM,1600.0,,,False,Non actionable signal,,,,FILTERED,Non actionable signal,,0.0,0.0
SUPREMEIND,3518.7,0.51,2265900.0,0.26,,,,,,,,,54075.0,-90.45,VOLUME_OI,VolumeAndOISpikesScans_25AUG26_Report_30_7_2026.xlsx,0,SELL,,Fresh Long Buildup,60,MEDIUM,NEUTRAL,WATCH,MEDIUM,3518.7,,,False,Non actionable signal,,,,FILTERED,Non actionable signal,,0.0,0.0
HAVELLS,1249.5,0.39,9423000.0,0.2,,,,,,,,,69000.0,-93.75,VOLUME_OI,VolumeAndOISpikesScans_25AUG26_Report_30_7_2026.xlsx,0,SELL,,Fresh Long Buildup,60,MEDIUM,NEUTRAL,WATCH,MEDIUM,1249.5,,,False,Non actionable signal,,,,FILTERED,Non actionable signal,,0.0,0.0
ICICIPRULI,514.4,0.21,19197450.0,0.07,,,,,,,,,67525.0,-93.24,VOLUME_OI,VolumeAndOISpikesScans_25AUG26_Report_30_7_2026.xlsx,0,SELL,,Fresh Long Buildup,60,MEDIUM,NEUTRAL,WATCH,MEDIUM,514.4,,,False,Non actionable signal,,,,FILTERED,Non actionable signal,,0.0,0.0
LICI,423.0,0.28,18249000.0,0.08,,,,,,,,,75600.0,-93.51,VOLUME_OI,VolumeAndOISpikesScans_25AUG26_Report_30_7_2026.xlsx,0,SELL,,Fresh Long Buildup,60,MEDIUM,NEUTRAL,WATCH,MEDIUM,423.0,,,False,Non actionable signal,,,,FILTERED,Non actionable signal,,0.0,0.0
DIXON,14137.0,0.31,2271700.0,0.27,,,,,,,,,38450.0,-92.38,VOLUME_OI,VolumeAndOISpikesScans_25AUG26_Report_30_7_2026.xlsx,0,SELL,,Fresh Long Buildup,60,MEDIUM,NEUTRAL,WATCH,MEDIUM,14137.0,,,False,Non actionable signal,,,,FILTERED,Non actionable signal,,0.0,0.0
MUTHOOTFIN,3037.7,0.05,7028175.0,0.23,,,,,,,,,47025.0,-92.52,VOLUME_OI,VolumeAndOISpikesScans_25AUG26_Report_30_7_2026.xlsx,0,SELL,,Fresh Long Buildup,60,MEDIUM,NEUTRAL,WATCH,MEDIUM,3037.7,,,False,Non actionable signal,,,,FILTERED,Non actionable signal,,0.0,0.0
DMART,3859.5,0.17,5151750.0,0.01,,,,,,,,,11850.0,-98.22,VOLUME_OI,VolumeAndOISpikesScans_25AUG26_Report_30_7_2026.xlsx,0,SELL,,Fresh Long Buildup,60,MEDIUM,NEUTRAL,WATCH,MEDIUM,3859.5,,,False,Non actionable signal,,,,FILTERED,Non actionable signal,,0.0,0.0
BOSCHLTD,41090.0,0.49,204975.0,0.1,,,,,,,,,1175.0,-98.12,VOLUME_OI,VolumeAndOISpikesScans_25AUG26_Report_30_7_2026.xlsx,0,SELL,,Fresh Long Buildup,60,MEDIUM,NEUTRAL,WATCH,MEDIUM,41090.0,,,False,Non actionable signal,,,,FILTERED,Non actionable signal,,0.0,0.0
UNITDSPR,1526.9,0.87,8342800.0,0.12,,,,,,,,,51600.0,-96.7,VOLUME_OI,VolumeAndOISpikesScans_25AUG26_Report_30_7_2026.xlsx,0,SELL,,Fresh Long Buildup,60,MEDIUM,NEUTRAL,WATCH,MEDIUM,1526.9,,,False,Non actionable signal,,,,FILTERED,Non actionable signal,,0.0,0.0
MFSL,1534.0,0.6,9669200.0,0.15,,,,,,,,,41600.0,-95.82,VOLUME_OI,VolumeAndOISpikesScans_25AUG26_Report_30_7_2026.xlsx,0,SELL,,Fresh Long Buildup,60,MEDIUM,NEUTRAL,WATCH,MEDIUM,1534.0,,,False,Non actionable signal,,,,FILTERED,Non actionable signal,,0.0,0.0
PIIND,2760.0,0.17,2733325.0,0.1,,,,,,,,,8400.0,-95.89,VOLUME_OI,VolumeAndOISpikesScans_25AUG26_Report_30_7_2026.xlsx,0,SELL,,Fresh Long Buildup,60,MEDIUM,NEUTRAL,WATCH,MEDIUM,2760.0,,,False,Non actionable signal,,,,FILTERED,Non actionable signal,,0.0,0.0
PFC,425.6,0.24,47895900.0,0.21,,,,,,,,,248300.0,-96.24,VOLUME_OI,VolumeAndOISpikesScans_25AUG26_Report_30_7_2026.xlsx,0,SELL,,Fresh Long Buildup,60,MEDIUM,NEUTRAL,WATCH,MEDIUM,425.6,,,False,Non actionable signal,,,,FILTERED,Non actionable signal,,0.0,0.0
GAIL,176.26,0.06,78742550.0,0.23,,,,,,,,,351450.0,-96.13,VOLUME_OI,VolumeAndOISpikesScans_25AUG26_Report_30_7_2026.xlsx,0,SELL,,Fresh Long Buildup,60,MEDIUM,NEUTRAL,WATCH,MEDIUM,176.26,,,False,Non actionable signal,,,,FILTERED,Non actionable signal,,0.0,0.0
SWIGGY,285.0,0.22,54487200.0,1.2,,,,,,,,,1620600.0,-96.2,VOLUME_OI,VolumeAndOISpikesScans_25AUG26_Report_30_7_2026.xlsx,0,SELL,,Fresh Long Buildup,60,MEDIUM,NEUTRAL,WATCH,MEDIUM,285.0,,,False,Non actionable signal,,,,FILTERED,Non actionable signal,,0.0,0.0
SIEMENS,3618.3,0.04,3665200.0,0.03,,,,,,,,,14175.0,-96.28,VOLUME_OI,VolumeAndOISpikesScans_25AUG26_Report_30_7_2026.xlsx,0,SELL,,Fresh Long Buildup,60,MEDIUM,NEUTRAL,WATCH,MEDIUM,3618.3,,,False,Non actionable signal,,,,FILTERED,Non actionable signal,,0.0,0.0
ALKEM,5710.5,0.25,1368625.0,0.05,,,,,,,,,3000.0,-96.09,VOLUME_OI,VolumeAndOISpikesScans_25AUG26_Report_30_7_2026.xlsx,0,SELL,,Fresh Long Buildup,60,MEDIUM,NEUTRAL,WATCH,MEDIUM,5710.5,,,False,Non actionable signal,,,,FILTERED,Non actionable signal,,0.0,0.0
SBILIFE,1912.1,0.64,6679875.0,0.02,,,,,,,,,44625.0,-95.58,VOLUME_OI,VolumeAndOISpikesScans_25AUG26_Report_30_7_2026.xlsx,0,SELL,,Fresh Long Buildup,60,MEDIUM,NEUTRAL,WATCH,MEDIUM,1912.1,,,False,Non actionable signal,,,,FILTERED,Non actionable signal,,0.0,0.0
BHARATFORG,2178.9,0.05,7542000.0,0.21,,,,,,,,,30500.0,-95.0,VOLUME_OI,VolumeAndOISpikesScans_25AUG26_Report_30_7_2026.xlsx,0,SELL,,Fresh Long Buildup,60,MEDIUM,NEUTRAL,WATCH,MEDIUM,2178.9,,,False,Non actionable signal,,,,FILTERED,Non actionable signal,,0.0,0.0
MARICO,887.3,0.89,14475600.0,0.47,,,,,,,,,247200.0,-95.09,VOLUME_OI,VolumeAndOISpikesScans_25AUG26_Report_30_7_2026.xlsx,0,SELL,,Fresh Long Buildup,60,MEDIUM,NEUTRAL,WATCH,MEDIUM,887.3,,,False,Non actionable signal,,,,FILTERED,Non actionable signal,,0.0,0.0
MARUTI,13855.0,0.12,2180350.0,0.3,,,,,,,,,18900.0,-95.2,VOLUME_OI,VolumeAndOISpikesScans_25AUG26_Report_30_7_2026.xlsx,0,SELL,,Fresh Long Buildup,60,MEDIUM,NEUTRAL,WATCH,MEDIUM,13855.0,,,False,Non actionable signal,,,,FILTERED,Non actionable signal,,0.0,0.0
TATACONSUM,1106.0,0.34,15424750.0,0.02,,,,,,,,,39600.0,-95.0,VOLUME_OI,VolumeAndOISpikesScans_25AUG26_Report_30_7_2026.xlsx,0,SELL,,Fresh Long Buildup,60,MEDIUM,NEUTRAL,WATCH,MEDIUM,1106.0,,,False,Non actionable signal,,,,FILTERED,Non actionable signal,,0.0,0.0
BAJAJFINSV,1935.4,0.34,8696100.0,0.23,,,,,,,,,52200.0,-94.47,VOLUME_OI,VolumeAndOISpikesScans_25AUG26_Report_30_7_2026.xlsx,0,SELL,,Fresh Long Buildup,60,MEDIUM,NEUTRAL,WATCH,MEDIUM,1935.4,,,False,Non actionable signal,,,,FILTERED,Non actionable signal,,0.0,0.0
BRITANNIA,5450.0,0.06,2052250.0,0.11,,,,,,,,,17125.0,-94.16,VOLUME_OI,VolumeAndOISpikesScans_25AUG26_Report_30_7_2026.xlsx,0,SELL,,Fresh Long Buildup,60,MEDIUM,NEUTRAL,WATCH,MEDIUM,5450.0,,,False,Non actionable signal,,,,FILTERED,Non actionable signal,,0.0,0.0
BAJAJ-AUTO,11481.0,0.71,1908525.0,0.28,,,,,,,,,18225.0,-94.16,VOLUME_OI,VolumeAndOISpikesScans_25AUG26_Report_30_7_2026.xlsx,0,SELL,,Fresh Long Buildup,60,MEDIUM,NEUTRAL,WATCH,MEDIUM,11481.0,,,False,Non actionable signal,,,,FILTERED,Non actionable signal,,0.0,0.0
SAIL,171.22,0.05,182139100.0,0.05,,,,,,,,,427700.0,-98.87,VOLUME_OI,VolumeAndOISpikesScans_25AUG26_Report_30_7_2026.xlsx,0,SELL,,Fresh Long Buildup,60,MEDIUM,NEUTRAL,WATCH,MEDIUM,171.22,,,False,Non actionable signal,,,,FILTERED,Non actionable signal,,0.0,0.0
ITC,288.5,0.28,156495450.0,0.07,,,,,,,,,455400.0,-96.84,VOLUME_OI,VolumeAndOISpikesScans_25AUG26_Report_30_7_2026.xlsx,0,SELL,,Fresh Long Buildup,60,MEDIUM,NEUTRAL,WATCH,MEDIUM,288.5,,,False,Non actionable signal,,,,FILTERED,Non actionable signal,,0.0,0.0
TATAELXSI,3705.5,0.34,2616000.0,0.16,,,,,,,,,25375.0,-96.54,VOLUME_OI,VolumeAndOISpikesScans_25AUG26_Report_30_7_2026.xlsx,0,SELL,,Fresh Long Buildup,60,MEDIUM,NEUTRAL,WATCH,MEDIUM,3705.5,,,False,Non actionable signal,,,,FILTERED,Non actionable signal,,0.0,0.0
HDFCLIFE,560.2,0.07,41240100.0,0.02,,,,,,,,,77000.0,-96.88,VOLUME_OI,VolumeAndOISpikesScans_25AUG26_Report_30_7_2026.xlsx,0,SELL,,Fresh Long Buildup,60,MEDIUM,NEUTRAL,WATCH,MEDIUM,560.2,,,False,Non actionable signal,,,,FILTERED,Non actionable signal,,0.0,0.0
MAXHEALTH,1121.5,0.39,9678900.0,0.04,,,,,,,,,11550.0,-98.54,VOLUME_OI,VolumeAndOISpikesScans_25AUG26_Report_30_7_2026.xlsx,0,SELL,,Fresh Long Buildup,60,MEDIUM,NEUTRAL,WATCH,MEDIUM,1121.5,,,False,Non actionable signal,,,,FILTERED,Non actionable signal,,0.0,0.0
POWERGRID,284.7,0.35,43128100.0,0.03,,,,,,,,,142500.0,-98.11,VOLUME_OI,VolumeAndOISpikesScans_25AUG26_Report_30_7_2026.xlsx,0,SELL,,Fresh Long Buildup,60,MEDIUM,NEUTRAL,WATCH,MEDIUM,284.7,,,False,Non actionable signal,,,,FILTERED,Non actionable signal,,0.0,0.0
TORNTPHARM,4930.8,0.56,4230625.0,-0.04,,,,,,,,,19625.0,-95.08,VOLUME_OI,VolumeAndOISpikesScans_25AUG26_Report_30_7_2026.xlsx,0,SELL,,Short Covering,55,MEDIUM,NEUTRAL,WATCH,HIGH,4930.8,,,False,Non actionable signal,,,,FILTERED,Non actionable signal,,0.0,0.0
LUPIN,2476.0,0.57,5662275.0,-0.1,,,,,,,,,55250.0,-95.42,VOLUME_OI,VolumeAndOISpikesScans_25AUG26_Report_30_7_2026.xlsx,0,SELL,,Short Covering,55,MEDIUM,NEUTRAL,WATCH,HIGH,2476.0,,,False,Non actionable signal,,,,FILTERED,Non actionable signal,,0.0,0.0
NIFTY,24314.4,0.01,13306605.0,-0.03,,,,,,,,,237705.0,-92.94,VOLUME_OI,VolumeAndOISpikesScans_25AUG26_Report_30_7_2026.xlsx,0,SELL,,Short Covering,55,MEDIUM,NEUTRAL,WATCH,HIGH,24314.4,,,False,Non actionable signal,,,,FILTERED,Non actionable signal,,0.0,0.0
HINDALCO,971.95,0.37,51819600.0,-0.08,,,,,,,,,463400.0,-90.54,VOLUME_OI,VolumeAndOISpikesScans_25AUG26_Report_30_7_2026.xlsx,0,SELL,,Short Covering,55,MEDIUM,NEUTRAL,WATCH,HIGH,971.95,,,False,Non actionable signal,,,,FILTERED,Non actionable signal,,0.0,0.0
HINDUNILVR,2134.6,0.19,15469200.0,-0.01,,,,,,,,,85500.0,-98.94,VOLUME_OI,VolumeAndOISpikesScans_25AUG26_Report_30_7_2026.xlsx,0,SELL,,Short Covering,55,MEDIUM,NEUTRAL,WATCH,HIGH,2134.6,,,False,Non actionable signal,,,,FILTERED,Non actionable signal,,0.0,0.0
ZYDUSLIFE,1132.4,0.28,9705600.0,-0.02,,,,,,,,,45900.0,-96.46,VOLUME_OI,VolumeAndOISpikesScans_25AUG26_Report_30_7_2026.xlsx,0,SELL,,Short Covering,55,MEDIUM,NEUTRAL,WATCH,HIGH,1132.4,,,False,Non actionable signal,,,,FILTERED,Non actionable signal,,0.0,0.0
RECLTD,371.5,0.2,43252650.0,-0.05,,,,,,,,,349650.0,-95.4,VOLUME_OI,VolumeAndOISpikesScans_25AUG26_Report_30_7_2026.xlsx,0,SELL,,Short Covering,55,MEDIUM,NEUTRAL,WATCH,HIGH,371.5,,,False,Non actionable signal,,,,FILTERED,Non actionable signal,,0.0,0.0
RELIANCE,1287.0,0.28,105608000.0,-0.07,,,,,,,,,457500.0,-95.79,VOLUME_OI,VolumeAndOISpikesScans_25AUG26_Report_30_7_2026.xlsx,0,SELL,,Short Covering,55,MEDIUM,NEUTRAL,WATCH,HIGH,1287.0,,,False,Non actionable signal,,,,FILTERED,Non actionable signal,,0.0,0.0
WIPRO,188.03,2.44,251367000.0,-0.41,,,,,,,,,4071000.0,-90.38,VOLUME_OI,VolumeAndOISpikesScans_25AUG26_Report_30_7_2026.xlsx,20,SELL,Positive Price Momentum,Short Covering,55,MEDIUM,NEUTRAL,WATCH,HIGH,188.03,,,False,Non actionable signal,,,,FILTERED,Non actionable signal,,0.0,0.0
VBL,454.55,1.39,54242325.0,-0.08,,,,,,,,,921825.0,-93.99,VOLUME_OI,VolumeAndOISpikesScans_25AUG26_Report_30_7_2026.xlsx,20,SELL,Positive Price Momentum,Short Covering,55,MEDIUM,NEUTRAL,WATCH,HIGH,454.55,,,False,Non actionable signal,,,,FILTERED,Non actionable signal,,0.0,0.0
VEDL,265.7,0.04,49062450.0,-0.01,,,,,,,,,197800.0,-92.99,VOLUME_OI,VolumeAndOISpikesScans_25AUG26_Report_30_7_2026.xlsx,0,SELL,,Short Covering,55,MEDIUM,NEUTRAL,WATCH,HIGH,265.7,,,False,Non actionable signal,,,,FILTERED,Non actionable signal,,0.0,0.0
KALYANKJIL,631.9,0.17,24232500.0,-0.63,,,,,,,,,982800.0,-93.19,VOLUME_OI,VolumeAndOISpikesScans_25AUG26_Report_30_7_2026.xlsx,0,SELL,,Short Covering,55,MEDIUM,NEUTRAL,WATCH,HIGH,631.9,,,False,Non actionable signal,,,,FILTERED,Non actionable signal,,0.0,0.0
OIL,452.75,1.62,16069200.0,-0.03,,,,,,,,,68600.0,-96.05,VOLUME_OI,VolumeAndOISpikesScans_25AUG26_Report_30_7_2026.xlsx,20,SELL,Positive Price Momentum,Short Covering,55,MEDIUM,NEUTRAL,WATCH,HIGH,452.75,,,False,Non actionable signal,,,,FILTERED,Non actionable signal,,0.0,0.0
FORCEMOT,17785.0,2.94,277650.0,-2.41,,,,,,,,,32400.0,-42.6,VOLUME_OI,VolumeAndOISpikesScans_25AUG26_Report_30_7_2026.xlsx,10,SELL,Positive Price Momentum; OI Reduction,Short Covering,55,MEDIUM,NEUTRAL,WATCH,HIGH,17785.0,,,False,Non actionable signal,,,,FILTERED,Non actionable signal,,0.0,0.0
BANKEX,,,,,,,,,,,,,,,VOLUME_OI,VolumeAndOISpikesScans_25AUG26_Report_30_7_2026.xlsx,0,SELL,,Neutral,35,LOW,SELL,VALID SELL,HIGH,,,,False,Missing trade parameters,,,,FILTERED,Missing trade parameters,,0.0,0.0
BAJAJHLDNG,,,,,,,,,,,,,,,VOLUME_OI,VolumeAndOISpikesScans_25AUG26_Report_30_7_2026.xlsx,0,SELL,,Neutral,35,LOW,SELL,VALID SELL,HIGH,,,,False,Missing trade parameters,,,,FILTERED,Missing trade parameters,,0.0,0.0
