File,Class,Description
history_manager.py,HistoryManager,
outcome_engine.py,OutcomeEngine,
pattern_engine.py,PatternEngine,
probability_engine.py,ProbabilityEngine,
scoring_engine.py,NTISScoreEngine,
Intraday\file_manager.py,FileManager,
Intraday\image_loader.py,ImageLoader,
Intraday\intraday_archive_manager.py,IntradayArchiveManager,
Intraday\intraday_daily_report_generator.py,IntradayDailyReportGenerator,
Intraday\intraday_data_quality_monitor.py,IntradayDataQualityMonitor,
Intraday\intraday_duplicate_detector.py,IntradayDuplicateDetector,
Intraday\intraday_file_registry.py,IntradayFileRegistry,
Intraday\intraday_historical_replay_engine.py,IntradayHistoricalReplayEngine,
Intraday\intraday_import_core.py,IntradayImportCore,
Intraday\intraday_intelligence_export.py,IntelligenceExport,
Intraday\intraday_intelligence_loader.py,IntelligenceLoader,
Intraday\intraday_intelligence_query.py,IntelligenceQuery,
Intraday\intraday_intelligence_schema.py,IntradayIntelligenceSchema,
Intraday\intraday_intelligence_snapshot.py,IntradayIntelligenceSnapshot,
Intraday\intraday_junk_data_analyzer.py,IntradayJunkDataAnalyzer,
Intraday\intraday_latest_snapshot_resolver.py,IntradayLatestSnapshotResolver,
Intraday\intraday_learning_outcome_updater.py,IntradayLearningOutcomeUpdater,
Intraday\intraday_market_master_builder.py,IntradayMarketMasterBuilder,
Intraday\intraday_market_master_cleaner.py,IntradayMarketMasterCleaner,
Intraday\intraday_market_master_normalizer.py,IntradayMarketMasterNormalizer,
Intraday\intraday_market_master_schema.py,IntradaySchemaConsolidator,
Intraday\intraday_output_writer.py,IntradayOutputWriter,
Intraday\intraday_pattern_engine.py,IntradayPatternEngine,
Intraday\intraday_probability_calibration.py,IntradayProbabilityCalibration,
Intraday\intraday_probability_engine.py,IntradayProbabilityEngine,
Intraday\intraday_report_parser.py,IntradayReportParser,
Intraday\intraday_scoring_engine.py,IntradayScoringEngine,
Intraday\intraday_snapshot_evolution_engine.py,IntradaySnapshotEvolution,
Intraday\intraday_snapshot_manager.py,SnapshotManager,
Intraday\intraday_snapshot_registry.py,SnapshotRegistry,
Intraday\intraday_storage_monitor.py,IntradayStorageMonitor,
Intraday\intraday_trade_validation_engine.py,IntradayTradeValidationEngine,
Intraday\ocr_engine.py,OCREngine,
Intraday\report_registry.py,ReportRecord,
Intraday\report_registry.py,ReportRegistry,
replay\historical_replay.py,HistoricalReplay,
replay\replay_analyzer.py,ReplayAnalyzer,
replay\replay_archiver.py,ReplayArchiver,
replay\replay_audit.py,ReplayAudit,
replay\replay_banner.py,ReplayBanner,
replay\replay_batch_runner.py,ReplayBatchRunner,
replay\replay_bookmarks.py,ReplayBookmarks,
replay\replay_bootstrap.py,ReplayBootstrap,
replay\replay_cache.py,ReplayCache,
replay\replay_cache_manager.py,ReplayCacheManager,
replay\replay_checkpoint.py,ReplayCheckpoint,
replay\replay_cleaner.py,ReplayCleaner,
replay\replay_cleanup_report.py,ReplayCleanupReport,
replay\replay_comparator.py,ReplayComparator,
replay\replay_config_validator.py,ReplayConfigValidator,
replay\replay_console.py,ReplayConsole,
replay\replay_context.py,ReplayContext,
replay\replay_context_manager.py,ReplayContextManager,
replay\replay_counter.py,ReplayCounter,
replay\replay_csv_reader.py,ReplayCSVReader,
replay\replay_csv_writer.py,ReplayCSVWriter,
replay\replay_dataset.py,ReplayDataset,
replay\replay_data_validator.py,ReplayDataValidator,
replay\replay_dependency_graph.py,ReplayDependencyGraph,
replay\replay_diagnostics.py,ReplayDiagnostics,
replay\replay_dispatcher.py,ReplayDispatcher,
replay\replay_engine.py,ReplayEngine,
replay\replay_enums.py,ReplayStatus,
replay\replay_enums.py,TradeDirection,
replay\replay_enums.py,TradeOutcome,
replay\replay_enums.py,ConfidenceLevel,
replay\replay_environment.py,ReplayEnvironment,
replay\replay_events.py,ReplayEvent,
replay\replay_events.py,ReplayEvents,
replay\replay_event_bus.py,ReplayEventBus,
replay\replay_exceptions.py,ReplayError,Base Replay Exception.
replay\replay_exceptions.py,ReplayConfigurationError,Invalid replay configuration.
replay\replay_exceptions.py,ReplayDataError,Historical data error.
replay\replay_exceptions.py,ReplayValidationError,Replay validation error.
replay\replay_exceptions.py,ReplayStrategyError,Strategy execution error.
replay\replay_exceptions.py,ReplayOutputError,Replay output generation error.
replay\replay_exporter.py,ReplayExporter,
replay\replay_factory.py,ReplayFactory,
replay\replay_file_manager.py,ReplayFileManager,
replay\replay_filters.py,ReplayFilters,
replay\replay_flags.py,ReplayFlags,Feature flags for replay.
replay\replay_formatter.py,ReplayFormatter,
replay\replay_healthcheck.py,ReplayHealthCheck,
replay\replay_health_report.py,ReplayHealthReport,
replay\replay_history.py,ReplayHistory,
replay\replay_hooks.py,ReplayHooks,
replay\replay_index_builder.py,ReplayIndexBuilder,
replay\replay_info.py,ReplayInfo,
replay\replay_installer.py,ReplayInstaller,
replay\replay_integrity.py,ReplayIntegrity,
replay\replay_json_reader.py,ReplayJsonReader,
replay\replay_json_writer.py,ReplayJsonWriter,
replay\replay_labels.py,ReplayLabels,
replay\replay_loader.py,ReplayLoader,
replay\replay_lock.py,ReplayLock,
replay\replay_manifest_builder.py,ReplayManifestBuilder,
replay\replay_metadata.py,ReplayMetadata,
replay\replay_metadata_builder.py,ReplayMetadataBuilder,
replay\replay_metrics.py,ReplayMetrics,
replay\replay_metrics_collector.py,ReplayMetricsCollector,
replay\replay_models.py,ReplayRecord,
replay\replay_models.py,ReplayStatistics,
replay\replay_models.py,ReplayResult,
replay\replay_models.py,HistoricalMatch,
replay\replay_notifier.py,ReplayNotifier,
replay\replay_observer.py,ReplayObserver,
replay\replay_observer.py,ReplayObservable,
replay\replay_package_statistics.py,ReplayPackageStatistics,
replay\replay_package_validator.py,ReplayPackageValidator,
replay\replay_paths.py,ReplayPaths,
replay\replay_pipeline.py,ReplayPipeline,
replay\replay_plugin.py,ReplayPlugin,
replay\replay_plugin_manager.py,ReplayPluginManager,
replay\replay_preferences.py,ReplayPreferences,Replay preferences.
replay\replay_progress.py,ReplayProgress,
replay\replay_queue.py,ReplayQueue,
replay\replay_recovery.py,ReplayRecovery,
replay\replay_registry.py,ReplayRegistry,
replay\replay_registry_manager.py,ReplayRegistryManager,
replay\replay_report.py,ReplayReport,
replay\replay_report_formatter.py,ReplayReportFormatter,
replay\replay_resource_manager.py,ReplayResourceManager,
replay\replay_result_writer.py,ReplayResultWriter,
replay\replay_run_info.py,ReplayRunInfo,
replay\replay_scheduler.py,ReplayScheduler,
replay\replay_session.py,ReplaySession,
replay\replay_session_manager.py,ReplaySessionManager,
replay\replay_snapshot.py,ReplaySnapshot,
replay\replay_state.py,ReplayState,
replay\replay_statistics.py,ReplayStatistics,
replay\replay_stopwatch.py,ReplayStopwatch,
replay\replay_strategy.py,ReplayStrategy,Base class for all replay strategies.
replay\replay_summary.py,ReplaySummary,
replay\replay_tagger.py,ReplayTagger,
replay\replay_text_reader.py,ReplayTextReader,
replay\replay_text_writer.py,ReplayTextWriter,
replay\replay_timeline.py,ReplayTimeline,
replay\replay_timer.py,ReplayTimer,
replay\replay_timer_manager.py,ReplayTimerManager,
replay\replay_trace.py,ReplayTrace,
replay\replay_uuid.py,ReplayUUID,
replay\replay_validator.py,ReplayValidator,
replay\replay_version_info.py,ReplayVersionInfo,
replay\replay_visualizer.py,ReplayVisualizer,
replay\replay_yaml_reader.py,ReplayYAMLReader,
replay\replay_yaml_writer.py,ReplayYAMLWriter,
replay\test_replay.py,TestReplayCache,
replay\test_replay.py,TestReplayContext,
replay\test_replay.py,TestReplayState,
replay\test_replay.py,TestReplayTimer,
similarity_core_clean\adapters\calibration_adapter.py,CalibrationAdapter,
similarity_core_clean\adapters\legacy_engine_adapter.py,LegacyEngineAdapter,
similarity_core_clean\adapters\probability_engine_adapter.py,ProbabilityEngineAdapter,
similarity_core_clean\adapters\similarity_engine_adapter.py,SimilarityEngineAdapter,
similarity_core_clean\integration\eod_data_resolution_core_v17.py,EODDataResolutionCoreV17,
similarity_core_clean\integration\eod_data_resolution_switch_controller_v17.py,EODDataResolutionSwitchControllerV17,
similarity_core_clean\integration\execution_context.py,ExecutionContext,
similarity_core_clean\integration\functional_gateway.py,FunctionalGateway,
similarity_core_clean\integration\hmme_historical_data_loader.py,HMMEHistoricalDataLoader,
similarity_core_clean\integration\hmme_historical_replay_adapter.py,HMMEHistoricalReplayAdapter,
similarity_core_clean\integration\hmme_learning_bridge.py,HMMELearningBridge,
similarity_core_clean\integration\hmme_outcome_calibration.py,HMMEOutcomeCalibration,
similarity_core_clean\integration\hmme_real_replay_controller.py,HMMERealReplayController,
similarity_core_clean\integration\hmme_replay_engine.py,HMMEReplayEngine,
similarity_core_clean\integration\hmme_runtime_executor.py,HMMERuntimeExecutor,
similarity_core_clean\integration\ntis_data_bridge.py,NTISDataBridge,
similarity_core_clean\integration\production_runtime.py,ProductionRuntime,
similarity_core_clean\integration\result_collector.py,ResultCollector,
similarity_core_clean\reporting\hmme_production_report.py,HMMEProductionReport,
