source,target,type
check_support.py,market_data,from_import
config.py,pathlib,from_import
history_manager.py,pathlib,from_import
history_manager.py,datetime,from_import
history_manager.py,pandas,import
hmme_active_dependency_mapper.py,pathlib,from_import
hmme_active_dependency_mapper.py,pandas,import
hmme_active_dependency_mapper.py,re,import
hmme_archive_mover_v5.py,pathlib,from_import
hmme_archive_mover_v5.py,pandas,import
hmme_archive_mover_v5.py,shutil,import
hmme_archive_mover_v5.py,datetime,from_import
hmme_consolidation_analyzer_v2.py,pathlib,from_import
hmme_consolidation_analyzer_v2.py,pandas,import
hmme_consolidation_analyzer_v2.py,fnmatch,import
hmme_consolidation_analyzer_v2.py,datetime,from_import
hmme_consolidation_analyzer_v3.py,pathlib,from_import
hmme_consolidation_analyzer_v3.py,pandas,import
hmme_dependency_scanner_v4.py,pathlib,from_import
hmme_dependency_scanner_v4.py,pandas,import
hmme_dependency_scanner_v4.py,re,import
hmme_production_merge_planner_v2.py,pathlib,from_import
hmme_production_merge_planner_v2.py,pandas,import
hmme_production_merge_planner_v2.py,difflib,import
importer.py,pandas,import
importer.py,config,from_import
importer.py,utils,from_import
importer.py,validator,from_import
ntis_similarity_core_dependency_map.py,pathlib,from_import
ntis_similarity_core_dependency_map.py,ast,import
ntis_similarity_core_dependency_map.py,csv,import
outcome_engine.py,pandas,import
outcome_engine.py,pathlib,from_import
pattern_engine.py,pandas,import
pattern_engine.py,pathlib,from_import
probability_engine.py,logging,import
probability_engine.py,pandas,import
probability_engine.py,pathlib,from_import
probability_engine.py,datetime,from_import
scoring_engine.py,pandas,import
scoring_engine.py,pathlib,from_import
trade_validation_engine.py,pandas,import
trade_validation_engine.py,pathlib,from_import
trade_validation_engine.py,datetime,from_import
trade_validation_engine.py,glob,import
utils.py,re,import
utils.py,datetime,from_import
utils.py,pathlib,from_import
Config\replay_config.py,pathlib,from_import
Intraday\config_loader.py,pathlib,from_import
Intraday\config_loader.py,configparser,import
Intraday\current_report_importer.py,intraday_config,from_import
Intraday\current_report_importer.py,intraday_file_registry,from_import
Intraday\eod_context_reader.py,datetime,from_import
Intraday\eod_context_reader.py,re,import
Intraday\eod_context_reader.py,pandas,import
Intraday\eod_context_reader.py,config_loader,from_import
Intraday\file_manager.py,pathlib,from_import
Intraday\file_manager.py,typing,from_import
Intraday\file_manager.py,logging,import
Intraday\file_manager.py,intraday_config,from_import
Intraday\image_loader.py,pathlib,from_import
Intraday\image_loader.py,cv2,import
Intraday\image_loader.py,pandas,import
Intraday\image_loader.py,intraday_config,from_import
Intraday\intraday_accuracy_tracker.py,pathlib,from_import
Intraday\intraday_accuracy_tracker.py,pandas,import
Intraday\intraday_archive_manager.py,pathlib,from_import
Intraday\intraday_archive_manager.py,shutil,import
Intraday\intraday_config.py,pathlib,from_import
Intraday\intraday_config.py,configparser,import
Intraday\intraday_config.py,intraday_execution_context,from_import
Intraday\intraday_daily_report_generator.py,pathlib,from_import
Intraday\intraday_daily_report_generator.py,pandas,import
Intraday\intraday_daily_report_generator.py,intraday_config,from_import
Intraday\intraday_dashboard.py,streamlit,import
Intraday\intraday_dashboard.py,dashboard.dashboard_loader,from_import
Intraday\intraday_dashboard.py,dashboard.dashboard_sidebar,from_import
Intraday\intraday_dashboard_backup_before_status_update.py,pathlib,from_import
Intraday\intraday_dashboard_backup_before_status_update.py,datetime,from_import
Intraday\intraday_dashboard_backup_before_status_update.py,pandas,import
Intraday\intraday_dashboard_backup_before_status_update.py,streamlit,import
Intraday\intraday_dashboard_backup_before_status_update.py,intraday_path_config,from_import
Intraday\intraday_dashboard_backup_before_status_update.py,intraday_latest_snapshot_resolver,from_import
Intraday\intraday_dashboard_health_panel.py,pathlib,from_import
Intraday\intraday_dashboard_health_panel.py,pandas,import
Intraday\intraday_dashboard_health_panel.py,config_loader,from_import
Intraday\intraday_data_quality_monitor.py,pathlib,from_import
Intraday\intraday_duplicate_detector.py,pathlib,from_import
Intraday\intraday_duplicate_detector.py,collections,from_import
Intraday\intraday_execution_context.py,datetime,from_import
Intraday\intraday_execution_context.py,os,import
Intraday\intraday_file_registry.py,pathlib,from_import
Intraday\intraday_file_registry.py,datetime,from_import
Intraday\intraday_file_registry.py,pandas,import
Intraday\intraday_file_registry.py,intraday_config,from_import
Intraday\intraday_historical_replay_engine.py,pathlib,from_import
Intraday\intraday_historical_replay_engine.py,pandas,import
Intraday\intraday_historical_replay_engine.py,intraday_outcome_engine,from_import
Intraday\intraday_import_core.py,pathlib,from_import
Intraday\intraday_import_core.py,datetime,from_import
Intraday\intraday_import_core.py,logging,import
Intraday\intraday_import_core.py,intraday_config,from_import
Intraday\intraday_import_core.py,intraday_path_config,from_import
Intraday\intraday_intelligence_export.py,pathlib,from_import
Intraday\intraday_intelligence_loader.py,pathlib,from_import
Intraday\intraday_intelligence_loader.py,pandas,import
Intraday\intraday_intelligence_snapshot.py,pathlib,from_import
Intraday\intraday_intelligence_snapshot.py,pandas,import
Intraday\intraday_junk_data_analyzer.py,pathlib,from_import
Intraday\intraday_latest_snapshot_resolver.py,pathlib,from_import
Intraday\intraday_latest_snapshot_resolver.py,datetime,from_import
Intraday\intraday_learning_memory_builder.py,pathlib,from_import
Intraday\intraday_learning_memory_builder.py,datetime,from_import
Intraday\intraday_learning_memory_builder.py,pandas,import
Intraday\intraday_learning_memory_builder.py,config_loader,from_import
Intraday\intraday_learning_outcome_updater.py,pathlib,from_import
Intraday\intraday_learning_outcome_updater.py,pandas,import
Intraday\intraday_learning_outcome_updater.py,config_loader,from_import
Intraday\intraday_market_master_builder.py,pathlib,from_import
Intraday\intraday_market_master_builder.py,pandas,import
Intraday\intraday_market_master_builder.py,intraday_config,from_import
Intraday\intraday_market_master_builder.py,intraday_execution_context,from_import
Intraday\intraday_market_master_builder.py,intraday_path_config,from_import
Intraday\intraday_market_master_cleaner.py,pathlib,from_import
Intraday\intraday_market_master_cleaner.py,pandas,import
Intraday\intraday_market_master_cleaner.py,intraday_path_config,from_import
Intraday\intraday_market_master_normalizer.py,pathlib,from_import
Intraday\intraday_market_master_normalizer.py,pandas,import
Intraday\intraday_market_master_normalizer.py,intraday_path_config,from_import
Intraday\intraday_market_master_schema.py,pathlib,from_import
Intraday\intraday_market_master_schema.py,pandas,import
Intraday\intraday_market_master_schema.py,intraday_config,from_import
Intraday\intraday_ntis_scoring_bridge.py,pathlib,from_import
Intraday\intraday_ntis_scoring_bridge.py,pandas,import
Intraday\intraday_outcome_engine.py,pandas,import
Intraday\intraday_output_writer.py,pandas,import
Intraday\intraday_path_config.py,pathlib,from_import
Intraday\intraday_path_config.py,intraday_execution_context,from_import
Intraday\intraday_pattern_engine.py,pathlib,from_import
Intraday\intraday_pattern_engine.py,pandas,import
Intraday\intraday_pattern_engine.py,intraday_path_config,from_import
Intraday\intraday_probability_calibration.py,pathlib,from_import
Intraday\intraday_probability_calibration.py,pandas,import
Intraday\intraday_probability_engine.py,pathlib,from_import
Intraday\intraday_probability_engine.py,pandas,import
Intraday\intraday_probability_engine.py,intraday_path_config,from_import
Intraday\intraday_report_parser.py,pandas,import
Intraday\intraday_scoring_engine.py,pathlib,from_import
Intraday\intraday_scoring_engine.py,pandas,import
Intraday\intraday_scoring_engine.py,intraday_config,from_import
Intraday\intraday_snapshot_evolution_engine.py,pathlib,from_import
Intraday\intraday_snapshot_evolution_engine.py,pandas,import
Intraday\intraday_snapshot_evolution_engine.py,intraday_config,from_import
Intraday\intraday_snapshot_evolution_engine.py,datetime,from_import
Intraday\intraday_snapshot_manager.py,datetime,from_import
Intraday\intraday_snapshot_manager.py,pandas,import
Intraday\intraday_snapshot_registry.py,pathlib,from_import
Intraday\intraday_snapshot_registry.py,json,import
Intraday\intraday_snapshot_validator.py,pandas,import
Intraday\intraday_storage_monitor.py,pathlib,from_import
Intraday\intraday_trade_memory_connector.py,pathlib,from_import
Intraday\intraday_trade_memory_connector.py,datetime,from_import
Intraday\intraday_trade_memory_connector.py,pandas,import
Intraday\intraday_trade_memory_connector.py,config_loader,from_import
Intraday\intraday_trade_memory_connector.py,intraday_learning_memory_builder,from_import
Intraday\intraday_trade_validation_engine.py,pathlib,from_import
Intraday\intraday_trade_validation_engine.py,sys,import
Intraday\intraday_trade_validation_engine.py,pandas,import
Intraday\intraday_trade_validation_engine.py,intraday_execution_context,from_import
Intraday\intraday_trade_validation_engine.py,intraday_path_config,from_import
Intraday\ocr_engine.py,pathlib,from_import
Intraday\ocr_engine.py,logging,import
Intraday\ocr_engine.py,pytesseract,import
Intraday\ocr_engine.py,image_loader,from_import
Intraday\ocr_engine.py,intraday_config,from_import
Intraday\pattern_statistics_engine.py,pathlib,from_import
Intraday\pattern_statistics_engine.py,pandas,import
Intraday\pattern_statistics_engine.py,config_loader,from_import
Intraday\report_registry.py,pathlib,from_import
Intraday\report_registry.py,dataclasses,from_import
Intraday\report_registry.py,typing,from_import
Intraday\report_registry.py,pandas,import
Intraday\report_registry.py,file_manager,from_import
Intraday\report_registry.py,intraday_config,from_import
Intraday\run_date_control_validation.py,pathlib,from_import
Intraday\run_intraday_dashboard_validation.py,pathlib,from_import
Intraday\run_intraday_date_pipeline.py,sys,import
Intraday\run_intraday_date_pipeline.py,os,import
Intraday\run_intraday_date_pipeline.py,subprocess,import
Intraday\run_intraday_date_pipeline.py,intraday_execution_context,from_import
Intraday\run_intraday_date_pipeline_validation.py,pathlib,from_import
Intraday\run_intraday_governance_validation.py,pathlib,from_import
Intraday\run_intraday_intelligence_validation.py,pathlib,from_import
Intraday\run_intraday_intelligence_validation_part1.py,pathlib,from_import
Intraday\run_intraday_pipeline.py,subprocess,import
Intraday\run_intraday_pipeline.py,sys,import
Intraday\run_intraday_replay.py,sys,import
Intraday\run_intraday_replay.py,pathlib,from_import
Intraday\run_intraday_replay.py,datetime,from_import
Intraday\run_intraday_replay.py,intraday_historical_replay_engine,from_import
Intraday\run_intraday_replay.py,config_loader,from_import
Intraday\run_intraday_replay_validation.py,pathlib,from_import
Intraday\run_intraday_snapshot_resolver_validation.py,pathlib,from_import
Intraday\run_ntis_intraday_health_check.py,pathlib,from_import
replay\historical_replay.py,pathlib,from_import
replay\historical_replay.py,replay_engine,from_import
replay\historical_replay.py,replay_validator,from_import
replay\historical_replay.py,replay_report,from_import
replay\replay_analyzer.py,pandas,import
replay\replay_archiver.py,pathlib,from_import
replay\replay_archiver.py,zipfile,from_import
replay\replay_audit.py,datetime,from_import
replay\replay_bootstrap.py,replay_info,from_import
replay\replay_bootstrap.py,replay_healthcheck,from_import
replay\replay_cache.py,pathlib,from_import
replay\replay_cache.py,pickle,import
replay\replay_checkpoint.py,pathlib,from_import
replay\replay_checkpoint.py,json,import
replay\replay_cleaner.py,pathlib,from_import
replay\replay_cli.py,argparse,import
replay\replay_cli.py,historical_replay,from_import
replay\replay_csv_reader.py,csv,import
replay\replay_csv_writer.py,csv,import
replay\replay_dataset.py,pandas,import
replay\replay_diagnostics.py,pathlib,from_import
replay\replay_diagnostics.py,platform,import
replay\replay_diagnostics.py,sys,import
replay\replay_engine.py,pathlib,from_import
replay\replay_engine.py,pandas,import
replay\replay_engine.py,replay_loader,from_import
replay\replay_enums.py,enum,from_import
replay\replay_environment.py,sys,import
replay\replay_environment.py,importlib,import
replay\replay_events.py,dataclasses,from_import
replay\replay_events.py,datetime,from_import
replay\replay_events.py,typing,from_import
replay\replay_exporter.py,pathlib,from_import
replay\replay_exporter.py,pandas,import
replay\replay_factory.py,replay_strategy,from_import
replay\replay_file_manager.py,pathlib,from_import
replay\replay_filters.py,pandas,import
replay\replay_healthcheck.py,pathlib,from_import
replay\replay_healthcheck.py,importlib,import
replay\replay_index.py,historical_replay,from_import
replay\replay_index.py,replay_models,from_import
replay\replay_index.py,replay_loader,from_import
replay\replay_index.py,replay_engine,from_import
replay\replay_index.py,replay_validator,from_import
replay\replay_index.py,replay_report,from_import
replay\replay_index.py,replay_metrics,from_import
replay\replay_index.py,replay_analyzer,from_import
replay\replay_index.py,replay_filters,from_import
replay\replay_index.py,replay_exporter,from_import
replay\replay_index.py,replay_strategy,from_import
replay\replay_index.py,replay_factory,from_import
replay\replay_index.py,replay_registry,from_import
replay\replay_index.py,replay_cache,from_import
replay\replay_index.py,replay_scheduler,from_import
replay\replay_index.py,replay_session,from_import
replay\replay_index.py,replay_context,from_import
replay\replay_index.py,replay_state,from_import
replay\replay_index.py,replay_timer,from_import
replay\replay_index.py,replay_logger,from_import
replay\replay_index.py,replay_constants,from_import
replay\replay_index.py,replay_enums,from_import
replay\replay_index.py,replay_hooks,from_import
replay\replay_index.py,replay_events,from_import
replay\replay_index.py,replay_observer,from_import
replay\replay_index.py,replay_plugin,from_import
replay\replay_index.py,replay_plugin_manager,from_import
replay\replay_info.py,replay_manifest,from_import
replay\replay_installer.py,pathlib,from_import
replay\replay_json_reader.py,json,import
replay\replay_json_reader.py,pathlib,from_import
replay\replay_json_writer.py,json,import
replay\replay_json_writer.py,pathlib,from_import
replay\replay_loader.py,pathlib,from_import
replay\replay_loader.py,pandas,import
replay\replay_lock.py,threading,from_import
replay\replay_logger.py,logging,import
replay\replay_logger.py,pathlib,from_import
replay\replay_logger.py,replay_config,from_import
replay\replay_manifest.py,pathlib,from_import
replay\replay_manifest_builder.py,datetime,from_import
replay\replay_metadata_builder.py,datetime,from_import
replay\replay_metrics.py,pandas,import
replay\replay_models.py,dataclasses,from_import
replay\replay_models.py,datetime,from_import
replay\replay_models.py,typing,from_import
replay\replay_package_statistics.py,pathlib,from_import
replay\replay_package_validator.py,pathlib,from_import
replay\replay_paths.py,pathlib,from_import
replay\replay_paths.py,replay_config,from_import
replay\replay_plugin.py,abc,from_import
replay\replay_plugin_manager.py,replay_plugin,from_import
replay\replay_queue.py,collections,from_import
replay\replay_registry.py,replay_factory,from_import
replay\replay_report.py,pathlib,from_import
replay\replay_report.py,pandas,import
replay\replay_result_writer.py,pathlib,from_import
replay\replay_result_writer.py,json,import
replay\replay_run_info.py,datetime,from_import
replay\replay_scheduler.py,datetime,from_import
replay\replay_session.py,datetime,from_import
replay\replay_session_manager.py,uuid,from_import
replay\replay_session_manager.py,datetime,from_import
replay\replay_snapshot.py,copy,import
replay\replay_stopwatch.py,time,import
replay\replay_strategy.py,abc,from_import
replay\replay_text_reader.py,pathlib,from_import
replay\replay_text_writer.py,pathlib,from_import
replay\replay_timeline.py,datetime,from_import
replay\replay_timer.py,time,import
replay\replay_timer_manager.py,time,import
replay\replay_utils.py,pathlib,from_import
replay\replay_utils.py,datetime,from_import
replay\replay_uuid.py,uuid,from_import
replay\replay_validator.py,pandas,import
replay\replay_yaml_reader.py,pathlib,from_import
replay\replay_yaml_writer.py,pathlib,from_import
replay\test_replay.py,unittest,import
replay\test_replay.py,replay_cache,from_import
replay\test_replay.py,replay_context,from_import
replay\test_replay.py,replay_state,from_import
replay\test_replay.py,replay_timer,from_import
replay\__init__.py,replay_models,from_import
replay\__init__.py,replay_loader,from_import
replay\__init__.py,replay_engine,from_import
replay\__init__.py,replay_validator,from_import
replay\__init__.py,replay_report,from_import
Tools\ntis_architecture_scanner.py,__future__,from_import
Tools\ntis_architecture_scanner.py,ast,import
Tools\ntis_architecture_scanner.py,csv,import
Tools\ntis_architecture_scanner.py,json,import
Tools\ntis_architecture_scanner.py,hashlib,import
Tools\ntis_architecture_scanner.py,pathlib,from_import
Tools\ntis_architecture_scanner.py,datetime,from_import
similarity_core_Old1\adapters\calibration_adapter.py,similarity.calibration_engine,from_import
similarity_core_Old1\adapters\legacy_engine_adapter.py,similarity.hmme_engine,from_import
similarity_core_Old1\adapters\probability_engine_adapter.py,probability_engine,from_import
similarity_core_Old1\adapters\similarity_engine_adapter.py,similarity.historical_similarity_engine,from_import
similarity_core_Old1\Archive\production_runtime_old.py,similarity_core.integration.execution_context,from_import
similarity_core_Old1\Archive\production_runtime_old.py,similarity_core.integration.hmme_runtime_executor,from_import
similarity_core_Old1\Archive\production_runtime_old.py,similarity_core.integration.result_collector,from_import
similarity_core_Old1\Archive\production_runtime_old.py,similarity_core.integration.functional_gateway,from_import
similarity_core_Old1\Archive\production_runtime_old.py,similarity_core.integration.ntis_data_bridge,from_import
similarity_core_Old1\Archive\production_runtime_old.py,similarity_core.reporting.hmme_production_report,from_import
similarity_core_Old1\Archive\production_runtime_Old2.py,similarity_core.integration.execution_context,from_import
similarity_core_Old1\Archive\production_runtime_Old2.py,similarity_core.integration.hmme_runtime_executor,from_import
similarity_core_Old1\Archive\production_runtime_Old2.py,similarity_core.integration.result_collector,from_import
similarity_core_Old1\Archive\production_runtime_Old2.py,similarity_core.integration.functional_gateway,from_import
similarity_core_Old1\Archive\production_runtime_Old2.py,similarity_core.integration.ntis_data_bridge,from_import
similarity_core_Old1\Archive\production_runtime_Old2.py,similarity_core.reporting.hmme_production_report,from_import
similarity_core_Old1\Archive\production_runtime_Old2.py,similarity_core.integration.hmme_learning_bridge,from_import
similarity_core_Old1\Archive\production_runtime_old3.py,similarity_core.integration.execution_context,from_import
similarity_core_Old1\Archive\production_runtime_old3.py,similarity_core.integration.hmme_runtime_executor,from_import
similarity_core_Old1\Archive\production_runtime_old3.py,similarity_core.integration.result_collector,from_import
similarity_core_Old1\Archive\production_runtime_old3.py,similarity_core.integration.functional_gateway,from_import
similarity_core_Old1\Archive\production_runtime_old3.py,similarity_core.integration.ntis_data_bridge,from_import
similarity_core_Old1\Archive\production_runtime_old3.py,similarity_core.reporting.hmme_production_report,from_import
similarity_core_Old1\Archive\production_runtime_old3.py,similarity_core.integration.hmme_learning_bridge,from_import
similarity_core_Old1\Archive\production_runtime_old3.py,similarity_core.integration.hmme_replay_engine,from_import
similarity_core_Old1\Archive\production_runtime_old3.py,similarity_core.integration.hmme_outcome_calibration,from_import
similarity_core_Old1\integration\eod_consolidation_validation_v17.py,eod_data_resolution_core_v17,from_import
similarity_core_Old1\integration\eod_consolidation_validation_v17.py,eod_replay_dashboard_core_v17,from_import
similarity_core_Old1\integration\eod_consolidation_validation_v17.py,eod_runtime_control_core_v17,from_import
similarity_core_Old1\integration\eod_consolidation_validation_v17.py,eod_service_management_core_v17,from_import
similarity_core_Old1\integration\eod_consolidation_validation_v17.py,eod_governance_audit_core_v17,from_import
similarity_core_Old1\integration\eod_consolidation_validation_v17.py,eod_production_control_core_v17,from_import
similarity_core_Old1\integration\eod_consolidation_validation_v17.py,eod_final_integration_core_v17,from_import
similarity_core_Old1\integration\eod_data_resolution_activation_check_v17.py,similarity_core.integration.eod_data_resolution_core_v17,from_import
similarity_core_Old1\integration\eod_data_resolution_activation_check_v17.py,similarity_core.integration.eod_data_resolution_switch_controller_v17,from_import
similarity_core_Old1\integration\eod_data_resolution_compatibility_validation_v17.py,similarity_core.integration.eod_data_resolution_core_v17,from_import
similarity_core_Old1\integration\eod_data_resolution_core_v17.py,datetime,from_import
similarity_core_Old1\integration\eod_data_resolution_dry_run_activation_v17.py,similarity_core.integration.eod_data_resolution_core_v17,from_import
similarity_core_Old1\integration\eod_data_resolution_dry_run_activation_v17.py,similarity_core.integration.eod_data_resolution_switch_controller_v17,from_import
similarity_core_Old1\integration\eod_data_resolution_shadow_validation_v17.py,similarity_core.integration.eod_data_resolution_core_v17,from_import
similarity_core_Old1\integration\eod_date_resolver_v17.py,pathlib,from_import
similarity_core_Old1\integration\eod_date_resolver_v17.py,re,import
similarity_core_Old1\integration\eod_date_resolver_v17.py,datetime,from_import
similarity_core_Old1\integration\eod_intelligence_context_engine_v17.py,pandas,import
similarity_core_Old1\integration\eod_intelligence_engine_v17.py,pandas,import
similarity_core_Old1\integration\eod_intelligence_engine_v17_v2.py,pandas,import
similarity_core_Old1\integration\eod_intelligence_engine_v17_v3.py,pathlib,from_import
similarity_core_Old1\integration\eod_intelligence_engine_v17_v3.py,pandas,import
similarity_core_Old1\integration\eod_intelligence_engine_v17_v3.py,eod_date_resolver_v17,from_import
similarity_core_Old1\integration\eod_intelligence_output_v17.py,pandas,import
similarity_core_Old1\integration\eod_replay_dashboard_core_v17.py,datetime,from_import
similarity_core_Old1\integration\eod_v17_active_module_cross_check.py,pathlib,from_import
similarity_core_Old1\integration\eod_v17_archive_plan_generator.py,pathlib,from_import
similarity_core_Old1\integration\eod_v17_controlled_archive_move_tool.py,pathlib,from_import
similarity_core_Old1\integration\eod_v17_controlled_archive_move_tool.py,shutil,import
similarity_core_Old1\integration\eod_v17_dependency_impact_analyzer.py,pathlib,from_import
similarity_core_Old1\integration\eod_v17_dependency_impact_analyzer.py,ast,import
similarity_core_Old1\integration\eod_v17_file_classification_report.py,pathlib,from_import
similarity_core_Old1\integration\eod_v17_final_archive_executor.py,pathlib,from_import
similarity_core_Old1\integration\eod_v17_final_archive_executor.py,shutil,import
similarity_core_Old1\integration\eod_v17_final_archive_executor.py,datetime,from_import
similarity_core_Old1\integration\execution_context.py,datetime,from_import
similarity_core_Old1\integration\execution_context.py,uuid,import
similarity_core_Old1\integration\functional_gateway.py,similarity_core.adapters.legacy_engine_adapter,from_import
similarity_core_Old1\integration\functional_gateway.py,similarity_core.adapters.similarity_engine_adapter,from_import
similarity_core_Old1\integration\functional_gateway.py,similarity_core.adapters.probability_engine_adapter,from_import
similarity_core_Old1\integration\functional_gateway.py,similarity_core.adapters.calibration_adapter,from_import
similarity_core_Old1\integration\hmme_calibration_engine_v16.py,pathlib,from_import
similarity_core_Old1\integration\hmme_calibration_engine_v16.py,pandas,import
similarity_core_Old1\integration\hmme_dataset_importer.py,pathlib,from_import
similarity_core_Old1\integration\hmme_dataset_importer.py,pandas,import
similarity_core_Old1\integration\hmme_dataset_importer_1.py,pathlib,from_import
similarity_core_Old1\integration\hmme_dataset_importer_1.py,pandas,import
similarity_core_Old1\integration\hmme_eod_feature_builder_v17.py,pandas,import
similarity_core_Old1\integration\hmme_eod_feature_builder_v17_v2.py,pandas,import
similarity_core_Old1\integration\hmme_eod_history_builder_v17.py,pathlib,from_import
similarity_core_Old1\integration\hmme_eod_history_builder_v17.py,pandas,import
similarity_core_Old1\integration\hmme_eod_history_builder_v17.py,re,import
similarity_core_Old1\integration\hmme_feature_engine_v17.py,pandas,import
similarity_core_Old1\integration\hmme_historical_data_loader.py,pathlib,from_import
similarity_core_Old1\integration\hmme_historical_data_loader.py,pandas,import
similarity_core_Old1\integration\hmme_historical_data_loader_v16.py,pathlib,from_import
similarity_core_Old1\integration\hmme_historical_data_loader_v16.py,pandas,import
similarity_core_Old1\integration\hmme_learning_engine_v16.py,pathlib,from_import
similarity_core_Old1\integration\hmme_learning_engine_v16.py,pandas,import
similarity_core_Old1\integration\hmme_master_dataset_builder_v17.py,pathlib,from_import
similarity_core_Old1\integration\hmme_master_dataset_builder_v17.py,pandas,import
similarity_core_Old1\integration\hmme_memory_manager_v16.py,pathlib,from_import
similarity_core_Old1\integration\hmme_memory_manager_v16.py,pandas,import
similarity_core_Old1\integration\hmme_ohlc_importer_v17.py,pathlib,from_import
similarity_core_Old1\integration\hmme_ohlc_importer_v17.py,pandas,import
similarity_core_Old1\integration\hmme_probability_adapter_v16.py,pathlib,from_import
similarity_core_Old1\integration\hmme_probability_adapter_v16.py,pandas,import
similarity_core_Old1\integration\hmme_production_bridge_v16.py,similarity_core.integration.hmme_v16_master_controller,from_import
similarity_core_Old1\integration\hmme_production_runtime_adapter_v16.py,similarity_core.integration.hmme_runtime_patch_v16,from_import
similarity_core_Old1\integration\hmme_replay_dataset_builder_v16.py,pathlib,from_import
similarity_core_Old1\integration\hmme_replay_dataset_builder_v16.py,pandas,import
similarity_core_Old1\integration\hmme_replay_dataset_builder_v16.py,similarity_core.integration.hmme_historical_data_loader_v16,from_import
similarity_core_Old1\integration\hmme_runtime_integration_v16.py,pathlib,from_import
similarity_core_Old1\integration\hmme_runtime_integration_v16.py,similarity_core.integration.hmme_probability_adapter_v16,from_import
similarity_core_Old1\integration\hmme_runtime_patch_v16.py,similarity_core.integration.hmme_production_bridge_v16,from_import
similarity_core_Old1\integration\hmme_v16_master_controller.py,similarity_core.integration.hmme_historical_data_loader_v16,from_import
similarity_core_Old1\integration\hmme_v16_master_controller.py,similarity_core.integration.hmme_replay_dataset_builder_v16,from_import
similarity_core_Old1\integration\hmme_v16_master_controller.py,similarity_core.integration.hmme_memory_manager_v16,from_import
similarity_core_Old1\integration\hmme_v16_master_controller.py,similarity_core.integration.hmme_learning_engine_v16,from_import
similarity_core_Old1\integration\hmme_v16_master_controller.py,similarity_core.integration.hmme_calibration_engine_v16,from_import
similarity_core_Old1\integration\hmme_v16_master_controller.py,similarity_core.integration.hmme_probability_adapter_v16,from_import
similarity_core_Old1\integration\ntis_architecture_inventory.py,pathlib,from_import
similarity_core_Old1\integration\ntis_architecture_inventory.py,csv,import
similarity_core_Old1\integration\ntis_architecture_inventory.py,datetime,from_import
similarity_core_Old1\integration\ntis_consolidation_candidate_report.py,pathlib,from_import
similarity_core_Old1\integration\ntis_consolidation_candidate_report.py,csv,import
similarity_core_Old1\integration\ntis_data_bridge.py,pathlib,from_import
similarity_core_Old1\integration\ntis_data_bridge.py,pandas,import
similarity_core_Old1\integration\ntis_data_resolution_consolidation_map.py,pathlib,from_import
similarity_core_Old1\integration\ntis_data_resolution_consolidation_map.py,csv,import
similarity_core_Old1\integration\ntis_module_family_mapping.py,pathlib,from_import
similarity_core_Old1\integration\ntis_module_family_mapping.py,csv,import
similarity_core_Old1\integration\ntis_module_ownership_mapping.py,pathlib,from_import
similarity_core_Old1\integration\ntis_module_ownership_mapping.py,csv,import
similarity_core_Old1\integration\ntis_runtime_consolidation_map.py,pathlib,from_import
similarity_core_Old1\integration\ntis_runtime_consolidation_map.py,csv,import
similarity_core_Old1\integration\production_runtime.py,similarity_core.integration.execution_context,from_import
similarity_core_Old1\integration\production_runtime.py,similarity_core.integration.hmme_runtime_executor,from_import
similarity_core_Old1\integration\production_runtime.py,similarity_core.integration.result_collector,from_import
similarity_core_Old1\integration\production_runtime.py,similarity_core.integration.functional_gateway,from_import
similarity_core_Old1\integration\production_runtime.py,similarity_core.reporting.hmme_production_report,from_import
similarity_core_Old1\integration\production_runtime.py,similarity_core.integration.hmme_learning_bridge,from_import
similarity_core_Old1\integration\production_runtime.py,similarity_core.integration.hmme_replay_engine,from_import
similarity_core_Old1\integration\production_runtime.py,similarity_core.integration.hmme_outcome_calibration,from_import
similarity_core_Old1\integration\production_runtime.py,similarity_core.integration.hmme_historical_data_loader,from_import
similarity_core_Old1\integration\production_runtime.py,similarity_core.integration.hmme_historical_replay_adapter,from_import
similarity_core_Old1\integration\production_runtime.py,similarity_core.integration.hmme_real_replay_controller,from_import
similarity_core_Old1\integration\production_runtime4.py,similarity_core.integration.execution_context,from_import
similarity_core_Old1\integration\production_runtime4.py,similarity_core.integration.hmme_runtime_executor,from_import
similarity_core_Old1\integration\production_runtime4.py,similarity_core.integration.result_collector,from_import
similarity_core_Old1\integration\production_runtime4.py,similarity_core.integration.functional_gateway,from_import
similarity_core_Old1\integration\production_runtime4.py,similarity_core.integration.ntis_data_bridge,from_import
similarity_core_Old1\integration\production_runtime4.py,similarity_core.reporting.hmme_production_report,from_import
similarity_core_Old1\integration\production_runtime4.py,similarity_core.integration.hmme_learning_bridge,from_import
similarity_core_Old1\integration\production_runtime4.py,similarity_core.integration.hmme_replay_engine,from_import
similarity_core_Old1\integration\production_runtime4.py,similarity_core.integration.hmme_outcome_calibration,from_import
similarity_core_Old1\integration\production_runtime4.py,similarity_core.integration.hmme_historical_data_loader,from_import
similarity_core_Old1\integration\production_runtime4.py,similarity_core.integration.hmme_historical_replay_adapter,from_import
similarity_core_Old1\integration\swing_confidence_engine_v17.py,pandas,import
similarity_core_Old1\integration\swing_intelligence_scorer_v17.py,pandas,import
similarity_core_Old1\integration\swing_setup_context_v17.py,pandas,import
similarity_core_Old1\reporting\hmme_production_report.py,pathlib,from_import
similarity_core_Old1\reporting\hmme_production_report.py,pandas,import
similarity_core_clean\adapters\calibration_adapter.py,similarity.calibration_engine,from_import
similarity_core_clean\adapters\legacy_engine_adapter.py,similarity.hmme_engine,from_import
similarity_core_clean\adapters\probability_engine_adapter.py,probability_engine,from_import
similarity_core_clean\adapters\similarity_engine_adapter.py,similarity.historical_similarity_engine,from_import
similarity_core_clean\integration\eod_data_resolution_activation_check_v17.py,similarity_core.integration.eod_data_resolution_core_v17,from_import
similarity_core_clean\integration\eod_data_resolution_activation_check_v17.py,similarity_core.integration.eod_data_resolution_switch_controller_v17,from_import
similarity_core_clean\integration\eod_data_resolution_core_v17.py,datetime,from_import
similarity_core_clean\integration\execution_context.py,datetime,from_import
similarity_core_clean\integration\execution_context.py,uuid,import
similarity_core_clean\integration\functional_gateway.py,similarity_core.adapters.legacy_engine_adapter,from_import
similarity_core_clean\integration\functional_gateway.py,similarity_core.adapters.similarity_engine_adapter,from_import
similarity_core_clean\integration\functional_gateway.py,similarity_core.adapters.probability_engine_adapter,from_import
similarity_core_clean\integration\functional_gateway.py,similarity_core.adapters.calibration_adapter,from_import
similarity_core_clean\integration\hmme_historical_data_loader.py,pathlib,from_import
similarity_core_clean\integration\hmme_historical_data_loader.py,pandas,import
similarity_core_clean\integration\ntis_data_bridge.py,pathlib,from_import
similarity_core_clean\integration\ntis_data_bridge.py,pandas,import
similarity_core_clean\integration\production_runtime.py,similarity_core.integration.execution_context,from_import
similarity_core_clean\integration\production_runtime.py,similarity_core.integration.hmme_runtime_executor,from_import
similarity_core_clean\integration\production_runtime.py,similarity_core.integration.result_collector,from_import
similarity_core_clean\integration\production_runtime.py,similarity_core.integration.functional_gateway,from_import
similarity_core_clean\integration\production_runtime.py,similarity_core.reporting.hmme_production_report,from_import
similarity_core_clean\integration\production_runtime.py,similarity_core.integration.hmme_learning_bridge,from_import
similarity_core_clean\integration\production_runtime.py,similarity_core.integration.hmme_replay_engine,from_import
similarity_core_clean\integration\production_runtime.py,similarity_core.integration.hmme_outcome_calibration,from_import
similarity_core_clean\integration\production_runtime.py,similarity_core.integration.hmme_historical_data_loader,from_import
similarity_core_clean\integration\production_runtime.py,similarity_core.integration.hmme_historical_replay_adapter,from_import
similarity_core_clean\integration\production_runtime.py,similarity_core.integration.hmme_real_replay_controller,from_import
similarity_core_clean\reporting\hmme_production_report.py,pathlib,from_import
similarity_core_clean\reporting\hmme_production_report.py,pandas,import
Intraday\dashboard\dashboard_loader.py,__future__,from_import
Intraday\dashboard\dashboard_loader.py,datetime,from_import
Intraday\dashboard\dashboard_loader.py,pathlib,from_import
Intraday\dashboard\dashboard_loader.py,pandas,import
Intraday\dashboard\dashboard_loader.py,config_loader,from_import
Intraday\dashboard\dashboard_loader.py,intraday_latest_snapshot_resolver,from_import
Intraday\dashboard\dashboard_sidebar.py,__future__,from_import
Intraday\dashboard\dashboard_sidebar.py,streamlit,import
Intraday\dashboard\dashboard_sidebar.py,pandas,import
Intraday\dashboard\__init__.py,dashboard_loader,from_import
Intraday\dashboard\__init__.py,dashboard_sidebar,from_import
Intraday\NTIS_Intraday_Scanner\ntis_intraday_scanner.py,pathlib,from_import
Intraday\NTIS_Intraday_Scanner\ntis_intraday_scanner.py,json,import
Intraday\NTIS_Intraday_Scanner\ntis_intraday_scanner.py,scanners.module_scanner,from_import
Intraday\NTIS_Intraday_Scanner\ntis_intraday_scanner.py,scanners.dependency_scanner,from_import
Intraday\NTIS_Intraday_Scanner\ntis_intraday_scanner.py,scanners.dataflow_scanner,from_import
Intraday\NTIS_Intraday_Scanner\ntis_intraday_scanner.py,scanners.intelligence_scanner,from_import
Intraday\NTIS_Intraday_Scanner\ntis_intraday_scanner.py,scanners.dashboard_scanner,from_import
Intraday\NTIS_Intraday_Scanner\scanners\dashboard_scanner.py,pathlib,from_import
Intraday\NTIS_Intraday_Scanner\scanners\dataflow_scanner.py,pathlib,from_import
Intraday\NTIS_Intraday_Scanner\scanners\dependency_scanner.py,pathlib,from_import
Intraday\NTIS_Intraday_Scanner\scanners\dependency_scanner.py,ast,import
Intraday\NTIS_Intraday_Scanner\scanners\intelligence_scanner.py,pathlib,from_import
Intraday\NTIS_Intraday_Scanner\scanners\module_scanner.py,pathlib,from_import
Intraday\NTIS_Intraday_Scanner\scanners\module_scanner.py,ast,import
EOD_Dashboard\app\dashboard_app - Copy (2).py,sys,import
EOD_Dashboard\app\dashboard_app - Copy (2).py,pathlib,from_import
EOD_Dashboard\app\dashboard_app - Copy (2).py,streamlit,import
EOD_Dashboard\app\dashboard_app - Copy (2).py,EOD_Dashboard.components.dashboard_header,from_import
EOD_Dashboard\app\dashboard_app - Copy (2).py,EOD_Dashboard.components.sidebar,from_import
EOD_Dashboard\app\dashboard_app - Copy (2).py,EOD_Dashboard.components.status_bar,from_import
EOD_Dashboard\app\dashboard_app - Copy (2).py,EOD_Dashboard.pages.market_overview,from_import
EOD_Dashboard\app\dashboard_app - Copy (2).py,EOD_Dashboard.pages.historical_analysis,from_import
EOD_Dashboard\app\dashboard_app - Copy (3).py,sys,import
EOD_Dashboard\app\dashboard_app - Copy (3).py,pathlib,from_import
EOD_Dashboard\app\dashboard_app - Copy (3).py,streamlit,import
EOD_Dashboard\app\dashboard_app - Copy (3).py,EOD_Dashboard.components.dashboard_header,from_import
EOD_Dashboard\app\dashboard_app - Copy (3).py,EOD_Dashboard.components.sidebar,from_import
EOD_Dashboard\app\dashboard_app - Copy (3).py,EOD_Dashboard.components.status_bar,from_import
EOD_Dashboard\app\dashboard_app - Copy (3).py,EOD_Dashboard.pages.page_registry,from_import
EOD_Dashboard\app\dashboard_app - Copy.py,sys,import
EOD_Dashboard\app\dashboard_app - Copy.py,pathlib,from_import
EOD_Dashboard\app\dashboard_app - Copy.py,streamlit,import
EOD_Dashboard\app\dashboard_app - Copy.py,EOD_Dashboard.components.sidebar,from_import
EOD_Dashboard\app\dashboard_app - Copy.py,EOD_Dashboard.components.status_bar,from_import
EOD_Dashboard\app\dashboard_app - Copy.py,EOD_Dashboard.pages.market_overview,from_import
EOD_Dashboard\app\dashboard_app - Copy.py,EOD_Dashboard.pages.historical_analysis,from_import
EOD_Dashboard\app\dashboard_app.py,sys,import
EOD_Dashboard\app\dashboard_app.py,pathlib,from_import
EOD_Dashboard\app\dashboard_app.py,streamlit,import
EOD_Dashboard\app\dashboard_app.py,EOD_Dashboard.components.dashboard_header,from_import
EOD_Dashboard\app\dashboard_app.py,EOD_Dashboard.components.sidebar,from_import
EOD_Dashboard\app\dashboard_app.py,EOD_Dashboard.components.status_bar,from_import
EOD_Dashboard\app\dashboard_app.py,EOD_Dashboard.pages.page_registry,from_import
EOD_Dashboard\app\dashboard_app_original.py,sys,import
EOD_Dashboard\app\dashboard_app_original.py,pathlib,from_import
EOD_Dashboard\app\dashboard_app_original.py,streamlit,import
EOD_Dashboard\app\dashboard_app_original.py,EOD_Dashboard.components.dashboard_header,from_import
EOD_Dashboard\app\dashboard_app_original.py,EOD_Dashboard.components.sidebar,from_import
EOD_Dashboard\app\dashboard_app_original.py,EOD_Dashboard.components.status_bar,from_import
EOD_Dashboard\app\dashboard_app_original.py,EOD_Dashboard.pages.page_registry,from_import
EOD_Dashboard\components\dashboard_cards - Copy.py,streamlit,import
EOD_Dashboard\components\dashboard_cards.py,streamlit,import
EOD_Dashboard\components\dashboard_cards.py,pandas,import
EOD_Dashboard\components\dashboard_header - Copy (2).py,datetime,from_import
EOD_Dashboard\components\dashboard_header - Copy (2).py,streamlit,import
EOD_Dashboard\components\dashboard_header - Copy.py,datetime,from_import
EOD_Dashboard\components\dashboard_header.py,datetime,from_import
EOD_Dashboard\components\dashboard_header.py,streamlit,import
EOD_Dashboard\components\date_selector - Copy.py,streamlit,import
EOD_Dashboard\components\date_selector.py,streamlit,import
EOD_Dashboard\components\date_selector.py,datetime,from_import
EOD_Dashboard\components\intelligence_charts.py,__future__,from_import
EOD_Dashboard\components\intelligence_charts.py,pandas,import
EOD_Dashboard\components\intelligence_charts.py,streamlit,import
EOD_Dashboard\components\intelligence_charts.py,plotly.express,import
EOD_Dashboard\components\intelligence_filters.py,__future__,from_import
EOD_Dashboard\components\intelligence_filters.py,pandas,import
EOD_Dashboard\components\intelligence_filters.py,streamlit,import
EOD_Dashboard\components\intelligence_table.py,__future__,from_import
EOD_Dashboard\components\intelligence_table.py,typing,from_import
EOD_Dashboard\components\intelligence_table.py,pandas,import
EOD_Dashboard\components\intelligence_table.py,streamlit,import
EOD_Dashboard\components\sidebar - Copy (2).py,streamlit,import
EOD_Dashboard\components\sidebar - Copy (3).py,streamlit,import
EOD_Dashboard\components\sidebar - Copy.py,streamlit,import
EOD_Dashboard\components\sidebar.py,__future__,from_import
EOD_Dashboard\components\sidebar.py,streamlit,import
EOD_Dashboard\components\status_bar - Copy (2).py,streamlit,import
EOD_Dashboard\components\status_bar - Copy (2).py,datetime,from_import
EOD_Dashboard\components\status_bar - Copy (2).py,pathlib,from_import
EOD_Dashboard\components\status_bar - Copy.py,streamlit,import
EOD_Dashboard\components\status_bar - Copy.py,datetime,from_import
EOD_Dashboard\components\status_bar.py,__future__,from_import
EOD_Dashboard\components\status_bar.py,datetime,from_import
EOD_Dashboard\components\status_bar.py,pathlib,from_import
EOD_Dashboard\components\status_bar.py,streamlit,import
EOD_Dashboard\components\summary_cards - Copy (2).py,streamlit,import
EOD_Dashboard\components\summary_cards - Copy (2).py,pandas,import
EOD_Dashboard\components\summary_cards - Copy.py,streamlit,import
EOD_Dashboard\components\summary_cards.py,__future__,from_import
EOD_Dashboard\components\summary_cards.py,pandas,import
EOD_Dashboard\components\summary_cards.py,streamlit,import
EOD_Dashboard\config\dashboard_config - Copy.py,pathlib,from_import
EOD_Dashboard\config\dashboard_config.py,pathlib,from_import
EOD_Dashboard\config\dashboard_config.py,datetime,from_import
EOD_Dashboard\data\data_loader - Copy.py,datetime,from_import
EOD_Dashboard\data\data_loader - Copy.py,pandas,import
EOD_Dashboard\data\data_loader - Copy.py,EOD_Dashboard.config.dashboard_config,from_import
EOD_Dashboard\data\data_loader.py,datetime,from_import
EOD_Dashboard\data\data_loader.py,pathlib,from_import
EOD_Dashboard\data\data_loader.py,pandas,import
EOD_Dashboard\data\data_loader.py,EOD_Dashboard.config.dashboard_config,from_import
EOD_Dashboard\data\data_validator - Copy.py,pathlib,from_import
EOD_Dashboard\data\data_validator - Copy.py,datetime,from_import
EOD_Dashboard\data\data_validator - Copy.py,EOD_Dashboard.config.dashboard_config,from_import
EOD_Dashboard\data\data_validator.py,pathlib,from_import
EOD_Dashboard\data\data_validator.py,datetime,from_import
EOD_Dashboard\data\data_validator.py,EOD_Dashboard.config.dashboard_config,from_import
EOD_Dashboard\data\historical_loader - Copy.py,re,import
EOD_Dashboard\data\historical_loader - Copy.py,pathlib,from_import
EOD_Dashboard\data\historical_loader - Copy.py,pandas,import
EOD_Dashboard\data\historical_loader - Copy.py,EOD_Dashboard.config.dashboard_config,from_import
EOD_Dashboard\data\historical_loader.py,__future__,from_import
EOD_Dashboard\data\historical_loader.py,re,import
EOD_Dashboard\data\historical_loader.py,pathlib,from_import
EOD_Dashboard\data\historical_loader.py,pandas,import
EOD_Dashboard\data\historical_loader.py,EOD_Dashboard.config.dashboard_config,from_import
EOD_Dashboard\data\intelligence_builder.py,__future__,from_import
EOD_Dashboard\data\intelligence_builder.py,pandas,import
EOD_Dashboard\data\intelligence_builder.py,EOD_Dashboard.data.data_loader,from_import
EOD_Dashboard\modules\dashboard_metrics - Copy.py,__future__,from_import
EOD_Dashboard\modules\dashboard_metrics - Copy.py,pandas,import
EOD_Dashboard\modules\dashboard_metrics.py,__future__,from_import
EOD_Dashboard\modules\dashboard_metrics.py,pandas,import
EOD_Dashboard\modules\historical_intelligence - Copy.py,__future__,from_import
EOD_Dashboard\modules\historical_intelligence - Copy.py,pandas,import
EOD_Dashboard\modules\historical_intelligence.py,__future__,from_import
EOD_Dashboard\modules\historical_intelligence.py,pandas,import
EOD_Dashboard\modules\market_breadth - Copy.py,__future__,from_import
EOD_Dashboard\modules\market_breadth - Copy.py,pandas,import
EOD_Dashboard\modules\market_breadth.py,__future__,from_import
EOD_Dashboard\modules\market_breadth.py,pandas,import
EOD_Dashboard\pages\buy_intelligence.py,__future__,from_import
EOD_Dashboard\pages\buy_intelligence.py,streamlit,import
EOD_Dashboard\pages\buy_intelligence.py,EOD_Dashboard.data.intelligence_builder,from_import
EOD_Dashboard\pages\buy_intelligence.py,EOD_Dashboard.components.intelligence_filters,from_import
EOD_Dashboard\pages\buy_intelligence.py,EOD_Dashboard.components.intelligence_charts,from_import
EOD_Dashboard\pages\buy_intelligence.py,EOD_Dashboard.components.intelligence_table,from_import
EOD_Dashboard\pages\buy_opportunities.py,__future__,from_import
EOD_Dashboard\pages\buy_opportunities.py,pandas,import
EOD_Dashboard\pages\buy_opportunities.py,streamlit,import
EOD_Dashboard\pages\buy_opportunities.py,EOD_Dashboard.data.data_loader,from_import
EOD_Dashboard\pages\buy_opportunities.py,EOD_Dashboard.components.summary_cards,from_import
EOD_Dashboard\pages\historical_analysis - Copy.py,streamlit,import
EOD_Dashboard\pages\historical_analysis - Copy.py,EOD_Dashboard.data.historical_loader,from_import
EOD_Dashboard\pages\historical_analysis.py,streamlit,import
EOD_Dashboard\pages\historical_analysis.py,EOD_Dashboard.data.historical_loader,from_import
EOD_Dashboard\pages\historical_analysis.py,EOD_Dashboard.components.date_selector,from_import
EOD_Dashboard\pages\historical_replay.py,__future__,from_import
EOD_Dashboard\pages\historical_replay.py,streamlit,import
EOD_Dashboard\pages\historical_replay.py,EOD_Dashboard.data.historical_loader,from_import
EOD_Dashboard\pages\historical_replay.py,EOD_Dashboard.components.date_selector,from_import
EOD_Dashboard\pages\historical_replay.py,EOD_Dashboard.components.intelligence_filters,from_import
EOD_Dashboard\pages\historical_replay.py,EOD_Dashboard.components.intelligence_charts,from_import
EOD_Dashboard\pages\historical_replay.py,EOD_Dashboard.components.intelligence_table,from_import
EOD_Dashboard\pages\market_overview - Copy.py,streamlit,import
EOD_Dashboard\pages\market_overview - Copy.py,EOD_Dashboard.data.data_loader,from_import
EOD_Dashboard\pages\market_overview - Copy.py,EOD_Dashboard.components.dashboard_cards,from_import
EOD_Dashboard\pages\market_overview.py,streamlit,import
EOD_Dashboard\pages\market_overview.py,pandas,import
EOD_Dashboard\pages\market_overview.py,EOD_Dashboard.data.data_loader,from_import
EOD_Dashboard\pages\market_overview.py,EOD_Dashboard.components.dashboard_cards,from_import
EOD_Dashboard\pages\oi_intelligence.py,__future__,from_import
EOD_Dashboard\pages\oi_intelligence.py,streamlit,import
EOD_Dashboard\pages\oi_intelligence.py,EOD_Dashboard.data.data_loader,from_import
EOD_Dashboard\pages\oi_intelligence.py,EOD_Dashboard.components.intelligence_filters,from_import
EOD_Dashboard\pages\oi_intelligence.py,EOD_Dashboard.components.intelligence_charts,from_import
EOD_Dashboard\pages\oi_intelligence.py,EOD_Dashboard.components.intelligence_table,from_import
EOD_Dashboard\pages\page_registry - Copy (2).py,EOD_Dashboard.pages.market_overview,from_import
EOD_Dashboard\pages\page_registry - Copy (2).py,EOD_Dashboard.pages.historical_analysis,from_import
EOD_Dashboard\pages\page_registry - Copy (3).py,EOD_Dashboard.pages.market_overview,from_import
EOD_Dashboard\pages\page_registry - Copy (3).py,EOD_Dashboard.pages.historical_analysis,from_import
EOD_Dashboard\pages\page_registry - Copy (3).py,streamlit,import
EOD_Dashboard\pages\page_registry.py,__future__,from_import
EOD_Dashboard\pages\page_registry.py,EOD_Dashboard.pages.market_overview,from_import
EOD_Dashboard\pages\page_registry.py,EOD_Dashboard.pages.historical_analysis,from_import
EOD_Dashboard\pages\page_registry.py,EOD_Dashboard.pages.historical_replay,from_import
EOD_Dashboard\pages\page_registry.py,EOD_Dashboard.pages.buy_opportunities,from_import
EOD_Dashboard\pages\page_registry.py,EOD_Dashboard.pages.sell_opportunities,from_import
EOD_Dashboard\pages\page_registry.py,EOD_Dashboard.pages.probability_ranking,from_import
EOD_Dashboard\pages\page_registry.py,EOD_Dashboard.pages.oi_intelligence,from_import
EOD_Dashboard\pages\page_registry.py,EOD_Dashboard.pages.support_intelligence,from_import
EOD_Dashboard\pages\page_registry.py,EOD_Dashboard.pages.resistance_intelligence,from_import
EOD_Dashboard\pages\page_registry.py,EOD_Dashboard.pages.pattern_intelligence,from_import
EOD_Dashboard\pages\page_registry.py,EOD_Dashboard.pages.buy_intelligence,from_import
EOD_Dashboard\pages\page_registry.py,EOD_Dashboard.pages.sell_intelligence,from_import
EOD_Dashboard\pages\page_registry.py,EOD_Dashboard.pages.settings,from_import
EOD_Dashboard\pages\pattern_intelligence.py,__future__,from_import
EOD_Dashboard\pages\pattern_intelligence.py,streamlit,import
EOD_Dashboard\pages\pattern_intelligence.py,EOD_Dashboard.data.data_loader,from_import
EOD_Dashboard\pages\pattern_intelligence.py,EOD_Dashboard.components.intelligence_filters,from_import
EOD_Dashboard\pages\pattern_intelligence.py,EOD_Dashboard.components.intelligence_charts,from_import
EOD_Dashboard\pages\pattern_intelligence.py,EOD_Dashboard.components.intelligence_table,from_import
EOD_Dashboard\pages\probability_ranking.py,__future__,from_import
EOD_Dashboard\pages\probability_ranking.py,streamlit,import
EOD_Dashboard\pages\probability_ranking.py,EOD_Dashboard.data.data_loader,from_import
EOD_Dashboard\pages\probability_ranking.py,EOD_Dashboard.components.intelligence_filters,from_import
EOD_Dashboard\pages\probability_ranking.py,EOD_Dashboard.components.intelligence_charts,from_import
EOD_Dashboard\pages\probability_ranking.py,EOD_Dashboard.components.intelligence_table,from_import
EOD_Dashboard\pages\resistance_intelligence.py,__future__,from_import
EOD_Dashboard\pages\resistance_intelligence.py,streamlit,import
EOD_Dashboard\pages\resistance_intelligence.py,EOD_Dashboard.data.data_loader,from_import
EOD_Dashboard\pages\resistance_intelligence.py,EOD_Dashboard.components.intelligence_filters,from_import
EOD_Dashboard\pages\resistance_intelligence.py,EOD_Dashboard.components.intelligence_charts,from_import
EOD_Dashboard\pages\resistance_intelligence.py,EOD_Dashboard.components.intelligence_table,from_import
EOD_Dashboard\pages\sell_intelligence.py,__future__,from_import
EOD_Dashboard\pages\sell_intelligence.py,streamlit,import
EOD_Dashboard\pages\sell_intelligence.py,EOD_Dashboard.data.intelligence_builder,from_import
EOD_Dashboard\pages\sell_intelligence.py,EOD_Dashboard.components.intelligence_filters,from_import
EOD_Dashboard\pages\sell_intelligence.py,EOD_Dashboard.components.intelligence_charts,from_import
EOD_Dashboard\pages\sell_intelligence.py,EOD_Dashboard.components.intelligence_table,from_import
EOD_Dashboard\pages\sell_opportunities.py,__future__,from_import
EOD_Dashboard\pages\sell_opportunities.py,pandas,import
EOD_Dashboard\pages\sell_opportunities.py,streamlit,import
EOD_Dashboard\pages\sell_opportunities.py,EOD_Dashboard.data.data_loader,from_import
EOD_Dashboard\pages\sell_opportunities.py,EOD_Dashboard.components.summary_cards,from_import
EOD_Dashboard\pages\sell_opportunities.py,EOD_Dashboard.components.intelligence_table,from_import
EOD_Dashboard\pages\settings.py,__future__,from_import
EOD_Dashboard\pages\settings.py,streamlit,import
EOD_Dashboard\pages\settings.py,EOD_Dashboard.config.dashboard_config,from_import
EOD_Dashboard\pages\support_intelligence.py,__future__,from_import
EOD_Dashboard\pages\support_intelligence.py,streamlit,import
EOD_Dashboard\pages\support_intelligence.py,EOD_Dashboard.data.data_loader,from_import
EOD_Dashboard\pages\support_intelligence.py,EOD_Dashboard.components.intelligence_filters,from_import
EOD_Dashboard\pages\support_intelligence.py,EOD_Dashboard.components.intelligence_charts,from_import
EOD_Dashboard\pages\support_intelligence.py,EOD_Dashboard.components.intelligence_table,from_import
EOD_Dashboard\styles\dashboard_style.py,streamlit,import
